timestamp,open,high,low,close,volume
2026-04-19 14:57:00,627.6,627.6,626.8,627.0,68.028369
2026-04-19 15:00:00,626.9,627.1,626.0,626.1,17.347541
2026-04-19 15:03:00,626.2,627.4,626.2,626.4,210.874036
2026-04-19 15:06:00,626.4,626.5,626.0,626.5,15.029029
2026-04-19 15:09:00,626.6,626.6,626.4,626.4,5.03321
2026-04-19 15:12:00,626.4,626.8,625.9,626.1,124.910095
2026-04-19 15:15:00,626.1,626.7,626.1,626.6,13.560651
2026-04-19 15:18:00,626.6,627.1,626.6,626.9,10.166146
2026-04-19 15:21:00,626.8,626.8,625.5,625.9,6.113602
2026-04-19 15:24:00,626.0,626.5,626.0,626.1,12.597361
2026-04-19 15:27:00,626.2,626.5,626.0,626.0,16.789076
2026-04-19 15:30:00,625.9,626.0,625.3,625.9,19.580203
2026-04-19 15:33:00,625.8,625.8,623.7,623.7,42.418548
2026-04-19 15:36:00,623.7,624.7,623.4,624.3,10.572401
2026-04-19 15:39:00,624.3,624.8,624.1,624.6,50.688745
2026-04-19 15:42:00,624.6,624.6,624.0,624.1,91.418393
2026-04-19 15:45:00,624.1,624.5,624.1,624.4,15.032441
2026-04-19 15:48:00,624.3,625.0,624.3,624.4,6.64216
2026-04-19 15:51:00,624.4,625.1,624.3,625.0,7.848704
2026-04-19 15:54:00,625.1,625.8,625.1,625.7,5.060397
2026-04-19 15:57:00,625.6,625.7,625.4,625.7,5.64813
2026-04-19 16:00:00,625.9,626.1,625.5,625.5,10.554125
2026-04-19 16:03:00,625.5,626.5,625.5,626.2,11.830192
2026-04-19 16:06:00,626.2,626.3,625.8,626.2,4.922852
2026-04-19 16:09:00,626.1,626.1,625.5,625.6,22.494629
2026-04-19 16:12:00,625.6,626.2,625.4,626.2,31.843996
2026-04-19 16:15:00,626.3,626.5,626.0,626.0,7.812366
2026-04-19 16:18:00,626.0,626.0,625.4,625.6,11.340171
2026-04-19 16:21:00,625.6,625.6,624.9,625.2,3.508625
2026-04-19 16:24:00,625.3,626.0,625.3,625.9,10.334773
2026-04-19 16:27:00,625.9,625.9,625.1,625.2,5.272534
2026-04-19 16:30:00,625.1,625.3,624.9,625.2,7.293836
2026-04-19 16:33:00,625.4,625.8,625.3,625.6,28.162958
2026-04-19 16:36:00,625.5,625.6,625.1,625.5,4.668229
2026-04-19 16:39:00,625.4,625.5,624.4,624.6,5.72978
2026-04-19 16:42:00,624.7,624.9,624.4,624.5,11.836476
2026-04-19 16:45:00,624.7,625.0,624.4,624.6,17.09595
2026-04-19 16:48:00,624.7,625.2,624.7,624.8,7.554725
2026-04-19 16:51:00,624.9,625.1,623.6,624.0,38.577744
2026-04-19 16:54:00,623.9,624.0,622.9,623.4,54.037726
2026-04-19 16:57:00,623.1,623.9,623.1,623.3,3.14706
2026-04-19 17:00:00,623.3,623.3,622.6,623.1,34.394009
2026-04-19 17:03:00,623.1,623.4,621.9,622.7,43.519422
2026-04-19 17:06:00,622.9,623.0,622.4,623.0,7.743599
2026-04-19 17:09:00,623.1,623.2,622.6,623.0,6.325737
2026-04-19 17:12:00,623.1,623.5,623.0,623.4,10.116622
2026-04-19 17:15:00,623.5,623.7,623.4,623.7,9.857291
2026-04-19 17:18:00,623.7,624.3,623.6,624.2,2.589923
2026-04-19 17:21:00,624.3,625.0,624.2,624.5,5.564025
2026-04-19 17:24:00,624.5,624.5,623.7,623.9,5.718045
2026-04-19 17:27:00,623.9,624.3,623.8,624.1,3.297749
2026-04-19 17:30:00,624.2,624.7,624.2,624.3,3.748664
2026-04-19 17:33:00,624.1,624.1,622.4,623.0,10.682579
2026-04-19 17:36:00,623.0,623.2,623.0,623.2,1.890521
2026-04-19 17:39:00,623.3,623.4,623.0,623.1,19.339143
2026-04-19 17:42:00,623.1,623.3,623.1,623.3,2.20627
2026-04-19 17:45:00,623.1,623.6,623.0,623.0,15.111731
2026-04-19 17:48:00,623.0,623.2,622.2,622.4,19.865973
2026-04-19 17:51:00,622.2,622.2,620.2,621.0,83.105178
2026-04-19 17:54:00,621.0,621.0,620.5,620.9,9.383237
2026-04-19 17:57:00,620.9,620.9,620.2,620.3,4.115364
2026-04-19 18:00:00,620.4,620.9,619.9,620.7,58.058217
2026-04-19 18:03:00,620.6,620.6,619.3,619.9,48.139236
2026-04-19 18:06:00,619.9,620.2,619.7,620.2,4.825622
2026-04-19 18:09:00,620.2,620.8,620.2,620.7,15.810489
2026-04-19 18:12:00,620.8,621.1,620.6,620.6,25.945446
2026-04-19 18:15:00,620.7,621.1,620.5,620.9,24.607183
2026-04-19 18:18:00,621.0,621.0,620.5,620.7,3.167475
2026-04-19 18:21:00,620.9,621.3,620.8,620.9,1.796052
2026-04-19 18:24:00,620.8,621.4,620.3,621.4,7.798941
2026-04-19 18:27:00,621.4,622.1,621.0,621.4,147.145388
2026-04-19 18:30:00,621.4,621.6,621.3,621.6,13.753221
2026-04-19 18:33:00,621.5,621.5,620.8,621.2,9.601418
2026-04-19 18:36:00,621.3,621.4,621.1,621.4,3.976657
2026-04-19 18:39:00,621.3,621.6,621.2,621.4,5.947503
2026-04-19 18:42:00,621.3,621.4,621.1,621.4,14.771993
2026-04-19 18:45:00,621.2,621.2,620.6,621.1,68.217902
2026-04-19 18:48:00,621.1,621.8,621.1,621.8,4.068861
2026-04-19 18:51:00,621.8,622.1,621.8,621.9,4.230601
2026-04-19 18:54:00,621.8,621.9,621.6,621.9,30.174134
2026-04-19 18:57:00,621.9,622.2,621.9,622.2,2.298937
2026-04-19 19:00:00,622.2,623.1,622.2,622.8,7.460607
2026-04-19 19:03:00,622.7,622.9,622.6,622.9,1.10285
2026-04-19 19:06:00,623.0,623.1,622.7,623.0,14.97157
2026-04-19 19:09:00,623.0,623.1,622.9,622.9,3.736383
2026-04-19 19:12:00,623.0,623.1,622.8,623.0,20.351396
2026-04-19 19:15:00,622.9,623.2,622.9,623.2,3.691817
2026-04-19 19:18:00,623.0,623.4,622.9,623.4,8.450772
2026-04-19 19:21:00,623.3,623.3,622.3,622.3,4.546842
2026-04-19 19:24:00,622.3,622.8,622.2,622.7,5.41475
2026-04-19 19:27:00,622.7,622.9,622.7,622.8,3.462066
2026-04-19 19:30:00,622.8,623.5,622.8,623.1,7.312406
2026-04-19 19:33:00,623.1,623.1,622.6,622.8,3.448206
2026-04-19 19:36:00,622.7,622.8,622.5,622.8,1.712096
2026-04-19 19:39:00,622.8,623.0,622.7,622.9,3.970517
2026-04-19 19:42:00,623.0,623.0,622.5,622.6,7.167901
2026-04-19 19:45:00,622.6,623.0,622.6,623.0,8.857809
2026-04-19 19:48:00,622.9,622.9,622.8,622.9,6.480091
2026-04-19 19:51:00,622.8,622.8,622.6,622.8,3.509829
2026-04-19 19:54:00,622.8,623.0,622.5,623.0,2.734299
2026-04-19 19:57:00,622.9,623.0,622.8,623.0,2.426603
2026-04-19 20:00:00,623.0,623.0,621.9,621.9,5.385743
2026-04-19 20:03:00,621.8,621.9,621.5,621.6,2.66286
2026-04-19 20:06:00,621.6,621.7,621.5,621.6,5.492877
2026-04-19 20:09:00,621.5,621.7,621.5,621.7,1.255526
2026-04-19 20:12:00,621.8,621.8,621.3,621.7,6.852728
2026-04-19 20:15:00,621.7,621.7,621.3,621.5,2.02563
2026-04-19 20:18:00,621.3,621.3,621.0,621.2,5.819472
2026-04-19 20:21:00,621.2,621.2,620.8,620.8,7.441748
2026-04-19 20:24:00,621.0,621.3,621.0,621.3,2.109789
2026-04-19 20:27:00,621.3,621.6,621.3,621.6,1.868928
2026-04-19 20:30:00,621.6,622.3,621.4,622.2,4.087707
2026-04-19 20:33:00,622.2,622.5,622.2,622.4,3.653036
2026-04-19 20:36:00,622.3,622.3,621.9,622.0,5.37723
2026-04-19 20:39:00,621.7,621.7,620.8,621.0,3.757966
2026-04-19 20:42:00,620.9,620.9,619.9,620.2,14.42855
2026-04-19 20:45:00,620.7,620.8,620.6,620.6,3.631141
2026-04-19 20:48:00,620.7,621.0,620.0,621.0,9.331961
2026-04-19 20:51:00,621.0,621.6,621.0,621.4,6.280474
2026-04-19 20:54:00,621.4,621.4,621.3,621.4,8.347165
2026-04-19 20:57:00,621.3,621.3,621.1,621.1,0.923003
2026-04-19 21:00:00,621.1,621.2,620.8,621.1,9.50466
2026-04-19 21:03:00,621.1,621.3,621.0,621.3,0.497592
2026-04-19 21:06:00,621.3,621.5,621.2,621.5,1.960398
2026-04-19 21:09:00,621.5,621.6,621.5,621.6,6.756343
2026-04-19 21:12:00,621.5,622.0,621.5,622.0,118.471829
2026-04-19 21:15:00,622.0,622.0,621.7,621.7,2.394905
2026-04-19 21:18:00,621.7,621.9,621.5,621.8,1.699467
2026-04-19 21:21:00,621.9,622.3,621.9,622.3,1.796079
2026-04-19 21:24:00,622.2,622.3,622.1,622.3,3.513307
2026-04-19 21:27:00,622.4,622.7,622.4,622.6,7.0266
2026-04-19 21:30:00,622.8,622.8,622.7,622.7,1.407985
2026-04-19 21:33:00,622.6,622.8,622.3,622.8,7.336841
2026-04-19 21:36:00,622.8,623.3,622.8,623.2,8.800489
2026-04-19 21:39:00,623.3,623.3,623.0,623.1,14.618094
2026-04-19 21:42:00,623.0,623.0,622.6,622.7,4.898227
2026-04-19 21:45:00,622.7,622.8,622.7,622.8,7.200263
2026-04-19 21:48:00,622.7,622.7,621.5,621.6,3.361496
2026-04-19 21:51:00,621.6,621.6,620.6,620.8,24.092729
2026-04-19 21:54:00,620.9,620.9,620.2,620.7,15.620855
2026-04-19 21:57:00,620.7,620.9,620.4,620.5,4.85037
2026-04-19 22:00:00,620.3,620.3,616.2,617.3,123.637235
2026-04-19 22:03:00,617.1,618.0,616.3,617.1,41.666206
2026-04-19 22:06:00,617.2,618.7,617.2,618.2,28.017866
2026-04-19 22:09:00,618.4,618.4,617.2,617.2,27.446853
2026-04-19 22:12:00,617.2,617.5,616.5,616.6,4.090379
2026-04-19 22:15:00,616.4,616.6,615.5,616.6,13.930298
2026-04-19 22:18:00,616.6,616.8,615.4,615.5,35.460862
2026-04-19 22:21:00,615.4,615.8,615.1,615.3,35.188318
2026-04-19 22:24:00,615.4,616.1,615.3,615.5,2.812862
2026-04-19 22:27:00,615.4,616.5,615.3,616.1,6.823277
2026-04-19 22:30:00,615.9,617.0,615.8,617.0,31.370184
2026-04-19 22:33:00,617.2,617.6,616.5,617.2,12.312352
2026-04-19 22:36:00,617.3,617.8,617.2,617.8,8.787317
2026-04-19 22:39:00,617.8,617.8,617.4,617.5,1.610162
2026-04-19 22:42:00,617.7,617.7,617.5,617.7,40.340929
2026-04-19 22:45:00,617.7,617.8,617.2,617.2,2.252472
2026-04-19 22:48:00,617.4,617.5,617.1,617.1,3.965193
2026-04-19 22:51:00,617.3,617.7,617.3,617.3,37.953238
2026-04-19 22:54:00,617.2,617.5,617.2,617.5,18.867192
2026-04-19 22:57:00,617.4,617.4,617.1,617.1,10.052964
2026-04-19 23:00:00,617.0,617.0,615.2,615.5,15.575301
2026-04-19 23:03:00,615.4,615.8,615.3,615.7,3.030048
2026-04-19 23:06:00,615.6,616.2,615.5,616.2,5.941761
2026-04-19 23:09:00,616.2,616.4,616.0,616.4,6.823345
2026-04-19 23:12:00,616.3,616.4,615.9,616.4,12.557455
2026-04-19 23:15:00,616.2,616.2,615.3,615.6,4.672842
2026-04-19 23:18:00,615.8,616.8,615.8,616.2,10.581904
2026-04-19 23:21:00,616.3,616.6,615.8,616.5,10.890691
2026-04-19 23:24:00,616.5,616.7,616.1,616.7,1.991778
2026-04-19 23:27:00,616.7,617.0,616.7,616.9,3.197536
2026-04-19 23:30:00,617.0,617.5,617.0,617.0,1.430371
2026-04-19 23:33:00,617.0,617.1,616.8,617.1,1.356998
2026-04-19 23:36:00,617.1,617.9,617.1,617.4,7.211122
2026-04-19 23:39:00,617.4,617.5,617.2,617.3,3.78468
2026-04-19 23:42:00,617.4,617.5,617.0,617.1,30.158692
2026-04-19 23:45:00,617.0,617.0,616.6,617.0,6.851212
2026-04-19 23:48:00,616.9,617.0,616.3,616.7,4.591684
2026-04-19 23:51:00,617.0,617.1,616.8,617.1,4.03102
2026-04-19 23:54:00,616.6,616.6,616.0,616.2,3.665146
2026-04-19 23:57:00,616.1,616.2,616.0,616.2,4.027551
2026-04-20 00:00:00,616.2,617.3,616.1,616.6,22.580354
2026-04-20 00:03:00,616.8,618.5,616.7,617.6,29.229366
2026-04-20 00:06:00,617.6,618.9,617.6,618.9,16.07833
2026-04-20 00:09:00,619.0,619.2,618.8,619.2,10.183364
2026-04-20 00:12:00,619.3,619.5,618.7,619.1,8.547135
2026-04-20 00:15:00,618.9,619.9,618.9,619.6,4.209141
2026-04-20 00:18:00,619.7,620.0,619.5,619.5,13.356424
2026-04-20 00:21:00,619.6,620.2,619.3,620.2,2.618565
2026-04-20 00:24:00,620.1,620.3,620.1,620.1,4.681041
2026-04-20 00:27:00,619.9,620.5,619.9,620.4,7.319291
2026-04-20 00:30:00,620.5,621.1,620.3,621.1,9.042474
2026-04-20 00:33:00,621.1,621.2,620.7,620.7,12.048507
2026-04-20 00:36:00,620.6,620.6,620.1,620.4,14.610944
2026-04-20 00:39:00,620.2,620.3,620.1,620.2,16.328816
2026-04-20 00:42:00,620.3,620.4,620.2,620.3,1.96609
2026-04-20 00:45:00,620.3,620.3,619.8,620.0,17.909004
2026-04-20 00:48:00,619.9,620.4,619.9,620.4,4.829324
2026-04-20 00:51:00,620.6,620.8,620.4,620.7,25.532163
2026-04-20 00:54:00,620.7,620.7,620.1,620.2,4.134857
2026-04-20 00:57:00,620.2,620.5,619.9,620.0,5.215391
2026-04-20 01:00:00,620.0,620.5,619.8,620.4,4.321962
2026-04-20 01:03:00,620.4,620.5,620.2,620.2,11.348575
2026-04-20 01:06:00,620.1,620.9,619.9,620.7,4.007939
2026-04-20 01:09:00,620.7,620.8,620.5,620.7,3.42474
2026-04-20 01:12:00,620.6,620.9,620.6,620.8,5.431131
2026-04-20 01:15:00,620.9,620.9,620.6,620.6,7.055497
2026-04-20 01:18:00,620.4,620.8,620.4,620.5,7.022348
2026-04-20 01:21:00,620.5,620.5,620.1,620.4,4.706283
2026-04-20 01:24:00,620.4,620.6,620.3,620.6,9.385103
2026-04-20 01:27:00,620.5,620.7,620.5,620.6,2.192964
2026-04-20 01:30:00,620.7,622.5,620.7,622.4,19.160269
2026-04-20 01:33:00,622.4,622.4,621.5,622.1,6.059627
2026-04-20 01:36:00,622.1,622.4,621.9,622.3,9.152395
2026-04-20 01:39:00,622.3,622.5,622.1,622.5,7.961266
2026-04-20 01:42:00,622.5,622.6,622.2,622.4,2.128317
2026-04-20 01:45:00,622.4,622.8,622.4,622.6,23.911147
2026-04-20 01:48:00,622.5,622.7,622.5,622.6,6.62051
2026-04-20 01:51:00,622.7,622.7,622.3,622.7,15.404281
2026-04-20 01:54:00,622.6,622.7,622.4,622.5,6.588604
2026-04-20 01:57:00,622.3,622.4,622.0,622.1,5.595257
2026-04-20 02:00:00,622.1,622.2,621.3,621.5,8.888407
2026-04-20 02:03:00,621.6,621.9,621.4,621.4,23.635142
2026-04-20 02:06:00,621.4,621.8,621.3,621.8,9.045256
2026-04-20 02:09:00,621.9,621.9,621.5,621.5,13.01659
2026-04-20 02:12:00,621.6,621.6,620.3,620.7,9.461177
2026-04-20 02:15:00,620.6,621.1,620.1,621.0,4.082321
2026-04-20 02:18:00,621.1,621.1,620.4,620.4,9.889206
2026-04-20 02:21:00,620.4,620.5,620.1,620.5,4.131267
2026-04-20 02:24:00,620.6,620.8,620.5,620.5,4.823527
2026-04-20 02:27:00,620.6,620.8,620.4,620.7,6.003735
2026-04-20 02:30:00,620.8,621.2,620.8,621.1,14.51857
2026-04-20 02:33:00,621.0,621.1,620.8,621.0,6.61612
2026-04-20 02:36:00,621.1,621.4,621.0,621.1,4.614586
2026-04-20 02:39:00,621.1,621.4,621.1,621.1,21.066412
2026-04-20 02:42:00,621.2,621.4,620.9,621.4,14.101665
2026-04-20 02:45:00,621.5,621.5,621.2,621.2,10.110037
2026-04-20 02:48:00,621.2,621.9,621.2,621.7,13.979493
2026-04-20 02:51:00,621.6,621.7,621.4,621.5,1.950547
2026-04-20 02:54:00,621.4,621.7,621.2,621.3,7.941865
2026-04-20 02:57:00,621.3,621.5,621.2,621.2,2.161071
2026-04-20 03:00:00,621.4,621.6,621.3,621.6,3.690377
2026-04-20 03:03:00,621.7,621.9,621.5,621.5,11.247603
2026-04-20 03:06:00,621.5,621.5,621.1,621.3,2.151629
2026-04-20 03:09:00,621.2,621.4,621.2,621.3,2.131042
2026-04-20 03:12:00,621.3,621.7,621.3,621.7,1.604631
2026-04-20 03:15:00,621.9,622.1,621.4,621.4,4.273865
2026-04-20 03:18:00,621.4,621.8,621.2,621.8,13.233303
2026-04-20 03:21:00,621.9,621.9,621.5,621.5,6.705455
2026-04-20 03:24:00,621.4,621.7,621.4,621.6,2.767572
2026-04-20 03:27:00,621.5,621.6,621.4,621.4,2.15819
2026-04-20 03:30:00,621.4,621.5,621.2,621.2,7.652998
2026-04-20 03:33:00,621.2,621.5,621.2,621.2,5.156114
2026-04-20 03:36:00,621.3,621.3,621.1,621.1,4.190439
2026-04-20 03:39:00,621.2,621.5,621.2,621.5,6.874456
2026-04-20 03:42:00,621.4,621.4,621.3,621.3,3.950177
2026-04-20 03:45:00,621.4,621.5,621.3,621.3,4.056206
2026-04-20 03:48:00,621.3,621.6,621.3,621.3,22.285664
2026-04-20 03:51:00,621.3,621.7,621.2,621.7,6.745375
2026-04-20 03:54:00,621.7,622.0,621.5,622.0,21.044027
2026-04-20 03:57:00,622.0,622.0,621.9,621.9,1.96158
2026-04-20 04:00:00,621.9,621.9,621.3,621.4,6.436506
2026-04-20 04:03:00,621.3,621.7,621.3,621.3,3.444238
2026-04-20 04:06:00,621.3,621.7,621.3,621.7,10.828929
2026-04-20 04:09:00,621.7,621.8,621.3,621.3,5.042152
2026-04-20 04:12:00,621.3,621.5,621.2,621.2,5.314262
2026-04-20 04:15:00,621.2,621.3,621.0,621.0,2.636455
2026-04-20 04:18:00,621.0,621.1,620.8,620.8,8.476872
2026-04-20 04:21:00,620.6,620.6,620.4,620.5,2.764213
2026-04-20 04:24:00,620.5,620.9,620.5,620.9,8.174741
2026-04-20 04:27:00,620.9,621.0,620.9,621.0,0.903222
2026-04-20 04:30:00,620.9,621.1,620.9,621.0,37.927287
2026-04-20 04:33:00,621.0,621.0,620.8,620.9,2.568921
2026-04-20 04:36:00,621.0,621.0,620.9,620.9,0.810493
2026-04-20 04:39:00,620.9,620.9,620.7,620.8,24.829818
2026-04-20 04:42:00,620.8,620.8,620.5,620.6,3.406996
2026-04-20 04:45:00,620.7,621.8,620.6,621.2,58.066513
2026-04-20 04:48:00,621.3,621.5,621.2,621.5,7.137671
2026-04-20 04:51:00,621.3,621.5,621.1,621.5,18.748036
2026-04-20 04:54:00,621.3,621.4,621.0,621.0,5.900628
2026-04-20 04:57:00,621.1,621.1,620.9,621.0,23.393906
2026-04-20 05:00:00,621.0,621.0,620.4,620.5,11.586252
2026-04-20 05:03:00,620.5,620.5,620.0,620.1,8.810221
2026-04-20 05:06:00,620.0,620.0,619.3,619.3,12.017677
2026-04-20 05:09:00,619.2,619.4,618.5,618.9,40.229093
2026-04-20 05:12:00,618.5,619.1,618.4,619.0,35.352184
2026-04-20 05:15:00,618.9,618.9,618.3,618.5,7.986299
2026-04-20 05:18:00,618.5,618.6,617.6,617.6,44.457099
2026-04-20 05:21:00,617.7,618.3,617.7,618.1,25.006061
2026-04-20 05:24:00,618.0,618.4,617.9,618.0,7.287008
2026-04-20 05:27:00,617.9,618.0,617.7,617.9,3.979653
2026-04-20 05:30:00,617.9,618.2,617.6,618.1,5.60247
2026-04-20 05:33:00,618.0,618.1,617.7,618.0,10.500369
2026-04-20 05:36:00,618.0,618.4,618.0,618.0,13.711531
2026-04-20 05:39:00,618.0,618.1,617.8,617.9,10.02907
2026-04-20 05:42:00,618.0,618.0,617.6,617.6,8.40378
2026-04-20 05:45:00,617.5,617.8,617.3,617.8,4.659924
2026-04-20 05:48:00,617.8,618.0,617.1,617.6,35.553022
2026-04-20 05:51:00,617.7,618.1,617.7,618.1,5.495613
2026-04-20 05:54:00,618.3,618.7,618.3,618.6,2.800535
2026-04-20 05:57:00,618.6,619.0,618.3,619.0,53.679173
2026-04-20 06:00:00,619.0,619.0,618.6,618.8,7.076525
2026-04-20 06:03:00,618.8,619.6,618.8,619.6,39.031749
2026-04-20 06:06:00,619.6,619.7,619.4,619.7,4.73659
2026-04-20 06:09:00,619.7,619.7,619.2,619.2,2.014538
2026-04-20 06:12:00,619.3,619.5,619.2,619.4,17.288863
2026-04-20 06:15:00,619.4,619.7,619.0,619.6,27.089022
2026-04-20 06:18:00,619.6,620.1,619.6,620.1,4.122554
2026-04-20 06:21:00,620.0,620.0,619.3,619.5,21.366849
2026-04-20 06:24:00,619.6,620.0,619.5,620.0,9.802258
2026-04-20 06:27:00,619.9,620.5,619.9,620.4,15.084635
2026-04-20 06:30:00,620.5,621.9,620.5,621.9,16.169252
2026-04-20 06:33:00,621.8,622.4,621.8,622.4,6.985181
2026-04-20 06:36:00,622.4,622.5,622.1,622.2,10.261473
2026-04-20 06:39:00,622.2,624.0,622.2,623.3,22.96069
2026-04-20 06:42:00,623.4,623.8,623.0,623.5,11.519252
2026-04-20 06:45:00,623.3,623.7,623.3,623.7,1.988027
2026-04-20 06:48:00,623.7,623.8,623.5,623.5,10.762352
2026-04-20 06:51:00,623.6,624.2,623.4,624.1,7.287842
2026-04-20 06:54:00,624.2,624.3,623.6,623.9,3.921474
2026-04-20 06:57:00,624.1,624.6,623.9,624.3,9.733412
2026-04-20 07:00:00,624.4,624.7,624.3,624.4,13.249248
2026-04-20 07:03:00,624.4,624.7,624.2,624.2,30.871168
2026-04-20 07:06:00,624.2,624.2,623.5,624.0,24.167235
2026-04-20 07:09:00,624.0,624.1,623.7,623.8,5.859421
2026-04-20 07:12:00,623.9,624.7,623.9,624.2,8.22741
2026-04-20 07:15:00,624.2,624.2,623.7,624.0,9.777338
2026-04-20 07:18:00,624.1,626.3,624.0,626.0,101.331813
2026-04-20 07:21:00,626.0,629.5,626.0,629.0,62.092729
2026-04-20 07:24:00,629.0,629.6,627.3,627.3,117.869556
2026-04-20 07:27:00,627.3,628.0,626.9,627.3,19.404201
2026-04-20 07:30:00,627.4,627.5,625.4,626.4,21.720913
2026-04-20 07:33:00,626.4,626.4,625.4,625.4,16.996133
2026-04-20 07:36:00,625.3,625.3,624.2,624.9,5.703863
2026-04-20 07:39:00,624.8,624.9,624.3,624.3,15.334876
2026-04-20 07:42:00,624.3,624.9,624.2,624.8,30.276717
2026-04-20 07:45:00,624.6,625.3,624.1,625.2,7.116956
2026-04-20 07:48:00,625.1,625.1,623.2,623.9,15.282343
2026-04-20 07:51:00,623.9,624.5,623.6,623.8,30.614718
2026-04-20 07:54:00,623.8,624.3,623.4,624.0,28.346742
2026-04-20 07:57:00,624.1,624.9,624.0,624.9,12.306143
2026-04-20 08:00:00,625.0,625.5,624.8,624.9,46.140454
2026-04-20 08:03:00,625.2,625.3,624.6,624.8,9.718271
2026-04-20 08:06:00,624.7,624.9,624.5,624.7,12.710841
2026-04-20 08:09:00,624.6,625.1,624.5,624.9,7.461352
2026-04-20 08:12:00,624.6,625.2,624.6,625.1,33.931597
2026-04-20 08:15:00,625.0,625.0,624.6,625.0,9.562747
2026-04-20 08:18:00,625.0,625.8,625.0,625.3,8.707623
2026-04-20 08:21:00,625.3,625.6,624.9,624.9,10.59908
2026-04-20 08:24:00,624.9,625.3,623.9,623.9,11.986223
2026-04-20 08:27:00,623.9,624.5,623.9,624.5,9.484582
2026-04-20 08:30:00,624.5,624.9,624.0,624.9,26.259906
2026-04-20 08:33:00,624.7,624.7,624.3,624.3,3.709879
2026-04-20 08:36:00,624.3,624.5,623.6,623.6,52.42815
2026-04-20 08:39:00,623.6,623.7,623.0,623.6,10.683017
2026-04-20 08:42:00,623.7,623.7,623.0,623.3,13.245718
2026-04-20 08:45:00,623.5,623.8,622.9,623.0,10.598522
2026-04-20 08:48:00,623.1,623.8,623.1,623.4,16.205238
2026-04-20 08:51:00,623.3,623.3,622.8,623.1,4.522764
2026-04-20 08:54:00,623.1,623.7,623.0,623.6,6.510952
2026-04-20 08:57:00,623.8,624.0,623.7,624.0,29.131175
2026-04-20 09:00:00,624.0,624.1,623.9,624.0,145.483871
2026-04-20 09:03:00,624.0,624.0,623.5,624.0,510.014964
2026-04-20 09:06:00,624.1,625.6,624.1,624.7,46.271025
2026-04-20 09:09:00,624.6,624.9,624.4,624.6,64.20334
2026-04-20 09:12:00,624.7,625.6,624.7,625.3,76.872772
2026-04-20 09:15:00,625.4,625.5,625.0,625.4,15.148074
2026-04-20 09:18:00,625.4,626.0,625.4,625.9,14.139198
2026-04-20 09:21:00,626.0,626.5,625.6,625.8,11.119062
2026-04-20 09:24:00,625.9,626.3,625.8,626.2,7.869162
2026-04-20 09:27:00,626.2,626.2,625.6,625.6,5.971583
2026-04-20 09:30:00,625.7,626.0,625.7,625.7,10.448512
2026-04-20 09:33:00,625.7,625.9,625.5,625.8,10.226218
2026-04-20 09:36:00,625.8,626.6,625.8,626.6,10.9496
2026-04-20 09:39:00,626.6,626.7,626.5,626.6,2.414819
2026-04-20 09:42:00,626.7,626.8,626.7,626.7,2.549512
2026-04-20 09:45:00,626.7,626.9,626.6,626.8,32.736388
2026-04-20 09:48:00,626.9,627.0,626.2,626.3,8.123746
2026-04-20 09:51:00,626.3,626.5,626.2,626.3,6.441356
2026-04-20 09:54:00,626.3,627.1,626.3,627.0,7.778988
2026-04-20 09:57:00,627.0,627.0,626.5,626.9,11.543386
2026-04-20 10:00:00,626.9,627.5,626.9,627.4,9.365329
2026-04-20 10:03:00,627.4,627.7,627.4,627.4,5.938496
2026-04-20 10:06:00,627.5,627.6,627.1,627.1,4.431614
2026-04-20 10:09:00,627.3,628.1,627.3,628.1,8.105342
2026-04-20 10:12:00,628.1,628.2,627.8,628.1,12.279578
2026-04-20 10:15:00,628.1,628.1,627.9,628.1,7.573785
2026-04-20 10:18:00,628.1,628.3,627.6,627.6,28.078442
2026-04-20 10:21:00,627.5,627.7,627.2,627.3,25.699871
2026-04-20 10:24:00,627.2,627.5,627.2,627.5,2.639897
2026-04-20 10:27:00,627.5,627.7,627.4,627.6,7.538015
2026-04-20 10:30:00,627.5,627.5,627.0,627.1,6.200324
2026-04-20 10:33:00,627.0,627.0,626.6,626.6,4.317922
2026-04-20 10:36:00,626.6,626.9,626.6,626.7,4.824594
2026-04-20 10:39:00,626.8,626.8,626.7,626.8,3.821673
2026-04-20 10:42:00,626.9,627.1,626.8,627.1,5.999217
2026-04-20 10:45:00,627.0,627.4,626.9,627.4,5.876856
2026-04-20 10:48:00,627.3,627.3,626.7,626.9,5.993532
2026-04-20 10:51:00,626.9,626.9,626.6,626.9,8.380162
2026-04-20 10:54:00,626.8,627.0,626.5,626.5,7.00246
2026-04-20 10:57:00,626.6,626.6,626.1,626.1,6.878783
2026-04-20 11:00:00,626.2,626.3,625.7,626.3,70.026129
2026-04-20 11:03:00,626.3,626.4,626.0,626.3,6.065165
2026-04-20 11:06:00,626.3,626.4,626.1,626.4,8.387841
2026-04-20 11:09:00,626.4,626.4,625.9,625.9,11.71743
2026-04-20 11:12:00,625.9,626.5,625.9,626.5,5.363833
2026-04-20 11:15:00,626.5,626.9,626.5,626.6,7.08061
2026-04-20 11:18:00,626.7,626.7,626.2,626.2,13.381697
2026-04-20 11:21:00,626.0,626.3,625.9,626.0,3.88829
2026-04-20 11:24:00,626.1,626.2,625.9,625.9,1.190014
2026-04-20 11:27:00,625.9,626.0,625.6,625.6,5.594611
2026-04-20 11:30:00,625.5,626.1,625.3,625.9,11.632783
2026-04-20 11:33:00,625.8,626.2,625.8,625.9,9.680331
2026-04-20 11:36:00,625.9,626.1,625.8,626.0,4.764323
2026-04-20 11:39:00,626.0,626.1,625.7,625.8,11.628661
2026-04-20 11:42:00,625.8,626.1,625.6,625.6,10.813922
2026-04-20 11:45:00,625.7,626.0,625.6,625.8,7.450683
2026-04-20 11:48:00,625.8,625.8,625.6,625.7,2.38668
2026-04-20 11:51:00,625.8,625.9,625.7,625.7,4.757433
2026-04-20 11:54:00,625.8,625.9,625.7,625.8,15.180129
2026-04-20 11:57:00,625.8,625.8,625.5,625.5,9.308616
2026-04-20 12:00:00,625.6,625.9,625.4,625.8,36.223749
2026-04-20 12:03:00,625.5,626.1,625.5,626.1,6.42314
2026-04-20 12:06:00,626.4,626.4,625.9,626.0,6.30357
2026-04-20 12:09:00,626.1,626.8,626.1,626.5,14.062067
2026-04-20 12:12:00,626.4,627.0,626.4,626.4,15.355354
2026-04-20 12:15:00,626.5,626.8,626.0,626.8,20.464146
2026-04-20 12:18:00,626.8,628.0,626.8,628.0,11.006273
2026-04-20 12:21:00,627.9,627.9,626.7,626.9,12.977154
2026-04-20 12:24:00,626.9,627.2,626.3,626.3,12.664708
2026-04-20 12:27:00,626.3,626.4,626.1,626.1,16.590212
2026-04-20 12:30:00,626.2,626.6,626.1,626.3,11.43037
2026-04-20 12:33:00,626.2,626.3,625.8,626.0,5.523291
2026-04-20 12:36:00,626.0,626.1,625.0,625.1,18.740525
2026-04-20 12:39:00,625.1,625.3,624.3,624.8,34.497667
2026-04-20 12:42:00,624.6,624.9,624.5,624.9,4.755763
2026-04-20 12:45:00,625.0,625.4,625.0,625.0,40.244458
2026-04-20 12:48:00,625.1,625.8,625.0,625.8,2.346409
2026-04-20 12:51:00,625.8,625.8,625.0,625.2,4.597004
2026-04-20 12:54:00,625.2,625.3,624.8,624.8,14.125498
2026-04-20 12:57:00,624.8,625.2,624.8,625.2,19.383934
2026-04-20 13:00:00,625.2,626.1,625.1,625.1,193.051475
2026-04-20 13:03:00,625.0,625.2,624.8,625.1,10.955973
2026-04-20 13:06:00,625.2,626.6,624.8,626.0,58.778653
2026-04-20 13:09:00,626.0,626.3,625.7,626.0,5.757714
2026-04-20 13:12:00,626.0,626.2,625.7,625.7,3.031257
2026-04-20 13:15:00,625.7,626.0,625.0,625.1,20.855443
2026-04-20 13:18:00,625.0,625.2,624.9,625.1,3.279324
2026-04-20 13:21:00,625.1,625.5,624.9,625.0,11.949241
2026-04-20 13:24:00,625.1,625.1,624.4,624.8,20.250348
2026-04-20 13:27:00,624.9,625.4,624.8,625.4,10.481665
2026-04-20 13:30:00,625.4,625.5,623.6,625.0,13.355908
2026-04-20 13:33:00,625.0,625.8,624.6,625.7,52.408936
2026-04-20 13:36:00,625.9,626.3,625.5,625.6,5.488678
2026-04-20 13:39:00,625.6,625.7,624.8,625.4,14.730305
2026-04-20 13:42:00,625.4,625.6,625.0,625.6,16.170589
2026-04-20 13:45:00,625.6,626.1,625.4,625.7,10.826013
2026-04-20 13:48:00,625.5,625.5,624.6,624.7,7.649757
2026-04-20 13:51:00,624.9,625.1,624.5,625.0,7.816124
2026-04-20 13:54:00,625.1,626.0,625.1,626.0,99.501716
2026-04-20 13:57:00,626.1,627.0,626.0,626.1,281.131867
2026-04-20 14:00:00,626.1,626.1,625.3,625.5,13.92371
2026-04-20 14:03:00,625.7,626.1,625.2,626.0,10.959162
2026-04-20 14:06:00,626.1,626.2,624.7,624.8,32.075072
2026-04-20 14:09:00,624.8,625.8,624.8,624.8,20.470331
2026-04-20 14:12:00,624.9,625.4,624.6,624.9,7.655317
2026-04-20 14:15:00,624.8,626.0,624.8,625.9,17.937624
2026-04-20 14:18:00,625.6,627.0,625.5,626.6,31.876434
2026-04-20 14:21:00,626.6,627.3,626.6,626.9,11.129258
2026-04-20 14:24:00,627.1,628.1,627.0,627.2,149.103439
2026-04-20 14:27:00,627.5,627.5,626.1,626.7,267.111914
2026-04-20 14:30:00,626.7,627.3,626.7,627.0,15.551188
2026-04-20 14:33:00,627.1,627.1,626.3,626.3,2.613463
2026-04-20 14:36:00,626.5,626.9,626.4,626.5,11.743962
2026-04-20 14:39:00,626.4,626.4,624.7,624.8,17.726345
2026-04-20 14:42:00,624.8,625.5,624.8,625.3,17.019541
2026-04-20 14:45:00,625.3,625.6,625.0,625.0,50.090032
2026-04-20 14:48:00,625.0,625.9,624.8,625.7,10.624033
2026-04-20 14:51:00,625.7,625.7,623.0,624.2,105.945397
2026-04-20 14:54:00,624.1,624.1,622.8,623.0,9.797217
2026-04-20 14:57:00,623.1,623.6,623.1,623.6,9.046385
2026-04-20 15:00:00,623.7,624.1,623.1,623.2,106.578172
2026-04-20 15:03:00,623.2,623.2,621.2,621.7,111.884753
2026-04-20 15:06:00,621.7,621.9,620.8,621.7,30.811629
2026-04-20 15:09:00,621.6,623.0,621.6,623.0,17.778017
2026-04-20 15:12:00,623.1,623.1,622.1,623.0,15.278262
2026-04-20 15:15:00,623.0,623.6,622.7,623.5,5.264117
2026-04-20 15:18:00,623.5,624.0,623.5,624.0,3.806316
2026-04-20 15:21:00,624.0,625.8,623.9,625.4,56.034412
2026-04-20 15:24:00,625.6,627.0,625.6,626.8,69.931565
2026-04-20 15:27:00,626.9,627.9,626.8,627.9,42.162852
2026-04-20 15:30:00,627.8,627.8,626.2,626.9,216.472088
2026-04-20 15:33:00,626.9,627.3,626.6,627.3,72.489781
2026-04-20 15:36:00,627.3,627.6,626.9,627.5,16.168997
2026-04-20 15:39:00,627.4,627.4,627.1,627.4,11.253005
2026-04-20 15:42:00,627.4,627.4,627.1,627.2,5.227509
2026-04-20 15:45:00,627.1,627.5,627.0,627.5,5.380221
2026-04-20 15:48:00,627.5,627.6,627.0,627.3,5.042423
2026-04-20 15:51:00,627.2,627.6,627.2,627.4,3.383933
2026-04-20 15:54:00,627.6,627.9,627.5,627.8,5.044966
2026-04-20 15:57:00,627.8,628.2,627.6,628.2,8.52664
2026-04-20 16:00:00,628.3,629.4,628.3,629.2,61.442895
2026-04-20 16:03:00,629.2,629.2,628.2,628.5,13.876593
2026-04-20 16:06:00,628.5,628.7,628.1,628.1,9.005742
2026-04-20 16:09:00,628.1,628.6,628.0,628.5,10.814638
2026-04-20 16:12:00,628.6,628.6,628.1,628.1,1.396081
2026-04-20 16:15:00,628.0,628.0,627.5,627.8,6.586422
2026-04-20 16:18:00,627.9,628.5,627.9,628.1,14.357469
2026-04-20 16:21:00,628.2,628.3,627.6,628.2,9.201021
2026-04-20 16:24:00,628.3,628.4,627.6,627.8,2.744487
2026-04-20 16:27:00,627.7,628.0,627.7,627.8,1.116673
2026-04-20 16:30:00,627.8,627.8,627.4,627.8,8.840371
2026-04-20 16:33:00,627.7,627.7,626.9,626.9,3.786332
2026-04-20 16:36:00,626.9,627.3,626.8,627.2,0.909764
2026-04-20 16:39:00,627.3,628.3,627.1,628.3,13.237285
2026-04-20 16:42:00,628.3,628.3,628.1,628.3,0.852556
2026-04-20 16:45:00,628.3,628.5,628.0,628.1,1.682048
2026-04-20 16:48:00,628.1,628.1,627.2,627.3,5.789724
2026-04-20 16:51:00,627.3,627.7,627.3,627.4,3.260959
2026-04-20 16:54:00,627.5,627.5,627.3,627.4,4.039741
2026-04-20 16:57:00,627.5,627.5,627.1,627.1,1.858927
2026-04-20 17:00:00,627.2,628.0,626.8,627.7,11.946642
2026-04-20 17:03:00,627.5,627.8,627.3,627.8,13.733067
2026-04-20 17:06:00,627.9,628.6,627.9,628.4,15.116241
2026-04-20 17:09:00,628.6,628.7,628.2,628.7,5.704937
2026-04-20 17:12:00,628.8,628.8,628.6,628.7,3.658792
2026-04-20 17:15:00,628.6,628.8,628.2,628.8,120.666997
2026-04-20 17:18:00,628.9,629.8,628.9,629.0,25.88847
2026-04-20 17:21:00,629.2,629.8,629.1,629.5,58.440868
2026-04-20 17:24:00,629.5,629.5,629.3,629.4,22.072441
2026-04-20 17:27:00,629.4,629.4,628.7,629.0,3.528081
2026-04-20 17:30:00,629.0,629.0,628.3,628.5,5.792342
2026-04-20 17:33:00,628.6,628.7,628.4,628.6,4.603082
2026-04-20 17:36:00,628.5,628.8,628.4,628.8,1.858725
2026-04-20 17:39:00,628.8,629.3,628.8,629.0,9.603378
2026-04-20 17:42:00,629.2,629.4,628.9,629.0,3.767516
2026-04-20 17:45:00,628.9,628.9,628.7,628.8,9.33424
2026-04-20 17:48:00,628.9,630.0,628.9,629.9,18.672631
2026-04-20 17:51:00,629.8,629.8,629.1,629.1,3.324033
2026-04-20 17:54:00,629.2,629.5,629.2,629.5,0.754891
2026-04-20 17:57:00,629.4,629.7,629.4,629.4,6.003698
2026-04-20 18:00:00,629.6,630.7,629.6,630.7,33.388262
2026-04-20 18:03:00,630.8,631.5,630.1,631.0,33.0604
2026-04-20 18:06:00,631.1,631.1,630.4,630.6,5.97228
2026-04-20 18:09:00,630.6,631.3,630.6,631.0,13.134388
2026-04-20 18:12:00,631.1,631.5,631.0,631.3,11.979844
2026-04-20 18:15:00,631.5,631.6,631.5,631.6,1.670634
2026-04-20 18:18:00,631.6,631.7,630.9,630.9,3.354257
2026-04-20 18:21:00,631.0,631.2,630.8,631.1,33.581808
2026-04-20 18:24:00,630.9,631.0,630.6,630.7,11.521198
2026-04-20 18:27:00,630.6,630.7,630.3,630.4,18.905434
2026-04-20 18:30:00,630.3,630.3,629.4,629.7,3.460247
2026-04-20 18:33:00,629.7,630.1,629.7,629.9,2.991182
2026-04-20 18:36:00,630.0,630.1,629.2,629.2,2.651945
2026-04-20 18:39:00,629.3,630.7,629.3,630.5,21.563653
2026-04-20 18:42:00,630.4,630.5,630.0,630.2,4.415019
2026-04-20 18:45:00,630.2,630.2,629.9,629.9,1.350483
2026-04-20 18:48:00,629.9,631.2,629.9,631.2,7.61486
2026-04-20 18:51:00,631.3,631.3,630.9,631.3,3.286186
2026-04-20 18:54:00,631.2,631.6,630.8,631.0,37.191984
2026-04-20 18:57:00,630.9,631.0,630.8,631.0,16.722693
2026-04-20 19:00:00,631.0,631.2,630.7,630.7,1.900756
2026-04-20 19:03:00,630.7,631.0,630.4,630.8,13.457402
2026-04-20 19:06:00,630.8,631.2,630.8,631.2,8.999691
2026-04-20 19:09:00,631.2,631.5,630.9,631.4,3.931896
2026-04-20 19:12:00,631.4,631.6,631.1,631.1,15.627718
2026-04-20 19:15:00,631.0,631.0,630.7,630.7,6.030493
2026-04-20 19:18:00,630.5,630.6,630.2,630.2,3.777213
2026-04-20 19:21:00,630.3,630.4,630.2,630.2,3.514074
2026-04-20 19:24:00,630.2,630.3,630.0,630.2,6.725466
2026-04-20 19:27:00,630.3,630.5,630.2,630.5,2.64126
2026-04-20 19:30:00,630.4,630.7,630.4,630.5,1.904275
2026-04-20 19:33:00,630.6,631.0,630.6,631.0,8.54789
2026-04-20 19:36:00,631.1,631.1,630.7,630.7,0.688204
2026-04-20 19:39:00,630.8,630.8,630.6,630.6,1.451756
2026-04-20 19:42:00,630.7,630.8,630.7,630.7,0.33093
2026-04-20 19:45:00,630.5,630.6,630.5,630.5,2.004616
2026-04-20 19:48:00,630.5,630.5,630.3,630.3,10.291428
2026-04-20 19:51:00,630.4,630.4,630.4,630.4,0.389805
2026-04-20 19:54:00,630.5,630.7,630.3,630.7,1.147851
2026-04-20 19:57:00,630.9,630.9,630.6,630.6,5.615752
2026-04-20 20:00:00,630.6,630.6,629.8,629.8,4.202096
2026-04-20 20:03:00,629.9,630.2,629.8,629.8,2.535966
2026-04-20 20:06:00,629.7,630.2,629.6,630.2,3.046418
2026-04-20 20:09:00,630.2,630.4,630.1,630.4,1.382333
2026-04-20 20:12:00,630.5,630.8,630.5,630.8,1.251215
2026-04-20 20:15:00,630.8,631.1,630.4,630.9,13.433365
2026-04-20 20:18:00,630.9,631.1,630.8,631.0,21.057921
2026-04-20 20:21:00,631.0,631.8,631.0,631.1,24.415914
2026-04-20 20:24:00,631.2,631.3,631.2,631.2,0.342673
2026-04-20 20:27:00,631.2,631.3,630.8,630.8,6.805522
2026-04-20 20:30:00,630.7,630.7,630.1,630.2,6.162237
2026-04-20 20:33:00,630.2,630.3,630.2,630.3,0.819391
2026-04-20 20:36:00,630.4,630.4,630.2,630.2,1.943731
2026-04-20 20:39:00,630.3,630.3,630.0,630.1,3.943604
2026-04-20 20:42:00,630.0,630.2,629.9,630.1,1.027586
2026-04-20 20:45:00,630.1,630.5,630.0,630.4,8.170205
2026-04-20 20:48:00,630.4,630.9,630.1,630.7,6.715406
2026-04-20 20:51:00,630.8,630.9,630.5,630.8,9.79346
2026-04-20 20:54:00,630.8,630.9,630.7,630.9,1.151085
2026-04-20 20:57:00,630.9,631.0,630.9,630.9,1.361658
2026-04-20 21:00:00,631.1,631.5,631.1,631.5,2.10974
2026-04-20 21:03:00,631.5,631.8,631.2,631.7,10.11994
2026-04-20 21:06:00,631.8,632.1,631.3,631.3,37.469677
2026-04-20 21:09:00,631.2,631.2,629.9,630.2,34.553157
2026-04-20 21:12:00,630.1,630.5,629.8,630.5,57.360525
2026-04-20 21:15:00,630.5,630.5,630.1,630.2,2.592667
2026-04-20 21:18:00,630.2,630.2,629.4,629.8,20.477599
2026-04-20 21:21:00,629.9,630.2,629.9,630.2,11.560072
2026-04-20 21:24:00,630.1,630.1,629.8,629.8,5.846947
2026-04-20 21:27:00,629.8,630.1,629.8,630.1,1.208848
2026-04-20 21:30:00,630.0,630.0,629.4,629.4,8.21666
2026-04-20 21:33:00,629.6,630.0,629.6,629.9,6.76107
2026-04-20 21:36:00,629.9,630.2,629.9,630.1,8.701362
2026-04-20 21:39:00,630.0,630.0,629.9,629.9,4.260228
2026-04-20 21:42:00,630.0,630.1,629.9,630.0,5.552269
2026-04-20 21:45:00,630.0,630.1,630.0,630.1,5.550445
2026-04-20 21:48:00,630.0,630.1,630.0,630.0,2.890179
2026-04-20 21:51:00,630.0,630.4,630.0,630.4,6.03333
2026-04-20 21:54:00,630.4,630.5,630.2,630.3,3.147972
2026-04-20 21:57:00,630.2,630.5,630.2,630.5,0.836795
2026-04-20 22:00:00,630.5,631.3,630.5,631.1,6.591817
2026-04-20 22:03:00,631.1,631.1,630.8,631.0,3.406821
2026-04-20 22:06:00,631.1,631.5,631.1,631.2,2.849996
2026-04-20 22:09:00,631.1,631.1,630.9,630.9,7.470461
2026-04-20 22:12:00,630.8,630.8,630.6,630.7,2.822279
2026-04-20 22:15:00,630.6,630.8,630.4,630.4,6.746933
2026-04-20 22:18:00,630.4,630.4,629.4,629.5,11.857852
2026-04-20 22:21:00,629.5,629.7,629.4,629.6,4.130932
2026-04-20 22:24:00,629.7,629.7,629.6,629.7,4.174108
2026-04-20 22:27:00,629.7,629.7,629.6,629.6,9.359573
2026-04-20 22:30:00,629.6,629.7,629.5,629.7,1.773829
2026-04-20 22:33:00,629.7,630.4,629.7,630.3,2.179271
2026-04-20 22:36:00,630.3,630.4,629.7,629.8,10.561356
2026-04-20 22:39:00,629.7,629.8,629.4,629.5,8.504734
2026-04-20 22:42:00,629.4,629.4,629.1,629.3,11.191999
2026-04-20 22:45:00,629.3,629.4,629.2,629.3,1.040169
2026-04-20 22:48:00,629.3,629.3,629.0,629.1,5.959442
2026-04-20 22:51:00,629.2,629.2,628.8,628.8,10.63073
2026-04-20 22:54:00,628.9,629.1,628.9,628.9,7.690812
2026-04-20 22:57:00,629.0,629.1,629.0,629.0,5.450204
2026-04-20 23:00:00,628.9,628.9,628.1,628.2,20.58561
2026-04-20 23:03:00,628.2,628.6,628.1,628.1,19.3708
2026-04-20 23:06:00,628.2,628.3,628.1,628.2,2.955792
2026-04-20 23:09:00,628.2,628.6,628.1,628.1,16.155156
2026-04-20 23:12:00,628.2,628.4,628.2,628.3,5.162999
2026-04-20 23:15:00,628.2,628.4,628.2,628.3,2.489386
2026-04-20 23:18:00,628.4,628.5,628.1,628.4,4.118757
2026-04-20 23:21:00,628.5,628.7,628.5,628.7,3.114998
2026-04-20 23:24:00,628.6,628.8,628.6,628.7,3.950381
2026-04-20 23:27:00,628.7,628.7,628.1,628.3,16.739437
2026-04-20 23:30:00,628.4,628.6,628.2,628.4,12.746799
2026-04-20 23:33:00,628.4,628.5,628.3,628.4,7.273493
2026-04-20 23:36:00,628.4,628.9,628.4,628.9,3.321968
2026-04-20 23:39:00,628.8,628.9,628.7,628.9,16.34247
2026-04-20 23:42:00,628.9,628.9,628.7,628.7,11.241189
2026-04-20 23:45:00,628.8,628.8,628.5,628.5,12.763471
2026-04-20 23:48:00,628.6,629.1,628.5,628.9,13.110375
2026-04-20 23:51:00,628.9,629.0,628.8,628.8,11.772127
2026-04-20 23:54:00,628.9,629.1,628.9,629.1,5.858762
2026-04-20 23:57:00,629.1,629.3,629.1,629.3,4.274839
2026-04-21 00:00:00,629.3,630.4,629.3,630.4,36.487492
2026-04-21 00:03:00,630.3,630.5,630.2,630.3,7.735316
2026-04-21 00:06:00,630.4,630.4,629.8,630.0,17.461744
2026-04-21 00:09:00,629.9,630.3,629.9,630.3,10.738626
2026-04-21 00:12:00,630.2,630.6,630.2,630.3,18.183736
2026-04-21 00:15:00,630.3,630.6,630.2,630.6,5.621158
2026-04-21 00:18:00,630.5,630.6,630.4,630.4,8.739524
2026-04-21 00:21:00,630.5,630.6,630.5,630.6,7.388894
2026-04-21 00:24:00,630.6,630.6,630.3,630.3,5.42608
2026-04-21 00:27:00,630.4,630.8,630.4,630.8,6.46579
2026-04-21 00:30:00,630.9,631.0,630.7,630.8,8.763451
2026-04-21 00:33:00,630.8,631.0,630.5,630.9,15.245258
2026-04-21 00:36:00,630.9,631.0,630.7,630.8,5.035593
2026-04-21 00:39:00,630.9,631.2,630.8,631.2,13.891695
2026-04-21 00:42:00,631.1,631.1,630.8,630.8,4.344988
2026-04-21 00:45:00,630.8,631.9,630.8,631.5,21.7322
2026-04-21 00:48:00,631.6,631.9,631.3,631.3,5.735916
2026-04-21 00:51:00,631.3,631.4,631.1,631.2,4.34512
2026-04-21 00:54:00,631.1,631.5,630.8,631.5,13.313051
2026-04-21 00:57:00,631.5,631.6,631.5,631.5,6.333841
2026-04-21 01:00:00,631.6,631.6,631.1,631.1,8.847314
2026-04-21 01:03:00,631.1,631.4,631.1,631.4,3.74593
2026-04-21 01:06:00,631.4,632.4,631.4,632.0,11.591907
2026-04-21 01:09:00,632.0,632.0,631.7,631.8,13.012799
2026-04-21 01:12:00,631.8,632.1,631.6,632.0,8.310693
2026-04-21 01:15:00,631.9,631.9,631.2,631.3,8.204905
2026-04-21 01:18:00,631.4,631.4,630.9,631.1,5.377726
2026-04-21 01:21:00,631.1,631.6,630.8,631.6,130.074894
2026-04-21 01:24:00,631.6,631.6,630.7,630.7,22.835922
2026-04-21 01:27:00,630.8,631.8,630.6,631.8,37.040533
2026-04-21 01:30:00,631.8,632.4,631.8,632.1,19.176944
2026-04-21 01:33:00,632.2,632.2,631.7,631.7,5.384653
2026-04-21 01:36:00,631.7,632.0,631.4,631.5,15.507623
2026-04-21 01:39:00,631.5,631.5,631.1,631.1,11.348264
2026-04-21 01:42:00,631.2,631.4,631.0,631.4,9.338294
2026-04-21 01:45:00,631.3,631.3,631.1,631.1,6.167317
2026-04-21 01:48:00,631.2,631.5,631.2,631.5,14.933227
2026-04-21 01:51:00,631.5,631.5,630.5,630.5,13.219887
2026-04-21 01:54:00,630.5,630.6,630.3,630.3,9.760218
2026-04-21 01:57:00,630.3,630.7,630.3,630.6,5.711751
2026-04-21 02:00:00,630.7,630.9,630.0,630.1,18.404473
2026-04-21 02:03:00,630.0,630.3,629.9,630.2,10.822404
2026-04-21 02:06:00,630.2,630.3,629.8,629.8,14.872357
2026-04-21 02:09:00,629.8,630.0,629.7,629.9,11.376485
2026-04-21 02:12:00,629.9,629.9,629.3,629.6,7.907598
2026-04-21 02:15:00,629.5,629.6,629.5,629.5,4.602423
2026-04-21 02:18:00,629.6,629.8,629.5,629.5,6.787419
2026-04-21 02:21:00,629.4,629.8,629.4,629.6,9.537879
2026-04-21 02:24:00,629.6,629.7,629.3,629.5,14.981785
2026-04-21 02:27:00,629.5,629.9,629.3,629.3,9.316341
2026-04-21 02:30:00,629.4,629.7,629.4,629.6,14.167508
2026-04-21 02:33:00,629.6,630.0,629.5,629.5,37.183765
2026-04-21 02:36:00,629.6,629.8,629.4,629.4,20.394644
2026-04-21 02:39:00,629.5,629.7,629.2,629.5,21.052725
2026-04-21 02:42:00,629.5,629.7,629.1,629.3,15.882017
2026-04-21 02:45:00,629.2,629.4,629.1,629.3,20.885337
2026-04-21 02:48:00,629.3,629.3,629.0,629.1,13.921618
2026-04-21 02:51:00,629.1,629.2,628.6,628.7,20.221272
2026-04-21 02:54:00,628.7,628.8,628.7,628.8,11.132626
2026-04-21 02:57:00,628.9,629.1,628.8,628.9,10.050177
2026-04-21 03:00:00,628.9,629.0,628.4,628.8,16.455186
2026-04-21 03:03:00,628.9,629.8,628.8,629.1,138.481039
2026-04-21 03:06:00,629.2,629.4,629.1,629.1,23.632724
2026-04-21 03:09:00,629.2,629.2,628.7,628.9,9.395464
2026-04-21 03:12:00,628.9,628.9,628.6,628.8,6.842093
2026-04-21 03:15:00,628.8,629.3,628.8,629.2,7.444712
2026-04-21 03:18:00,629.3,629.3,628.3,628.7,10.997244
2026-04-21 03:21:00,628.7,628.8,628.4,628.8,25.403903
2026-04-21 03:24:00,628.8,629.3,628.8,629.2,11.122633
2026-04-21 03:27:00,629.3,629.8,629.3,629.4,36.27001
2026-04-21 03:30:00,629.5,630.1,629.4,630.0,21.798957
2026-04-21 03:33:00,630.1,630.1,629.9,630.0,2.913257
2026-04-21 03:36:00,629.9,630.0,629.4,629.5,28.407989
2026-04-21 03:39:00,629.4,629.4,629.0,629.1,25.267317
2026-04-21 03:42:00,629.0,629.6,629.0,629.5,13.153356
2026-04-21 03:45:00,629.6,629.7,629.5,629.7,24.441277
2026-04-21 03:48:00,629.6,630.1,629.6,630.0,8.144139
2026-04-21 03:51:00,630.1,630.4,630.0,630.3,8.323777
2026-04-21 03:54:00,630.2,630.3,630.1,630.2,13.684865
2026-04-21 03:57:00,630.2,630.3,630.1,630.2,15.35235
2026-04-21 04:00:00,630.2,630.6,630.1,630.3,37.203324
2026-04-21 04:03:00,630.3,630.3,629.8,629.8,20.720031
2026-04-21 04:06:00,629.9,629.9,629.5,629.7,20.475821
2026-04-21 04:09:00,629.8,629.9,629.6,629.6,7.617897
2026-04-21 04:12:00,629.7,629.7,629.3,629.3,17.160965
2026-04-21 04:15:00,629.3,629.6,629.2,629.5,28.698453
2026-04-21 04:18:00,629.4,629.5,629.0,629.4,53.536296
2026-04-21 04:21:00,629.3,629.5,629.1,629.5,24.493873
2026-04-21 04:24:00,629.5,629.8,629.4,629.8,11.219541
2026-04-21 04:27:00,629.9,630.3,629.8,630.1,23.90914
2026-04-21 04:30:00,630.1,630.5,630.0,630.3,65.667841
2026-04-21 04:33:00,630.4,630.4,630.0,630.4,32.6175
2026-04-21 04:36:00,630.5,630.7,630.5,630.6,6.27598
2026-04-21 04:39:00,630.7,630.7,630.1,630.1,7.195682
2026-04-21 04:42:00,630.1,630.3,630.0,630.3,8.521785
2026-04-21 04:45:00,630.4,630.6,630.4,630.5,6.2543
2026-04-21 04:48:00,630.6,630.8,630.6,630.6,25.003307
2026-04-21 04:51:00,630.7,631.1,630.7,630.9,24.990144
2026-04-21 04:54:00,630.9,631.0,630.8,631.0,15.499
2026-04-21 04:57:00,631.0,631.0,630.8,630.8,11.415967
2026-04-21 05:00:00,630.9,631.1,630.8,630.9,54.009475
2026-04-21 05:03:00,630.9,631.4,630.9,631.3,27.090523
2026-04-21 05:06:00,631.3,632.0,631.3,632.0,29.232164
2026-04-21 05:09:00,632.0,632.1,631.5,631.5,42.117864
2026-04-21 05:12:00,631.6,631.8,631.3,631.5,14.14403
2026-04-21 05:15:00,631.5,631.6,631.4,631.5,10.012558
2026-04-21 05:18:00,631.5,631.7,631.4,631.7,4.050216
2026-04-21 05:21:00,631.8,632.1,631.7,632.1,16.646899
2026-04-21 05:24:00,632.2,632.3,632.1,632.1,14.727767
2026-04-21 05:27:00,632.1,632.3,631.8,632.0,10.763503
2026-04-21 05:30:00,632.0,632.1,631.5,631.5,17.482209
2026-04-21 05:33:00,631.6,631.8,631.6,631.8,7.401824
2026-04-21 05:36:00,631.9,632.0,631.8,631.9,12.024263
2026-04-21 05:39:00,631.9,631.9,631.6,631.6,40.520918
2026-04-21 05:42:00,631.6,631.6,631.5,631.5,4.436971
2026-04-21 05:45:00,631.3,631.3,630.9,631.1,8.441005
2026-04-21 05:48:00,631.1,631.2,631.0,631.1,39.522711
2026-04-21 05:51:00,631.0,631.1,630.7,631.0,12.427478
2026-04-21 05:54:00,631.1,631.3,631.1,631.2,4.490916
2026-04-21 05:57:00,631.2,631.2,631.1,631.1,7.139084
2026-04-21 06:00:00,631.1,631.2,630.7,630.7,15.82692
2026-04-21 06:03:00,630.5,630.8,630.5,630.7,3.403549
2026-04-21 06:06:00,630.7,630.8,630.6,630.7,17.171474
2026-04-21 06:09:00,630.8,630.9,630.7,630.8,15.956238
2026-04-21 06:12:00,630.7,630.7,630.4,630.7,10.458434
2026-04-21 06:15:00,630.6,630.8,630.5,630.5,67.648536
2026-04-21 06:18:00,630.6,630.6,630.3,630.3,9.505929
2026-04-21 06:21:00,630.3,630.5,630.2,630.3,12.26562
2026-04-21 06:24:00,630.4,630.5,630.3,630.4,4.551965
2026-04-21 06:27:00,630.4,630.9,630.4,630.9,18.856796
2026-04-21 06:30:00,630.8,632.3,630.8,632.1,45.479994
2026-04-21 06:33:00,632.2,633.2,632.2,633.1,139.953156
2026-04-21 06:36:00,633.1,633.1,632.3,632.3,18.479066
2026-04-21 06:39:00,632.3,632.5,632.2,632.4,15.12593
2026-04-21 06:42:00,632.3,632.6,632.3,632.4,18.405918
2026-04-21 06:45:00,632.4,632.5,632.1,632.5,13.649252
2026-04-21 06:48:00,632.5,632.9,632.5,632.8,5.284785
2026-04-21 06:51:00,632.8,632.8,632.6,632.7,8.656196
2026-04-21 06:54:00,632.6,632.9,632.6,632.7,13.510198
2026-04-21 06:57:00,632.7,632.8,632.6,632.6,6.71861
2026-04-21 07:00:00,632.6,632.6,631.9,631.9,13.504103
2026-04-21 07:03:00,632.0,632.1,632.0,632.1,14.758521
2026-04-21 07:06:00,632.1,632.6,632.1,632.5,11.14478
2026-04-21 07:09:00,632.4,632.7,632.4,632.7,7.529375
2026-04-21 07:12:00,632.6,632.6,632.3,632.5,8.245605
2026-04-21 07:15:00,632.5,632.6,632.3,632.5,8.963789
2026-04-21 07:18:00,632.5,632.9,632.5,632.8,5.37691
2026-04-21 07:21:00,632.8,632.9,632.7,632.9,5.930936
2026-04-21 07:24:00,632.9,633.8,632.6,633.5,357.451498
2026-04-21 07:27:00,633.4,633.6,633.3,633.5,15.897683
2026-04-21 07:30:00,633.5,633.6,632.7,632.7,20.921574
2026-04-21 07:33:00,632.8,633.1,632.6,633.0,13.160623
2026-04-21 07:36:00,633.2,633.6,633.1,633.5,3.445514
2026-04-21 07:39:00,633.5,633.8,633.5,633.8,34.505134
2026-04-21 07:42:00,633.7,633.9,633.6,633.6,9.337078
2026-04-21 07:45:00,633.5,633.6,633.3,633.3,20.01067
2026-04-21 07:48:00,633.3,633.9,633.2,633.6,17.672419
2026-04-21 07:51:00,633.6,633.6,633.4,633.4,5.488499
2026-04-21 07:54:00,633.5,633.5,633.1,633.1,16.521259
2026-04-21 07:57:00,633.2,633.3,632.9,633.0,10.35337
2026-04-21 08:00:00,633.0,633.0,632.7,632.8,19.203263
2026-04-21 08:03:00,632.9,633.1,632.8,633.1,3.186636
2026-04-21 08:06:00,633.2,633.3,632.9,633.2,17.635667
2026-04-21 08:09:00,633.2,633.3,632.5,632.5,11.46703
2026-04-21 08:12:00,632.5,632.6,632.4,632.5,12.060327
2026-04-21 08:15:00,632.5,633.1,632.5,633.0,6.840445
2026-04-21 08:18:00,633.1,634.2,633.0,634.2,25.806247
2026-04-21 08:21:00,634.2,634.4,633.9,634.2,10.889206
2026-04-21 08:24:00,634.2,634.6,634.1,634.6,12.083553
2026-04-21 08:27:00,634.5,634.9,634.5,634.7,28.355168
2026-04-21 08:30:00,634.6,635.0,634.6,634.8,6.254255
2026-04-21 08:33:00,634.9,634.9,634.5,634.8,29.324158
2026-04-21 08:36:00,634.7,634.8,634.5,634.7,9.97193
2026-04-21 08:39:00,634.7,635.2,634.7,635.2,45.559965
2026-04-21 08:42:00,635.2,635.7,635.1,635.6,40.373019
2026-04-21 08:45:00,635.6,637.4,635.6,637.0,61.726721
2026-04-21 08:48:00,636.9,637.3,636.1,636.1,54.874037
2026-04-21 08:51:00,636.2,636.3,635.6,635.7,50.488189
2026-04-21 08:54:00,635.7,635.8,635.1,635.1,32.229145
2026-04-21 08:57:00,635.0,635.3,635.0,635.2,17.729302
2026-04-21 09:00:00,635.2,635.6,634.9,634.9,18.575275
2026-04-21 09:03:00,635.0,635.1,634.8,635.1,5.722731
2026-04-21 09:06:00,635.1,635.6,634.8,635.6,20.031773
2026-04-21 09:09:00,635.7,636.4,635.6,636.2,13.524143
2026-04-21 09:12:00,636.3,636.3,635.9,636.0,9.289022
2026-04-21 09:15:00,636.0,636.2,635.9,636.1,5.51398
2026-04-21 09:18:00,636.2,636.5,636.1,636.5,9.322495
2026-04-21 09:21:00,636.6,636.9,636.6,636.8,15.924129
2026-04-21 09:24:00,636.8,636.9,636.2,636.3,98.44295
2026-04-21 09:27:00,636.2,636.3,635.6,635.8,38.704729
2026-04-21 09:30:00,635.8,636.5,635.8,636.2,24.220029
2026-04-21 09:33:00,636.2,636.3,635.6,635.7,16.131734
2026-04-21 09:36:00,635.8,636.1,635.7,635.8,15.263453
2026-04-21 09:39:00,635.8,636.8,635.8,636.8,25.87423
2026-04-21 09:42:00,636.8,637.0,636.6,636.8,11.635147
2026-04-21 09:45:00,636.8,637.0,636.5,636.5,10.10548
2026-04-21 09:48:00,636.5,636.9,636.2,636.7,17.642034
2026-04-21 09:51:00,636.7,637.0,636.7,636.8,8.805557
2026-04-21 09:54:00,636.9,636.9,636.6,636.8,12.227615
2026-04-21 09:57:00,636.8,637.1,636.7,636.8,10.341897
2026-04-21 10:00:00,636.9,637.2,636.9,637.1,11.871714
2026-04-21 10:03:00,637.1,637.4,637.0,637.4,41.346706
2026-04-21 10:06:00,637.4,638.3,637.4,638.2,16.31682
2026-04-21 10:09:00,638.1,638.4,637.6,637.7,36.147521
2026-04-21 10:12:00,637.7,637.7,637.3,637.5,13.739533
2026-04-21 10:15:00,637.5,638.1,637.2,638.0,24.236154
2026-04-21 10:18:00,638.0,638.0,637.4,637.6,13.310813
2026-04-21 10:21:00,637.5,638.4,637.2,638.3,36.318652
2026-04-21 10:24:00,638.4,638.4,637.9,638.1,7.724613
2026-04-21 10:27:00,638.2,638.3,638.0,638.3,12.755868
2026-04-21 10:30:00,638.3,638.6,638.1,638.5,6.352009
2026-04-21 10:33:00,638.5,638.8,638.5,638.8,24.957049
2026-04-21 10:36:00,638.8,639.2,638.8,638.9,6.383474
2026-04-21 10:39:00,639.0,639.1,638.9,639.0,7.427998
2026-04-21 10:42:00,639.0,639.8,638.9,639.8,24.249547
2026-04-21 10:45:00,639.7,640.3,639.6,640.1,55.363213
2026-04-21 10:48:00,640.2,640.4,640.1,640.3,10.076916
2026-04-21 10:51:00,640.4,641.0,640.4,640.5,26.195887
2026-04-21 10:54:00,640.5,640.8,640.5,640.5,23.696695
2026-04-21 10:57:00,640.4,640.4,638.7,638.7,105.560928
2026-04-21 11:00:00,638.7,638.8,637.5,637.6,31.50071
2026-04-21 11:03:00,637.7,637.7,636.4,636.4,32.635442
2026-04-21 11:06:00,636.5,637.1,636.3,637.0,32.730631
2026-04-21 11:09:00,636.9,637.0,634.6,634.9,125.203216
2026-04-21 11:12:00,634.9,634.9,634.3,634.4,36.197337
2026-04-21 11:15:00,634.4,634.7,634.0,634.4,37.509824
2026-04-21 11:18:00,634.2,635.4,634.2,635.4,21.873913
2026-04-21 11:21:00,635.4,635.7,635.1,635.7,8.498896
2026-04-21 11:24:00,635.6,635.8,634.1,634.3,94.938003
2026-04-21 11:27:00,634.3,634.5,634.3,634.4,22.068976
2026-04-21 11:30:00,634.5,634.9,634.5,634.6,17.051903
2026-04-21 11:33:00,634.9,635.0,634.0,634.0,5.862327
2026-04-21 11:36:00,634.0,634.3,634.0,634.1,50.739767
2026-04-21 11:39:00,634.2,634.7,634.0,634.4,32.406707
2026-04-21 11:42:00,634.5,634.6,633.6,634.0,22.601684
2026-04-21 11:45:00,633.9,634.1,633.7,633.7,9.311846
2026-04-21 11:48:00,633.8,634.0,633.8,634.0,4.166393
2026-04-21 11:51:00,634.0,634.1,633.8,634.1,13.217728
2026-04-21 11:54:00,634.0,634.3,633.9,634.1,22.460996
2026-04-21 11:57:00,634.1,634.8,634.1,634.3,5.939975
2026-04-21 12:00:00,634.4,635.0,634.4,634.6,21.060174
2026-04-21 12:03:00,634.4,634.5,633.9,634.2,59.383485
2026-04-21 12:06:00,634.2,634.6,634.0,634.5,32.064263
2026-04-21 12:09:00,634.6,634.6,633.9,633.9,30.924077
2026-04-21 12:12:00,633.9,634.1,633.5,633.5,64.35788
2026-04-21 12:15:00,633.5,633.9,633.3,633.5,82.046015
2026-04-21 12:18:00,633.6,633.9,633.6,633.9,8.451813
2026-04-21 12:21:00,634.0,634.2,634.0,634.1,48.150797
2026-04-21 12:24:00,634.2,634.2,633.8,633.9,5.388749
2026-04-21 12:27:00,633.8,634.0,633.7,634.0,22.356354
2026-04-21 12:30:00,633.9,633.9,633.0,633.7,36.577173
2026-04-21 12:33:00,633.8,634.1,633.7,633.9,7.608863
2026-04-21 12:36:00,633.8,633.9,632.4,633.0,12.264532
2026-04-21 12:39:00,633.0,633.0,631.3,631.8,28.425295
2026-04-21 12:42:00,631.7,631.7,630.2,630.6,122.341945
2026-04-21 12:45:00,630.6,631.0,630.0,631.0,19.454625
2026-04-21 12:48:00,631.1,631.3,630.7,631.2,29.337153
2026-04-21 12:51:00,631.1,631.6,631.1,631.6,13.178862
2026-04-21 12:54:00,631.5,632.2,631.4,631.8,24.742211
2026-04-21 12:57:00,631.7,632.4,631.6,632.1,15.414972
2026-04-21 13:00:00,632.1,632.1,631.8,631.9,16.339695
2026-04-21 13:03:00,631.9,632.1,631.1,631.4,2.679627
2026-04-21 13:06:00,631.6,631.7,631.2,631.5,19.519269
2026-04-21 13:09:00,631.7,631.9,631.3,631.7,43.888247
2026-04-21 13:12:00,631.7,632.0,631.6,631.8,41.302874
2026-04-21 13:15:00,631.8,632.1,631.6,632.1,36.842006
2026-04-21 13:18:00,632.1,632.3,632.1,632.2,7.615502
2026-04-21 13:21:00,632.3,632.3,631.9,632.0,58.487183
2026-04-21 13:24:00,632.0,632.7,632.0,632.2,11.395151
2026-04-21 13:27:00,632.2,632.3,632.0,632.1,19.048204
2026-04-21 13:30:00,632.0,632.3,631.6,631.9,13.266776
2026-04-21 13:33:00,632.1,632.3,631.3,631.9,13.690019
2026-04-21 13:36:00,631.8,632.2,631.2,631.4,29.536411
2026-04-21 13:39:00,631.3,631.7,630.9,631.6,10.271414
2026-04-21 13:42:00,631.8,633.1,631.8,632.5,29.867843
2026-04-21 13:45:00,632.6,632.7,631.7,632.2,13.672515
2026-04-21 13:48:00,632.1,632.2,631.5,631.5,134.213883
2026-04-21 13:51:00,631.9,632.3,631.5,632.2,3.605221
2026-04-21 13:54:00,632.1,632.5,631.4,632.1,17.391857
2026-04-21 13:57:00,632.2,632.7,632.2,632.4,77.465159
2026-04-21 14:00:00,632.4,632.7,631.3,631.4,20.206625
2026-04-21 14:03:00,631.4,631.8,630.7,631.7,9.838981
2026-04-21 14:06:00,631.7,631.7,631.0,631.7,9.191546
2026-04-21 14:09:00,631.7,631.9,631.3,631.7,13.357937
2026-04-21 14:12:00,631.7,631.7,631.4,631.6,1.755428
2026-04-21 14:15:00,631.6,634.1,631.6,632.8,23.413517
2026-04-21 14:18:00,632.8,633.4,632.7,632.8,15.268491
2026-04-21 14:21:00,632.9,633.3,632.4,632.7,12.108524
2026-04-21 14:24:00,632.7,633.3,632.6,633.2,6.758747
2026-04-21 14:27:00,633.3,633.6,633.1,633.1,5.211528
2026-04-21 14:30:00,633.3,634.1,633.2,633.6,75.612798
2026-04-21 14:33:00,633.9,634.4,633.4,634.2,364.705465
2026-04-21 14:36:00,634.3,634.5,633.4,634.4,53.483654
2026-04-21 14:39:00,634.6,635.3,634.0,634.8,68.115916
2026-04-21 14:42:00,634.7,634.9,634.0,634.3,380.132703
2026-04-21 14:45:00,634.3,634.4,633.2,633.5,27.262556
2026-04-21 14:48:00,633.4,633.4,633.1,633.3,14.731509
2026-04-21 14:51:00,633.2,633.4,632.7,633.2,54.599255
2026-04-21 14:54:00,633.2,633.2,631.8,631.9,34.780171
2026-04-21 14:57:00,631.9,631.9,630.2,630.5,19.723636
2026-04-21 15:00:00,630.6,631.2,629.9,630.4,212.651461
2026-04-21 15:03:00,630.2,631.0,629.4,630.5,41.837829
2026-04-21 15:06:00,630.6,631.4,630.6,631.1,45.732335
2026-04-21 15:09:00,631.2,631.8,631.2,631.4,58.896105
2026-04-21 15:12:00,631.5,632.0,631.3,632.0,10.294727
2026-04-21 15:15:00,632.1,632.3,631.5,632.1,17.867612
2026-04-21 15:18:00,632.2,632.8,632.2,632.4,15.595627
2026-04-21 15:21:00,632.4,632.7,632.0,632.1,2.152925
2026-04-21 15:24:00,631.9,631.9,631.0,631.0,6.432136
2026-04-21 15:27:00,630.7,631.5,630.7,631.4,11.764981
2026-04-21 15:30:00,631.4,631.4,631.1,631.3,11.610359
2026-04-21 15:33:00,631.3,631.3,630.5,630.5,4.326871
2026-04-21 15:36:00,630.4,630.8,629.7,630.8,8.950067
2026-04-21 15:39:00,631.1,631.7,630.7,630.7,26.487101
2026-04-21 15:42:00,630.8,631.2,630.8,631.0,12.563337
2026-04-21 15:45:00,630.9,631.3,630.8,631.3,9.491778
2026-04-21 15:48:00,631.3,631.3,631.0,631.1,5.532747
2026-04-21 15:51:00,631.2,631.6,631.2,631.4,6.661957
2026-04-21 15:54:00,631.2,631.4,630.9,631.4,2.349594
2026-04-21 15:57:00,631.5,631.8,631.5,631.8,5.104307
2026-04-21 16:00:00,631.9,632.7,631.9,632.4,11.676599
2026-04-21 16:03:00,632.4,632.6,631.7,631.8,49.585915
2026-04-21 16:06:00,631.8,632.0,631.7,631.7,6.319806
2026-04-21 16:09:00,632.1,632.7,632.1,632.2,9.981735
2026-04-21 16:12:00,632.1,632.4,632.1,632.4,5.909192
2026-04-21 16:15:00,632.4,632.6,632.0,632.6,9.230893
2026-04-21 16:18:00,632.6,632.7,631.9,632.0,5.526333
2026-04-21 16:21:00,632.0,632.2,631.4,631.4,13.959418
2026-04-21 16:24:00,631.4,632.4,631.3,632.4,15.584162
2026-04-21 16:27:00,632.3,632.4,631.8,631.9,10.812266
2026-04-21 16:30:00,631.8,632.5,631.8,632.4,6.298207
2026-04-21 16:33:00,632.5,633.7,632.5,633.5,7.393904
2026-04-21 16:36:00,633.3,633.3,632.9,633.1,1.701632
2026-04-21 16:39:00,632.8,633.4,632.8,633.3,7.057666
2026-04-21 16:42:00,632.9,632.9,632.0,632.1,10.969464
2026-04-21 16:45:00,632.1,632.9,632.1,632.6,15.089647
2026-04-21 16:48:00,632.7,633.2,632.7,632.8,9.861039
2026-04-21 16:51:00,632.7,632.8,632.6,632.7,3.422451
2026-04-21 16:54:00,632.6,632.6,632.3,632.4,5.176001
2026-04-21 16:57:00,632.3,632.3,631.6,631.8,6.461099
2026-04-21 17:00:00,631.8,632.0,631.6,631.8,29.576042
2026-04-21 17:03:00,631.9,631.9,630.9,631.2,18.261038
2026-04-21 17:06:00,631.3,631.4,630.8,630.8,3.723303
2026-04-21 17:09:00,630.7,631.2,630.3,630.3,10.69703
2026-04-21 17:12:00,630.3,630.3,629.7,630.3,5.153844
2026-04-21 17:15:00,630.2,630.2,628.6,628.6,19.734339
2026-04-21 17:18:00,628.6,628.6,627.1,628.5,44.48636
2026-04-21 17:21:00,628.5,628.6,628.4,628.5,9.42666
2026-04-21 17:24:00,628.6,629.2,628.5,628.8,15.70324
2026-04-21 17:27:00,628.7,628.7,628.0,628.4,35.926986
2026-04-21 17:30:00,628.5,628.6,628.2,628.2,3.528023
2026-04-21 17:33:00,628.3,628.7,628.3,628.3,6.578408
2026-04-21 17:36:00,628.2,630.1,628.1,629.8,54.120521
2026-04-21 17:39:00,629.9,631.4,629.3,631.1,58.095315
2026-04-21 17:42:00,631.0,631.7,630.8,631.0,18.415964
2026-04-21 17:45:00,631.0,631.0,630.4,630.6,3.041706
2026-04-21 17:48:00,630.6,630.9,630.6,630.6,3.316038
2026-04-21 17:51:00,630.5,631.3,630.4,630.4,2.737604
2026-04-21 17:54:00,630.3,630.3,629.7,629.8,0.641936
2026-04-21 17:57:00,629.8,629.9,629.7,629.7,1.91561
2026-04-21 18:00:00,629.8,630.4,629.7,630.2,5.478258
2026-04-21 18:03:00,630.1,630.4,629.7,630.0,10.791378
2026-04-21 18:06:00,629.9,630.0,629.8,629.8,1.502856
2026-04-21 18:09:00,629.8,629.8,629.2,629.7,1.606768
2026-04-21 18:12:00,629.8,629.9,629.7,629.7,1.457385
2026-04-21 18:15:00,629.9,630.4,628.8,629.6,58.383887
2026-04-21 18:18:00,629.6,629.8,629.0,629.0,12.009402
2026-04-21 18:21:00,629.1,629.4,629.0,629.4,6.532422
2026-04-21 18:24:00,629.5,629.6,629.2,629.3,5.887531
2026-04-21 18:27:00,629.2,629.3,628.9,629.0,2.10661
2026-04-21 18:30:00,629.1,629.6,629.1,629.6,0.962814
2026-04-21 18:33:00,629.7,629.9,629.7,629.9,0.760625
2026-04-21 18:36:00,629.9,630.0,629.6,629.6,5.688853
2026-04-21 18:39:00,629.7,629.8,629.5,629.5,0.635202
2026-04-21 18:42:00,629.7,629.8,629.6,629.7,0.736964
2026-04-21 18:45:00,629.6,629.9,629.4,629.4,11.323068
2026-04-21 18:48:00,629.3,629.3,628.7,628.7,3.301511
2026-04-21 18:51:00,628.7,628.9,628.6,628.6,9.014469
2026-04-21 18:54:00,628.5,630.5,628.5,629.7,61.388445
2026-04-21 18:57:00,629.7,630.4,629.7,630.4,3.567338
2026-04-21 19:00:00,630.4,631.1,630.4,630.9,4.38795
2026-04-21 19:03:00,631.0,631.3,630.9,631.3,7.694614
2026-04-21 19:06:00,631.3,631.3,631.1,631.2,0.729323
2026-04-21 19:09:00,631.0,631.2,630.8,631.2,1.12339
2026-04-21 19:12:00,631.0,631.0,629.7,629.9,9.839568
2026-04-21 19:15:00,630.2,630.4,629.8,630.0,5.074152
2026-04-21 19:18:00,630.0,630.4,630.0,630.3,2.914485
2026-04-21 19:21:00,630.3,631.2,630.3,631.0,18.033134
2026-04-21 19:24:00,631.1,631.5,631.1,631.3,6.364797
2026-04-21 19:27:00,631.2,631.2,630.6,630.6,0.412201
2026-04-21 19:30:00,630.6,630.7,630.4,630.5,1.335488
2026-04-21 19:33:00,630.4,630.4,629.5,629.5,3.095144
2026-04-21 19:36:00,629.4,629.4,627.7,627.7,24.485994
2026-04-21 19:39:00,627.7,627.8,626.3,626.3,34.088526
2026-04-21 19:42:00,626.2,626.4,624.9,625.2,54.396056
2026-04-21 19:45:00,625.2,626.3,625.1,626.2,12.615475
2026-04-21 19:48:00,626.2,626.8,626.0,626.3,20.95431
2026-04-21 19:51:00,626.3,626.4,626.0,626.4,2.784878
2026-04-21 19:54:00,626.4,626.5,626.2,626.2,1.539386
2026-04-21 19:57:00,626.2,626.5,626.2,626.5,1.594641
2026-04-21 20:00:00,626.5,626.8,625.8,626.1,20.535115
2026-04-21 20:03:00,626.0,626.6,626.0,626.0,1.964361
2026-04-21 20:06:00,626.0,626.0,625.5,625.8,1.808145
2026-04-21 20:09:00,625.9,630.6,625.9,629.7,227.826584
2026-04-21 20:12:00,629.7,629.8,629.2,629.5,12.822088
2026-04-21 20:15:00,629.5,629.6,629.2,629.6,3.547681
2026-04-21 20:18:00,629.6,629.7,629.1,629.7,18.718118
2026-04-21 20:21:00,629.8,629.8,629.3,629.5,4.144503
2026-04-21 20:24:00,629.6,630.2,629.6,630.1,6.850584
2026-04-21 20:27:00,630.2,630.3,629.6,629.6,4.155745
2026-04-21 20:30:00,629.7,630.6,629.7,630.4,13.222917
2026-04-21 20:33:00,630.2,630.5,630.1,630.4,5.228502
2026-04-21 20:36:00,630.5,630.5,630.0,630.1,4.651377
2026-04-21 20:39:00,630.2,630.2,629.9,629.9,5.004188
2026-04-21 20:42:00,629.7,629.8,629.7,629.7,0.863388
2026-04-21 20:45:00,629.8,629.8,629.1,629.3,5.23278
2026-04-21 20:48:00,629.4,629.8,629.3,629.5,2.769995
2026-04-21 20:51:00,629.6,629.7,629.4,629.6,2.026823
2026-04-21 20:54:00,629.6,630.0,629.6,630.0,2.365415
2026-04-21 20:57:00,630.0,630.2,629.9,629.9,1.550242
2026-04-21 21:00:00,629.8,630.0,629.5,629.5,8.185527
2026-04-21 21:03:00,629.4,629.6,629.4,629.5,0.810998
2026-04-21 21:06:00,629.4,629.4,629.2,629.2,1.833062
2026-04-21 21:09:00,629.2,629.2,628.9,628.9,8.201064
2026-04-21 21:12:00,628.8,629.1,628.7,629.1,26.73614
2026-04-21 21:15:00,629.3,629.3,629.0,629.0,4.632719
2026-04-21 21:18:00,629.0,629.5,629.0,629.5,1.688359
2026-04-21 21:21:00,629.7,629.7,629.5,629.5,2.276635
2026-04-21 21:24:00,629.5,629.5,629.2,629.2,11.887559
2026-04-21 21:27:00,629.4,629.4,628.8,628.9,3.587146
2026-04-21 21:30:00,628.9,629.1,628.9,629.1,6.038552
2026-04-21 21:33:00,629.1,629.6,629.0,629.5,6.59042
2026-04-21 21:36:00,629.5,629.5,629.2,629.3,1.471374
2026-04-21 21:39:00,629.3,629.6,629.2,629.2,5.169498
2026-04-21 21:42:00,629.2,629.3,628.9,629.0,6.661961
2026-04-21 21:45:00,628.9,629.0,628.9,629.0,1.084557
2026-04-21 21:48:00,629.0,629.2,628.8,628.9,12.467191
2026-04-21 21:51:00,629.0,629.1,628.9,629.0,10.994963
2026-04-21 21:54:00,629.0,629.1,628.9,629.1,1.472711
2026-04-21 21:57:00,629.1,629.5,629.0,629.2,3.389947
2026-04-21 22:00:00,629.2,629.6,628.9,629.3,2.384559
2026-04-21 22:03:00,629.4,629.5,628.8,629.0,3.06572
2026-04-21 22:06:00,629.1,629.4,628.9,629.1,1.516019
2026-04-21 22:09:00,629.1,629.5,629.1,629.5,2.916812
2026-04-21 22:12:00,629.5,629.8,629.3,629.8,5.045968
2026-04-21 22:15:00,629.7,629.7,629.1,629.2,2.888495
2026-04-21 22:18:00,629.1,629.1,628.1,628.5,4.284606
2026-04-21 22:21:00,628.5,628.5,627.8,627.9,4.559283
2026-04-21 22:24:00,628.1,628.3,628.0,628.2,1.483694
2026-04-21 22:27:00,628.1,628.2,628.1,628.2,2.220555
2026-04-21 22:30:00,628.2,628.4,627.7,627.9,4.940328
2026-04-21 22:33:00,627.9,628.1,627.7,628.0,10.685424
2026-04-21 22:36:00,627.9,628.2,627.9,628.1,3.848659
2026-04-21 22:39:00,628.2,628.2,628.0,628.1,3.536065
2026-04-21 22:42:00,628.0,629.0,628.0,629.0,4.623494
2026-04-21 22:45:00,629.0,629.0,628.6,628.7,6.183985
2026-04-21 22:48:00,628.8,628.8,628.3,628.3,0.954238
2026-04-21 22:51:00,628.4,628.5,628.3,628.3,1.547099
2026-04-21 22:54:00,628.3,628.7,628.3,628.7,3.410948
2026-04-21 22:57:00,628.7,628.8,628.4,628.8,47.570346
2026-04-21 23:00:00,628.9,629.7,628.9,629.7,2.419317
2026-04-21 23:03:00,629.8,630.3,629.4,630.3,54.082261
2026-04-21 23:06:00,630.4,630.6,630.4,630.6,1.31922
2026-04-21 23:09:00,630.6,630.6,629.8,629.9,35.944196
2026-04-21 23:12:00,629.9,630.0,629.6,629.9,13.345964
2026-04-21 23:15:00,630.0,630.3,630.0,630.3,2.66575
2026-04-21 23:18:00,630.2,630.4,630.0,630.1,4.070417
2026-04-21 23:21:00,630.1,630.2,630.0,630.1,0.995013
2026-04-21 23:24:00,630.1,630.3,630.1,630.2,1.050915
2026-04-21 23:27:00,630.1,630.2,629.8,629.9,5.12672
2026-04-21 23:30:00,629.8,629.9,629.7,629.9,3.917232
2026-04-21 23:33:00,629.9,630.1,629.9,629.9,1.451797
2026-04-21 23:36:00,629.9,629.9,629.7,629.7,3.968594
2026-04-21 23:39:00,629.8,630.4,629.8,630.3,1.214899
2026-04-21 23:42:00,630.0,631.1,630.0,631.0,15.474721
2026-04-21 23:45:00,631.0,632.2,631.0,632.1,17.915861
2026-04-21 23:48:00,632.1,632.2,631.8,632.1,1.981229
2026-04-21 23:51:00,631.9,632.0,631.5,631.6,8.792647
2026-04-21 23:54:00,631.5,631.7,631.4,631.6,6.675726
2026-04-21 23:57:00,631.5,631.8,631.5,631.5,1.742014
2026-04-22 00:00:00,631.6,632.2,631.6,631.8,4.536146
2026-04-22 00:03:00,632.0,632.4,632.0,632.3,9.245538
2026-04-22 00:06:00,632.3,632.4,632.3,632.4,4.110777
2026-04-22 00:09:00,632.5,632.8,632.2,632.7,112.43543
2026-04-22 00:12:00,632.8,632.9,632.6,632.6,3.063454
2026-04-22 00:15:00,632.6,632.6,632.1,632.5,3.358376
2026-04-22 00:18:00,632.4,633.2,632.4,633.1,4.365068
2026-04-22 00:21:00,633.1,633.2,632.8,633.0,27.322149
2026-04-22 00:24:00,632.9,632.9,632.1,632.4,6.051402
2026-04-22 00:27:00,632.6,632.7,632.6,632.7,3.969394
2026-04-22 00:30:00,632.6,632.8,632.5,632.6,6.787728
2026-04-22 00:33:00,632.7,632.8,632.3,632.4,4.891639
2026-04-22 00:36:00,632.3,632.4,632.0,632.3,1.034097
2026-04-22 00:39:00,632.3,632.6,632.2,632.2,2.741502
2026-04-22 00:42:00,632.2,632.7,632.2,632.4,5.140796
2026-04-22 00:45:00,632.5,632.7,632.5,632.7,1.655762
2026-04-22 00:48:00,632.7,632.7,632.2,632.2,7.535176
2026-04-22 00:51:00,632.2,632.4,632.2,632.3,2.773593
2026-04-22 00:54:00,632.4,632.7,632.3,632.4,2.596772
2026-04-22 00:57:00,632.4,632.7,632.4,632.7,5.275962
2026-04-22 01:00:00,632.9,633.0,632.8,632.9,6.921382
2026-04-22 01:03:00,632.9,632.9,632.6,632.7,4.076297
2026-04-22 01:06:00,632.7,632.8,632.4,632.4,4.516654
2026-04-22 01:09:00,632.4,632.4,632.1,632.1,4.284407
2026-04-22 01:12:00,632.2,632.8,632.1,632.7,1.358921
2026-04-22 01:15:00,632.5,632.6,632.3,632.3,1.449554
2026-04-22 01:18:00,632.2,632.2,631.3,631.6,2.944884
2026-04-22 01:21:00,631.6,631.9,631.2,631.9,2.945435
2026-04-22 01:24:00,632.1,632.1,631.5,631.6,3.183607
2026-04-22 01:27:00,631.6,631.7,631.3,631.3,2.8959
2026-04-22 01:30:00,631.3,631.6,631.3,631.3,2.125191
2026-04-22 01:33:00,631.4,631.6,631.4,631.6,2.394294
2026-04-22 01:36:00,631.7,632.0,631.6,632.0,2.877634
2026-04-22 01:39:00,631.9,632.2,631.9,632.0,6.538619
2026-04-22 01:42:00,632.1,632.3,631.9,631.9,7.347457
2026-04-22 01:45:00,632.0,632.2,631.8,631.8,1.561008
2026-04-22 01:48:00,631.8,632.4,631.8,632.4,1.874493
2026-04-22 01:51:00,632.4,633.0,632.2,632.2,11.592504
2026-04-22 01:54:00,632.2,632.6,632.1,632.6,3.693062
2026-04-22 01:57:00,632.6,632.6,632.5,632.5,3.441857
2026-04-22 02:00:00,632.6,633.2,632.6,632.9,2.672752
2026-04-22 02:03:00,632.8,632.9,632.5,632.8,1.555827
2026-04-22 02:06:00,632.8,632.9,632.6,632.9,8.320276
2026-04-22 02:09:00,633.0,635.0,633.0,634.9,70.083962
2026-04-22 02:12:00,635.1,635.3,634.7,634.9,13.419645
2026-04-22 02:15:00,635.0,636.9,635.0,636.5,28.366075
2026-04-22 02:18:00,636.4,637.1,636.1,636.1,18.433435
2026-04-22 02:21:00,636.1,636.1,635.1,636.0,13.521224
2026-04-22 02:24:00,635.9,636.6,635.9,636.6,15.178089
2026-04-22 02:27:00,636.8,637.8,636.8,637.7,6.204218
2026-04-22 02:30:00,637.8,638.2,636.6,636.8,11.591519
2026-04-22 02:33:00,636.8,638.1,636.6,638.0,9.174533
2026-04-22 02:36:00,638.0,638.0,637.3,637.3,6.740127
2026-04-22 02:39:00,637.3,638.2,637.3,637.8,25.892878
2026-04-22 02:42:00,637.9,639.3,637.9,639.2,166.872676
2026-04-22 02:45:00,639.3,639.3,638.6,638.9,12.283411
2026-04-22 02:48:00,639.0,639.7,638.2,639.4,110.464439
2026-04-22 02:51:00,639.5,640.0,639.4,639.5,10.866811
2026-04-22 02:54:00,639.5,640.3,639.5,640.1,63.082676
2026-04-22 02:57:00,640.2,641.0,640.1,640.1,106.064683
2026-04-22 03:00:00,640.2,640.5,639.4,640.3,27.444281
2026-04-22 03:03:00,640.3,640.6,639.8,640.3,71.028529
2026-04-22 03:06:00,640.0,640.9,639.9,640.3,31.69677
2026-04-22 03:09:00,640.2,641.5,640.2,641.5,37.692987
2026-04-22 03:12:00,641.4,641.5,640.5,640.6,22.051935
2026-04-22 03:15:00,640.6,640.7,639.6,640.0,9.211284
2026-04-22 03:18:00,639.9,640.1,639.2,639.5,12.711255
2026-04-22 03:21:00,639.6,639.8,639.3,639.5,6.826279
2026-04-22 03:24:00,639.6,640.5,639.6,640.4,15.274205
2026-04-22 03:27:00,640.5,640.6,640.2,640.3,14.60688
2026-04-22 03:30:00,640.4,640.4,639.8,640.0,11.013696
2026-04-22 03:33:00,640.0,640.0,639.5,639.6,6.66431
2026-04-22 03:36:00,639.6,639.7,639.3,639.5,3.556245
2026-04-22 03:39:00,639.5,639.7,639.4,639.6,14.014558
2026-04-22 03:42:00,639.6,639.8,639.5,639.7,2.894434
2026-04-22 03:45:00,639.8,640.2,639.8,640.1,97.482116
2026-04-22 03:48:00,640.1,640.1,639.7,640.0,7.351689
2026-04-22 03:51:00,640.0,640.3,639.9,640.1,15.650274
2026-04-22 03:54:00,640.0,640.0,639.9,639.9,1.91761
2026-04-22 03:57:00,639.8,640.1,639.6,639.6,8.296376
2026-04-22 04:00:00,639.6,640.0,639.5,639.9,2.943172
2026-04-22 04:03:00,640.0,640.1,639.8,640.1,14.341777
2026-04-22 04:06:00,640.0,640.0,639.7,639.7,4.141804
2026-04-22 04:09:00,639.8,639.9,639.7,639.8,2.718566
2026-04-22 04:12:00,639.8,639.8,639.3,639.3,27.320495
2026-04-22 04:15:00,639.3,639.6,639.0,639.2,144.495716
2026-04-22 04:18:00,639.2,639.3,638.7,638.7,4.256614
2026-04-22 04:21:00,638.8,639.2,638.8,639.1,5.342258
2026-04-22 04:24:00,639.1,639.2,638.8,639.0,4.382987
2026-04-22 04:27:00,638.9,639.2,638.9,639.1,2.383183
2026-04-22 04:30:00,639.2,639.4,639.2,639.4,12.950945
2026-04-22 04:33:00,639.4,639.6,639.2,639.6,7.206322
2026-04-22 04:36:00,639.7,639.9,639.4,639.9,29.4216
2026-04-22 04:39:00,639.9,640.7,639.9,640.6,23.364902
2026-04-22 04:42:00,640.5,640.5,640.1,640.2,11.210723
2026-04-22 04:45:00,640.2,640.2,639.9,640.2,11.882881
2026-04-22 04:48:00,640.2,640.2,639.9,639.9,6.766219
2026-04-22 04:51:00,640.0,640.0,639.5,639.7,25.559269
2026-04-22 04:54:00,639.7,639.9,639.5,639.6,14.400552
2026-04-22 04:57:00,639.6,639.7,639.4,639.7,14.855199
2026-04-22 05:00:00,639.9,640.1,639.7,639.8,7.25219
2026-04-22 05:03:00,639.9,640.4,639.8,640.4,3.785848
2026-04-22 05:06:00,640.3,640.5,640.1,640.5,31.768515
2026-04-22 05:09:00,640.5,640.7,640.1,640.1,5.530937
2026-04-22 05:12:00,640.1,640.3,640.0,640.2,6.237739
2026-04-22 05:15:00,640.2,642.4,639.9,642.2,54.027064
2026-04-22 05:18:00,642.1,642.7,641.5,642.1,70.836452
2026-04-22 05:21:00,642.1,642.9,642.0,642.7,35.3105
2026-04-22 05:24:00,642.6,644.5,642.6,643.6,117.747686
2026-04-22 05:27:00,643.5,643.5,642.4,642.8,22.871116
2026-04-22 05:30:00,642.9,643.8,642.7,643.5,38.57026
2026-04-22 05:33:00,643.5,643.8,643.2,643.8,41.050515
2026-04-22 05:36:00,643.7,643.7,643.0,643.0,18.59868
2026-04-22 05:39:00,643.1,644.0,642.2,643.4,23.380033
2026-04-22 05:42:00,643.5,644.0,643.5,644.0,12.770377
2026-04-22 05:45:00,643.9,644.7,643.8,644.7,34.754296
2026-04-22 05:48:00,644.5,644.7,644.2,644.3,16.605485
2026-04-22 05:51:00,644.3,644.9,643.4,643.4,124.133582
2026-04-22 05:54:00,643.4,644.0,643.1,643.3,15.581253
2026-04-22 05:57:00,643.1,643.6,641.6,642.8,371.579422
2026-04-22 06:00:00,642.8,642.8,642.3,642.4,12.848836
2026-04-22 06:03:00,642.5,642.8,642.2,642.3,41.541192
2026-04-22 06:06:00,642.4,642.7,642.1,642.1,15.027145
2026-04-22 06:09:00,642.1,642.1,641.8,641.8,9.655317
2026-04-22 06:12:00,641.8,642.0,641.5,641.8,17.597696
2026-04-22 06:15:00,641.7,642.8,641.7,642.8,15.305457
2026-04-22 06:18:00,642.8,643.1,642.8,643.0,16.183659
2026-04-22 06:21:00,643.0,643.3,643.0,643.1,17.113845
2026-04-22 06:24:00,643.1,643.1,642.6,642.8,11.22108
2026-04-22 06:27:00,642.8,642.8,642.2,642.5,26.145313
2026-04-22 06:30:00,642.6,642.8,642.4,642.5,3.312938
2026-04-22 06:33:00,642.6,642.6,642.0,642.2,9.66793
2026-04-22 06:36:00,642.2,642.2,642.1,642.2,10.620466
2026-04-22 06:39:00,642.1,642.2,641.8,642.0,27.241338
2026-04-22 06:42:00,642.0,642.0,641.8,641.8,7.354148
2026-04-22 06:45:00,641.8,642.0,641.6,641.7,13.342864
2026-04-22 06:48:00,641.9,642.0,641.8,642.0,10.026989
2026-04-22 06:51:00,642.0,642.1,641.8,642.0,17.087807
2026-04-22 06:54:00,642.0,642.3,641.9,642.1,10.322796
2026-04-22 06:57:00,642.1,642.3,642.0,642.3,19.622139
2026-04-22 07:00:00,642.4,642.7,642.2,642.4,4.56737
2026-04-22 07:03:00,642.3,642.4,642.0,642.4,20.634941
2026-04-22 07:06:00,642.3,642.4,642.1,642.1,9.038113
2026-04-22 07:09:00,642.1,642.3,642.1,642.2,18.152042
2026-04-22 07:12:00,642.2,642.9,642.2,642.9,19.662253
2026-04-22 07:15:00,642.8,642.8,642.0,642.1,68.060652
2026-04-22 07:18:00,642.2,642.2,641.8,641.8,36.858105
2026-04-22 07:21:00,641.8,641.8,641.5,641.7,40.546333
2026-04-22 07:24:00,641.7,642.1,641.7,641.9,11.603717
2026-04-22 07:27:00,641.9,642.0,641.7,641.8,17.739138
2026-04-22 07:30:00,641.8,642.1,641.8,642.1,31.12228
2026-04-22 07:33:00,642.2,642.5,642.1,642.5,4.319445
2026-04-22 07:36:00,642.5,642.6,642.1,642.1,4.71412
2026-04-22 07:39:00,642.1,642.2,641.9,642.2,7.950699
2026-04-22 07:42:00,642.1,642.8,642.1,642.8,13.33675
2026-04-22 07:45:00,642.8,642.8,642.4,642.6,4.530261
2026-04-22 07:48:00,642.6,642.6,642.2,642.6,15.806329
2026-04-22 07:51:00,642.6,642.7,642.2,642.2,23.525435
2026-04-22 07:54:00,642.1,642.3,641.9,642.3,28.006726
2026-04-22 07:57:00,642.2,642.4,642.0,642.0,3.861908
2026-04-22 08:00:00,642.1,642.6,642.0,642.4,7.142534
2026-04-22 08:03:00,642.4,642.4,641.9,642.2,7.747679
2026-04-22 08:06:00,642.1,642.3,642.0,642.3,10.411326
2026-04-22 08:09:00,642.3,642.9,642.3,642.9,6.099613
2026-04-22 08:12:00,642.8,642.9,642.7,642.8,5.157724
2026-04-22 08:15:00,642.8,642.9,642.7,642.7,1.312975
2026-04-22 08:18:00,642.7,642.7,642.6,642.7,3.652528
2026-04-22 08:21:00,642.6,642.8,642.4,642.4,7.755632
2026-04-22 08:24:00,642.4,642.4,641.7,642.0,14.824868
2026-04-22 08:27:00,641.9,642.0,641.6,641.7,8.194556
2026-04-22 08:30:00,641.6,641.7,641.5,641.6,3.8702
2026-04-22 08:33:00,641.5,641.6,641.2,641.5,20.692717
2026-04-22 08:36:00,641.6,641.6,641.1,641.1,9.860399
2026-04-22 08:39:00,641.2,641.4,641.1,641.3,3.227228
2026-04-22 08:42:00,641.2,641.5,641.2,641.4,2.422187
2026-04-22 08:45:00,641.5,641.8,641.4,641.6,5.77073
2026-04-22 08:48:00,641.5,641.6,641.3,641.6,10.372122
2026-04-22 08:51:00,641.7,642.0,641.6,641.8,16.187777
2026-04-22 08:54:00,641.9,642.2,641.8,642.0,1.505026
2026-04-22 08:57:00,642.0,642.5,641.8,642.1,25.803148
2026-04-22 09:00:00,642.1,642.3,642.0,642.1,2.43293
2026-04-22 09:03:00,642.1,642.4,642.1,642.3,4.852923
2026-04-22 09:06:00,642.3,642.8,642.3,642.8,5.26773
2026-04-22 09:09:00,642.9,643.8,642.9,643.6,13.411904
2026-04-22 09:12:00,643.6,643.6,643.4,643.5,13.083325
2026-04-22 09:15:00,643.4,643.6,643.4,643.6,3.239522
2026-04-22 09:18:00,643.5,643.5,642.9,643.1,4.231175
2026-04-22 09:21:00,643.2,643.4,643.1,643.1,3.009696
2026-04-22 09:24:00,643.0,643.4,642.9,643.4,1.542505
2026-04-22 09:27:00,643.3,643.3,643.1,643.2,1.628576
2026-04-22 09:30:00,643.1,643.3,643.1,643.2,3.411673
2026-04-22 09:33:00,643.2,643.2,642.9,642.9,8.413613
2026-04-22 09:36:00,642.9,642.9,642.6,642.8,6.771468
2026-04-22 09:39:00,642.9,643.4,642.8,643.1,7.818926
2026-04-22 09:42:00,643.1,643.1,642.9,642.9,3.118601
2026-04-22 09:45:00,643.0,643.0,642.4,642.4,5.382109
2026-04-22 09:48:00,642.5,642.9,642.4,642.9,6.585051
2026-04-22 09:51:00,642.8,642.8,642.1,642.1,11.119464
2026-04-22 09:54:00,642.0,642.1,641.8,641.8,3.253688
2026-04-22 09:57:00,641.8,642.1,641.8,642.1,3.493618
2026-04-22 10:00:00,642.1,642.4,641.9,641.9,3.701732
2026-04-22 10:03:00,641.8,641.8,641.5,641.5,22.937257
2026-04-22 10:06:00,641.8,642.0,641.7,641.9,4.876209
2026-04-22 10:09:00,642.0,642.0,641.7,641.9,5.012229
2026-04-22 10:12:00,642.0,642.1,641.9,642.1,1.781192
2026-04-22 10:15:00,642.1,642.1,641.9,641.9,12.654955
2026-04-22 10:18:00,641.9,642.3,641.9,642.2,31.704541
2026-04-22 10:21:00,642.3,642.5,642.3,642.5,2.453145
2026-04-22 10:24:00,642.6,642.6,642.4,642.4,1.09944
2026-04-22 10:27:00,642.4,642.6,642.4,642.6,2.058759
2026-04-22 10:30:00,642.5,642.8,642.5,642.8,4.930102
2026-04-22 10:33:00,642.8,643.1,642.8,643.0,11.259016
2026-04-22 10:36:00,643.1,643.3,643.0,643.2,25.987539
2026-04-22 10:39:00,643.2,643.2,643.0,643.1,1.209869
2026-04-22 10:42:00,643.1,643.1,642.8,642.9,6.934349
2026-04-22 10:45:00,642.9,642.9,642.5,642.8,85.686044
2026-04-22 10:48:00,642.8,642.9,642.7,642.8,4.643549
2026-04-22 10:51:00,642.9,643.0,642.7,643.0,6.231288
2026-04-22 10:54:00,642.9,642.9,641.9,642.1,39.614749
2026-04-22 10:57:00,642.2,642.2,641.4,642.1,100.098693
2026-04-22 11:00:00,642.1,642.4,641.7,642.2,18.200269
2026-04-22 11:03:00,642.2,642.2,641.5,641.8,11.572315
2026-04-22 11:06:00,641.8,641.9,641.6,641.6,23.003184
2026-04-22 11:09:00,641.5,641.6,641.2,641.5,14.164135
2026-04-22 11:12:00,641.5,641.8,641.3,641.7,19.576385
2026-04-22 11:15:00,641.8,642.1,641.8,642.1,167.63483
2026-04-22 11:18:00,642.0,642.3,642.0,642.1,120.959109
2026-04-22 11:21:00,642.1,642.1,642.0,642.0,19.895508
2026-04-22 11:24:00,642.1,642.1,642.0,642.1,6.40838
2026-04-22 11:27:00,642.0,642.2,642.0,642.2,25.683136
2026-04-22 11:30:00,642.3,642.5,642.3,642.3,5.620663
2026-04-22 11:33:00,642.3,642.7,642.0,642.0,31.377824
2026-04-22 11:36:00,642.0,642.1,641.8,642.1,167.229273
2026-04-22 11:39:00,642.1,642.2,641.9,642.2,6.299193
2026-04-22 11:42:00,642.2,642.4,641.9,642.3,70.582433
2026-04-22 11:45:00,642.3,642.7,642.2,642.4,7.299112
2026-04-22 11:48:00,642.4,643.0,642.4,642.6,5.865673
2026-04-22 11:51:00,642.5,643.1,642.5,642.9,8.602721
2026-04-22 11:54:00,642.9,643.0,642.8,642.9,3.976491
2026-04-22 11:57:00,642.8,643.0,642.7,642.9,28.205511
2026-04-22 12:00:00,643.0,643.0,642.4,642.9,56.47385
2026-04-22 12:03:00,643.0,643.7,643.0,643.2,21.211737
2026-04-22 12:06:00,643.2,643.8,643.2,643.7,19.450423
2026-04-22 12:09:00,643.6,644.0,643.6,644.0,13.492838
2026-04-22 12:12:00,644.0,644.1,643.8,644.0,90.518221
2026-04-22 12:15:00,643.9,644.2,643.7,643.7,7.837306
2026-04-22 12:18:00,643.7,643.9,643.5,643.6,16.865491
2026-04-22 12:21:00,643.7,643.7,643.1,643.4,18.411878
2026-04-22 12:24:00,643.4,643.4,643.2,643.3,7.584821
2026-04-22 12:27:00,643.2,643.2,642.5,642.9,17.19043
2026-04-22 12:30:00,643.0,643.0,642.6,642.7,46.316241
2026-04-22 12:33:00,642.6,643.1,642.6,642.9,17.259503
2026-04-22 12:36:00,642.8,643.0,642.7,642.7,6.174966
2026-04-22 12:39:00,642.7,643.0,642.6,642.9,9.487408
2026-04-22 12:42:00,642.9,642.9,642.7,642.9,9.532457
2026-04-22 12:45:00,642.9,643.9,642.9,643.5,17.928078
2026-04-22 12:48:00,643.4,643.4,642.9,643.3,22.165027
2026-04-22 12:51:00,643.2,643.7,643.2,643.7,55.243639
2026-04-22 12:54:00,643.7,643.8,643.6,643.7,65.056482
2026-04-22 12:57:00,643.8,644.1,643.7,643.7,6.431249
2026-04-22 13:00:00,643.7,643.8,643.3,643.7,8.804279
2026-04-22 13:03:00,643.7,644.4,643.7,644.4,378.046992
2026-04-22 13:06:00,644.4,644.4,644.0,644.3,18.694181
2026-04-22 13:09:00,644.2,645.4,643.6,644.2,121.265044
2026-04-22 13:12:00,644.2,644.5,644.1,644.3,28.588324
2026-04-22 13:15:00,644.4,644.9,644.2,644.5,19.912617
2026-04-22 13:18:00,644.5,645.1,644.2,644.9,48.825185
2026-04-22 13:21:00,644.9,645.0,644.5,644.9,8.990034
2026-04-22 13:24:00,644.9,645.0,644.8,644.9,9.899294
2026-04-22 13:27:00,644.9,644.9,644.7,644.9,3.198977
2026-04-22 13:30:00,644.9,645.6,644.3,644.3,24.436011
2026-04-22 13:33:00,644.3,645.0,644.0,644.0,33.075669
2026-04-22 13:36:00,644.0,645.1,644.0,645.0,100.507693
2026-04-22 13:39:00,645.2,652.8,645.2,652.5,584.126087
2026-04-22 13:42:00,652.6,654.0,649.6,650.6,294.015786
2026-04-22 13:45:00,650.5,652.3,650.5,652.1,152.213243
2026-04-22 13:48:00,651.9,651.9,650.8,651.0,42.941148
2026-04-22 13:51:00,650.9,651.3,649.9,651.3,77.979729
2026-04-22 13:54:00,651.2,651.2,650.7,651.1,35.454507
2026-04-22 13:57:00,651.1,651.1,650.6,650.7,20.936126
2026-04-22 14:00:00,650.8,653.6,650.8,652.0,93.35083
2026-04-22 14:03:00,652.0,652.0,650.8,650.8,51.104286
2026-04-22 14:06:00,650.7,651.4,650.5,650.9,27.655131
2026-04-22 14:09:00,650.9,652.0,650.9,652.0,29.737724
2026-04-22 14:12:00,651.9,652.7,651.8,652.6,29.828454
2026-04-22 14:15:00,652.5,652.8,651.4,651.4,23.567555
2026-04-22 14:18:00,651.3,651.3,650.5,650.9,59.867108
2026-04-22 14:21:00,650.7,652.1,650.7,651.3,26.734883
2026-04-22 14:24:00,651.2,651.6,650.8,651.3,30.422081
2026-04-22 14:27:00,651.3,651.3,650.6,650.6,55.672288
2026-04-22 14:30:00,650.6,650.6,648.4,648.9,55.432122
2026-04-22 14:33:00,648.7,649.4,648.2,648.5,42.864122
2026-04-22 14:36:00,648.5,649.0,648.1,648.5,117.495493
2026-04-22 14:39:00,648.5,650.3,648.5,649.7,33.66788
2026-04-22 14:42:00,649.7,649.7,648.6,648.7,7.801235
2026-04-22 14:45:00,648.8,649.7,648.8,649.6,24.622032
2026-04-22 14:48:00,649.5,650.2,649.3,650.0,27.90299
2026-04-22 14:51:00,650.1,650.3,649.5,649.5,32.84615
2026-04-22 14:54:00,649.6,650.3,649.4,650.2,120.31104
2026-04-22 14:57:00,650.2,651.0,649.9,650.4,91.018487
2026-04-22 15:00:00,650.3,650.6,649.7,650.0,25.530443
2026-04-22 15:03:00,650.0,650.3,649.9,650.1,18.961983
2026-04-22 15:06:00,649.8,650.1,649.4,650.0,17.511566
2026-04-22 15:09:00,650.0,650.1,649.6,650.0,13.426891
2026-04-22 15:12:00,650.0,650.0,649.0,649.1,15.473904
2026-04-22 15:15:00,649.1,649.3,648.7,649.2,12.751304
2026-04-22 15:18:00,649.3,649.4,648.6,649.1,18.70638
2026-04-22 15:21:00,648.9,649.8,648.9,649.6,32.93398
2026-04-22 15:24:00,649.5,649.5,648.4,648.5,61.957083
2026-04-22 15:27:00,648.5,649.2,648.4,649.2,51.229815
2026-04-22 15:30:00,649.2,650.0,648.9,648.9,28.385864
2026-04-22 15:33:00,648.9,649.2,648.4,648.8,17.54862
2026-04-22 15:36:00,648.6,649.8,648.3,649.6,46.604412
2026-04-22 15:39:00,649.5,650.1,649.5,650.0,22.850737
2026-04-22 15:42:00,650.1,650.1,649.3,649.8,11.731133
2026-04-22 15:45:00,649.7,650.0,649.6,650.0,10.632881
2026-04-22 15:48:00,649.9,650.1,649.1,649.5,4.452529
2026-04-22 15:51:00,649.5,650.4,649.5,649.9,437.607922
2026-04-22 15:54:00,650.0,650.9,649.8,650.0,125.368555
2026-04-22 15:57:00,650.0,650.1,649.4,649.5,14.374702
2026-04-22 16:00:00,649.6,650.7,649.6,650.5,36.498945
2026-04-22 16:03:00,650.6,651.2,650.4,650.5,549.145061
2026-04-22 16:06:00,650.6,650.9,650.6,650.6,47.350146
2026-04-22 16:09:00,650.7,650.7,649.4,649.4,22.900507
2026-04-22 16:12:00,649.5,649.7,649.3,649.5,30.120908
2026-04-22 16:15:00,649.4,649.5,649.1,649.3,18.043661
2026-04-22 16:18:00,649.3,649.3,648.3,648.4,64.852756
2026-04-22 16:21:00,648.5,648.6,647.6,647.6,126.243288
2026-04-22 16:24:00,647.6,647.9,647.3,647.4,21.021775
2026-04-22 16:27:00,647.3,647.6,647.0,647.5,24.33331
2026-04-22 16:30:00,647.6,647.6,647.0,647.4,22.365801
2026-04-22 16:33:00,647.4,647.5,647.0,647.1,28.934115
2026-04-22 16:36:00,647.1,647.2,646.8,646.8,7.924394
2026-04-22 16:39:00,646.7,647.3,646.1,647.0,85.772808
2026-04-22 16:42:00,647.0,647.1,646.4,646.8,30.547624
2026-04-22 16:45:00,646.8,646.8,646.3,646.7,55.673085
2026-04-22 16:48:00,646.6,646.7,646.2,646.4,17.832064
2026-04-22 16:51:00,646.4,646.5,645.8,645.9,29.326957
2026-04-22 16:54:00,645.9,645.9,643.1,644.5,110.59155
2026-04-22 16:57:00,644.5,644.9,644.4,644.6,7.609796
2026-04-22 17:00:00,644.6,645.5,644.3,644.8,99.240069
2026-04-22 17:03:00,644.8,645.4,644.4,644.7,104.965974
2026-04-22 17:06:00,644.5,644.7,644.2,644.7,54.748889
2026-04-22 17:09:00,644.8,645.9,644.8,645.6,18.19712
2026-04-22 17:12:00,645.6,645.6,645.2,645.2,32.355716
2026-04-22 17:15:00,645.2,645.4,644.3,644.5,7.067626
2026-04-22 17:18:00,644.3,644.5,644.0,644.0,68.760881
2026-04-22 17:21:00,644.1,644.6,643.9,644.0,35.758062
2026-04-22 17:24:00,643.9,644.3,643.6,644.3,9.647062
2026-04-22 17:27:00,644.3,644.9,644.2,644.4,14.506933
2026-04-22 17:30:00,644.5,644.8,644.3,644.7,13.388865
2026-04-22 17:33:00,644.7,645.0,644.3,644.5,5.909345
2026-04-22 17:36:00,644.5,644.9,644.5,644.9,4.12003
2026-04-22 17:39:00,644.9,645.4,644.9,645.2,4.627935
2026-04-22 17:42:00,645.1,645.2,644.9,644.9,5.809772
2026-04-22 17:45:00,644.6,645.0,643.8,644.8,20.58786
2026-04-22 17:48:00,644.7,644.8,644.4,644.5,10.461831
2026-04-22 17:51:00,644.5,645.1,644.5,645.0,5.056116
2026-04-22 17:54:00,645.0,645.3,645.0,645.2,5.922865
2026-04-22 17:57:00,645.1,645.1,644.8,644.8,2.474377
2026-04-22 18:00:00,644.8,645.7,644.7,645.6,17.367127
2026-04-22 18:03:00,645.6,645.9,645.4,645.6,8.340799
2026-04-22 18:06:00,645.5,645.6,645.2,645.6,6.530748
2026-04-22 18:09:00,645.6,645.7,645.3,645.7,6.302912
2026-04-22 18:12:00,645.6,646.1,645.6,646.0,6.160101
2026-04-22 18:15:00,645.9,645.9,645.5,645.6,2.879245
2026-04-22 18:18:00,645.5,646.0,645.5,645.7,21.624525
2026-04-22 18:21:00,645.6,645.9,645.4,645.7,7.612186
2026-04-22 18:24:00,645.7,646.1,645.7,645.8,6.249866
2026-04-22 18:27:00,645.7,645.9,645.5,645.8,4.745801
2026-04-22 18:30:00,645.8,645.8,645.4,645.5,7.664567
2026-04-22 18:33:00,645.6,645.7,645.5,645.7,7.476718
2026-04-22 18:36:00,645.7,646.0,645.4,645.9,7.400886
2026-04-22 18:39:00,645.9,646.1,645.8,646.0,7.488901
2026-04-22 18:42:00,646.1,646.3,645.8,645.8,7.618282
2026-04-22 18:45:00,645.7,646.6,645.6,646.6,18.461195
2026-04-22 18:48:00,646.6,646.9,646.5,646.6,9.286613
2026-04-22 18:51:00,646.6,646.9,646.5,646.7,5.478579
2026-04-22 18:54:00,646.5,646.5,645.9,645.9,6.703299
2026-04-22 18:57:00,645.9,645.9,645.0,645.1,76.880535
2026-04-22 19:00:00,645.2,645.3,644.2,645.0,29.824107
2026-04-22 19:03:00,644.9,644.9,644.2,644.8,16.217637
2026-04-22 19:06:00,644.7,644.9,644.6,644.8,5.249178
2026-04-22 19:09:00,644.7,645.0,644.7,645.0,1.073649
2026-04-22 19:12:00,645.0,645.3,645.0,645.1,3.22059
2026-04-22 19:15:00,645.2,645.8,645.2,645.4,9.046096
2026-04-22 19:18:00,645.5,646.0,645.5,645.8,21.161081
2026-04-22 19:21:00,646.0,646.2,645.6,645.9,5.979164
2026-04-22 19:24:00,646.0,646.6,646.0,646.3,211.770839
2026-04-22 19:27:00,646.2,646.4,646.2,646.3,7.150332
2026-04-22 19:30:00,646.3,646.5,646.1,646.1,18.529227
2026-04-22 19:33:00,646.1,646.1,644.3,644.4,11.279686
2026-04-22 19:36:00,644.3,644.7,644.1,644.6,10.453472
2026-04-22 19:39:00,644.7,644.7,644.4,644.4,1.101787
2026-04-22 19:42:00,644.3,644.4,644.3,644.4,0.809108
2026-04-22 19:45:00,644.3,644.4,644.1,644.4,8.335037
2026-04-22 19:48:00,644.3,644.8,644.3,644.4,4.376101
2026-04-22 19:51:00,644.4,644.4,644.0,644.2,2.878031
2026-04-22 19:54:00,644.2,644.5,644.2,644.2,19.069052
2026-04-22 19:57:00,644.4,644.4,644.2,644.2,1.226128
2026-04-22 20:00:00,644.1,644.2,640.7,642.1,433.421433
2026-04-22 20:03:00,642.1,642.7,642.1,642.5,17.957256
2026-04-22 20:06:00,642.4,642.5,642.0,642.3,16.460052
2026-04-22 20:09:00,642.1,642.4,641.7,641.7,9.321172
2026-04-22 20:12:00,641.6,642.2,641.5,642.0,9.595223
2026-04-22 20:15:00,641.9,642.0,641.3,641.5,9.346831
2026-04-22 20:18:00,641.5,641.8,641.1,641.4,13.04073
2026-04-22 20:21:00,641.4,641.7,641.0,641.7,13.193473
2026-04-22 20:24:00,641.6,641.9,641.5,641.8,12.798824
2026-04-22 20:27:00,641.9,642.0,641.9,642.0,0.169791
2026-04-22 20:30:00,642.0,642.1,641.9,642.0,3.60537
2026-04-22 20:33:00,642.0,642.1,641.7,641.7,8.10627
2026-04-22 20:36:00,641.8,641.8,641.2,641.5,22.38344
2026-04-22 20:39:00,641.6,641.7,641.3,641.6,6.530636
2026-04-22 20:42:00,641.6,641.7,641.5,641.5,5.678119
2026-04-22 20:45:00,641.5,641.6,641.3,641.6,11.394121
2026-04-22 20:48:00,641.7,641.8,641.7,641.7,8.369154
2026-04-22 20:51:00,641.6,641.6,641.6,641.6,3.766601
2026-04-22 20:54:00,641.6,641.6,641.5,641.5,0.604395
2026-04-22 20:57:00,641.5,641.5,641.1,641.2,6.615343
2026-04-22 21:00:00,641.2,641.8,641.1,641.8,2.100585
2026-04-22 21:03:00,641.8,641.8,641.6,641.7,1.399615
2026-04-22 21:06:00,641.8,642.2,641.8,642.2,8.434199
2026-04-22 21:09:00,642.2,642.4,642.1,642.4,11.22669
2026-04-22 21:12:00,642.3,642.8,642.3,642.8,160.312267
2026-04-22 21:15:00,642.6,642.6,641.8,642.2,7.093081
2026-04-22 21:18:00,642.3,642.4,642.1,642.4,9.109995
2026-04-22 21:21:00,642.4,642.5,642.4,642.5,9.065172
2026-04-22 21:24:00,642.5,642.6,642.5,642.5,0.480955
2026-04-22 21:27:00,642.6,642.8,642.6,642.8,4.984941
2026-04-22 21:30:00,642.7,643.0,642.7,643.0,0.287684
2026-04-22 21:33:00,643.1,643.1,643.0,643.0,0.665937
2026-04-22 21:36:00,643.0,643.5,643.0,643.3,7.327516
2026-04-22 21:39:00,643.3,643.6,640.6,641.0,43.895481
2026-04-22 21:42:00,641.3,642.0,641.3,641.9,7.105042
2026-04-22 21:45:00,642.0,642.2,642.0,642.2,2.402216
2026-04-22 21:48:00,642.2,642.4,642.1,642.3,3.61333
2026-04-22 21:51:00,642.3,642.3,641.8,641.8,3.859557
2026-04-22 21:54:00,641.9,641.9,641.7,641.9,2.336708
2026-04-22 21:57:00,641.9,641.9,641.7,641.7,2.752329
2026-04-22 22:00:00,641.6,642.1,641.5,641.6,4.765796
2026-04-22 22:03:00,641.4,641.8,641.4,641.6,2.361482
2026-04-22 22:06:00,641.6,642.3,641.6,642.3,4.199009
2026-04-22 22:09:00,642.3,642.5,642.3,642.3,12.337497
2026-04-22 22:12:00,642.4,642.6,642.4,642.4,3.02832
2026-04-22 22:15:00,642.3,642.3,641.5,641.7,11.145957
2026-04-22 22:18:00,641.7,641.8,640.9,640.9,4.660426
2026-04-22 22:21:00,640.8,641.1,640.8,641.0,2.555424
2026-04-22 22:24:00,641.0,641.1,640.7,640.7,4.700715
2026-04-22 22:27:00,640.6,640.6,640.4,640.4,3.498178
2026-04-22 22:30:00,640.5,640.7,640.4,640.4,14.653484
2026-04-22 22:33:00,640.5,640.5,640.4,640.5,0.952406
2026-04-22 22:36:00,640.5,640.5,640.0,640.0,7.535247
2026-04-22 22:39:00,640.2,640.2,640.0,640.1,0.795498
2026-04-22 22:42:00,640.2,640.6,640.0,640.0,8.189997
2026-04-22 22:45:00,640.0,640.4,640.0,640.1,39.051111
2026-04-22 22:48:00,640.1,640.1,639.6,639.9,15.014614
2026-04-22 22:51:00,639.7,639.9,639.6,639.7,13.014103
2026-04-22 22:54:00,639.6,639.9,639.6,639.7,2.099388
2026-04-22 22:57:00,639.6,640.2,639.6,640.1,7.080081
2026-04-22 23:00:00,640.0,640.0,639.2,639.3,4.570598
2026-04-22 23:03:00,639.3,639.4,639.3,639.4,12.918501
2026-04-22 23:06:00,639.4,639.7,639.3,639.7,7.959589
2026-04-22 23:09:00,639.7,640.5,639.7,640.4,6.659994
2026-04-22 23:12:00,640.5,640.6,640.4,640.5,7.379766
2026-04-22 23:15:00,640.6,640.7,640.4,640.4,3.61849
2026-04-22 23:18:00,640.3,640.3,640.1,640.1,1.871874
2026-04-22 23:21:00,640.0,640.0,638.6,638.7,23.825277
2026-04-22 23:24:00,638.6,638.6,637.9,638.4,18.754318
2026-04-22 23:27:00,638.2,638.8,637.7,638.7,16.690948
2026-04-22 23:30:00,638.6,638.6,637.7,638.0,14.11063
2026-04-22 23:33:00,638.0,638.0,637.9,638.0,2.537144
2026-04-22 23:36:00,638.1,638.1,637.5,637.6,3.842972
2026-04-22 23:39:00,637.5,637.9,637.5,637.8,4.112131
2026-04-22 23:42:00,637.7,637.7,637.4,637.7,17.418229
2026-04-22 23:45:00,637.8,638.5,637.7,638.5,1.533255
2026-04-22 23:48:00,638.2,638.3,638.1,638.1,1.785349
2026-04-22 23:51:00,638.2,638.3,638.0,638.1,4.912689
2026-04-22 23:54:00,638.1,638.2,637.8,638.2,4.727156
2026-04-22 23:57:00,638.1,638.1,637.4,637.5,30.071397
2026-04-23 00:00:00,637.5,638.5,637.5,638.3,19.69081
2026-04-23 00:03:00,638.2,638.6,637.8,637.8,5.189106
2026-04-23 00:06:00,637.9,638.4,637.9,638.0,5.707639
2026-04-23 00:09:00,637.9,638.0,636.9,637.2,182.471484
2026-04-23 00:12:00,637.1,637.1,636.3,636.4,10.309137
2026-04-23 00:15:00,636.3,636.8,634.0,636.8,110.290492
2026-04-23 00:18:00,636.9,639.3,636.3,638.4,61.548371
2026-04-23 00:21:00,638.4,638.6,637.5,637.5,11.539686
2026-04-23 00:24:00,637.5,637.8,637.1,637.7,18.000464
2026-04-23 00:27:00,637.7,638.3,636.9,638.3,12.738413
2026-04-23 00:30:00,638.2,638.7,637.3,637.4,9.362476
2026-04-23 00:33:00,637.4,638.6,637.4,638.3,3.721368
2026-04-23 00:36:00,638.4,639.4,638.3,638.9,22.138834
2026-04-23 00:39:00,638.8,639.1,638.7,639.1,2.244617
2026-04-23 00:42:00,638.9,638.9,638.4,638.6,3.10635
2026-04-23 00:45:00,638.6,638.8,638.5,638.6,13.717707
2026-04-23 00:48:00,638.7,638.9,638.2,638.5,8.253114
2026-04-23 00:51:00,638.4,639.1,638.4,638.8,2.804986
2026-04-23 00:54:00,638.7,638.7,638.0,638.3,9.492222
2026-04-23 00:57:00,638.3,638.4,638.2,638.4,8.220041
2026-04-23 01:00:00,638.6,638.8,638.4,638.6,15.313464
2026-04-23 01:03:00,638.5,638.6,638.1,638.3,13.374944
2026-04-23 01:06:00,638.4,639.1,638.4,638.6,3.900541
2026-04-23 01:09:00,638.7,638.7,637.9,637.9,2.933026
2026-04-23 01:12:00,638.3,638.4,638.2,638.3,1.297682
2026-04-23 01:15:00,638.3,638.4,637.9,637.9,5.276935
2026-04-23 01:18:00,638.0,638.0,637.5,637.7,5.182823
2026-04-23 01:21:00,637.7,637.9,637.2,637.2,1.873819
2026-04-23 01:24:00,637.3,637.8,637.2,637.8,2.872202
2026-04-23 01:27:00,637.7,638.3,637.4,637.4,22.387681
2026-04-23 01:30:00,637.4,637.8,637.1,637.3,6.561955
2026-04-23 01:33:00,637.2,637.4,636.9,637.4,8.270982
2026-04-23 01:36:00,637.5,637.6,637.3,637.6,6.288592
2026-04-23 01:39:00,637.7,638.4,637.5,638.2,4.827709
2026-04-23 01:42:00,638.4,638.7,638.0,638.1,17.397314
2026-04-23 01:45:00,638.1,638.3,638.0,638.0,6.471212
2026-04-23 01:48:00,638.0,638.5,637.9,638.3,2.572586
2026-04-23 01:51:00,638.3,638.7,638.1,638.3,6.621881
2026-04-23 01:54:00,638.3,638.3,637.7,637.7,3.487124
2026-04-23 01:57:00,637.7,637.9,637.4,637.8,12.813988
2026-04-23 02:00:00,637.9,638.1,637.4,637.7,6.554685
2026-04-23 02:03:00,637.7,637.7,637.4,637.7,3.944439
2026-04-23 02:06:00,637.7,638.1,637.5,637.8,5.820332
2026-04-23 02:09:00,637.6,638.0,637.6,637.7,5.618151
2026-04-23 02:12:00,637.6,637.7,637.3,637.3,2.709554
2026-04-23 02:15:00,637.2,637.9,636.6,637.5,12.341753
2026-04-23 02:18:00,637.5,637.7,637.1,637.3,11.578304
2026-04-23 02:21:00,637.3,637.5,636.7,637.0,12.866528
2026-04-23 02:24:00,637.0,637.1,636.0,636.5,19.912654
2026-04-23 02:27:00,636.4,636.5,636.1,636.1,26.551997
2026-04-23 02:30:00,636.3,636.3,635.7,636.0,3.211087
2026-04-23 02:33:00,635.9,636.1,635.7,636.1,1.888425
2026-04-23 02:36:00,636.1,636.3,634.5,634.7,34.625365
2026-04-23 02:39:00,634.6,635.0,634.5,634.5,14.57351
2026-04-23 02:42:00,634.4,634.6,633.9,634.5,18.258401
2026-04-23 02:45:00,634.3,634.9,634.3,634.4,7.518115
2026-04-23 02:48:00,634.3,635.2,634.1,635.1,10.612781
2026-04-23 02:51:00,635.1,635.4,634.9,635.3,28.805465
2026-04-23 02:54:00,635.2,635.2,634.7,634.7,1.273878
2026-04-23 02:57:00,634.9,635.3,634.8,635.1,3.328771
2026-04-23 03:00:00,635.0,635.8,634.8,635.8,7.174558
2026-04-23 03:03:00,635.6,635.9,635.5,635.7,7.598737
2026-04-23 03:06:00,635.8,635.9,635.3,635.8,7.165793
2026-04-23 03:09:00,635.6,635.9,635.4,635.8,13.166939
2026-04-23 03:12:00,635.9,635.9,635.1,635.2,11.821918
2026-04-23 03:15:00,635.1,635.6,635.0,635.3,18.443069
2026-04-23 03:18:00,635.3,635.5,635.0,635.0,5.790147
2026-04-23 03:21:00,634.9,635.3,634.8,634.8,6.675864
2026-04-23 03:24:00,634.7,634.7,634.4,634.4,4.843342
2026-04-23 03:27:00,634.4,634.7,634.3,634.7,6.672455
2026-04-23 03:30:00,634.7,634.8,634.3,634.5,52.742589
2026-04-23 03:33:00,634.4,634.4,633.7,634.0,13.701025
2026-04-23 03:36:00,633.9,634.0,633.6,633.6,4.240823
2026-04-23 03:39:00,633.6,634.2,633.3,634.2,29.616552
2026-04-23 03:42:00,634.1,634.3,633.8,634.3,13.667602
2026-04-23 03:45:00,634.4,634.8,634.2,634.7,66.118803
2026-04-23 03:48:00,634.6,634.6,634.1,634.5,32.804493
2026-04-23 03:51:00,634.5,635.0,634.5,634.8,14.983454
2026-04-23 03:54:00,634.9,635.1,634.8,634.9,7.50717
2026-04-23 03:57:00,634.9,635.6,634.9,635.6,6.47715
2026-04-23 04:00:00,635.6,635.6,635.0,635.3,9.833593
2026-04-23 04:03:00,635.2,635.5,635.2,635.3,12.286165
2026-04-23 04:06:00,635.2,635.3,635.1,635.2,9.237528
2026-04-23 04:09:00,635.1,635.8,635.1,635.8,11.007996
2026-04-23 04:12:00,635.8,635.9,635.3,635.6,20.991347
2026-04-23 04:15:00,635.6,635.6,635.2,635.3,8.591337
2026-04-23 04:18:00,635.4,635.6,635.1,635.6,24.320182
2026-04-23 04:21:00,635.5,635.9,635.4,635.6,7.830529
2026-04-23 04:24:00,635.5,635.6,635.3,635.6,12.674361
2026-04-23 04:27:00,635.6,635.9,635.6,635.7,6.444846
2026-04-23 04:30:00,635.8,636.4,635.6,635.9,198.768459
2026-04-23 04:33:00,636.0,636.2,636.0,636.0,13.0269
2026-04-23 04:36:00,636.1,636.3,636.1,636.2,12.780192
2026-04-23 04:39:00,636.2,636.2,636.0,636.2,7.527946
2026-04-23 04:42:00,636.2,636.3,636.1,636.1,19.981424
2026-04-23 04:45:00,636.1,636.3,635.9,636.0,3.262598
2026-04-23 04:48:00,635.9,636.0,635.9,635.9,12.218366
2026-04-23 04:51:00,635.9,636.1,635.8,636.0,17.410423
2026-04-23 04:54:00,636.1,636.1,635.9,636.0,2.451138
2026-04-23 04:57:00,636.0,636.2,635.9,636.0,3.976726
2026-04-23 05:00:00,636.1,636.5,636.1,636.3,4.38623
2026-04-23 05:03:00,636.4,636.7,636.2,636.7,7.361653
2026-04-23 05:06:00,636.6,636.8,636.5,636.6,4.381368
2026-04-23 05:09:00,636.7,636.7,636.4,636.4,21.92632
2026-04-23 05:12:00,636.5,636.7,636.5,636.5,10.690338
2026-04-23 05:15:00,636.5,636.5,636.1,636.1,6.410203
2026-04-23 05:18:00,636.1,636.7,635.9,636.6,13.456508
2026-04-23 05:21:00,636.6,636.8,636.5,636.5,5.054176
2026-04-23 05:24:00,636.5,636.6,636.2,636.2,5.441563
2026-04-23 05:27:00,636.3,636.5,636.3,636.4,8.764151
2026-04-23 05:30:00,636.5,636.7,636.1,636.2,9.430694
2026-04-23 05:33:00,636.1,636.1,635.5,635.5,11.079246
2026-04-23 05:36:00,635.6,635.9,635.5,635.9,7.148627
2026-04-23 05:39:00,636.0,636.0,635.8,635.9,5.544473
2026-04-23 05:42:00,635.9,636.2,635.9,636.1,6.510344
2026-04-23 05:45:00,636.1,636.4,636.0,636.4,7.506357
2026-04-23 05:48:00,636.5,636.8,636.5,636.8,6.450722
2026-04-23 05:51:00,636.8,637.2,636.7,637.0,9.764193
2026-04-23 05:54:00,637.1,637.1,636.5,636.9,33.535646
2026-04-23 05:57:00,636.9,637.0,636.8,636.9,3.055839
2026-04-23 06:00:00,637.0,637.4,637.0,637.4,7.712946
2026-04-23 06:03:00,637.5,638.1,637.5,638.1,14.998106
2026-04-23 06:06:00,638.1,638.2,637.4,637.5,17.561526
2026-04-23 06:09:00,637.7,638.0,637.7,637.8,12.383479
2026-04-23 06:12:00,637.8,637.8,637.5,637.5,5.44545
2026-04-23 06:15:00,637.5,638.1,637.4,637.9,12.870058
2026-04-23 06:18:00,637.8,637.8,637.4,637.5,7.321855
2026-04-23 06:21:00,637.4,638.2,637.3,638.0,19.387048
2026-04-23 06:24:00,638.0,638.0,637.5,637.6,4.374969
2026-04-23 06:27:00,637.7,637.8,637.6,637.6,5.594275
2026-04-23 06:30:00,637.6,638.1,637.6,638.1,17.102767
2026-04-23 06:33:00,637.8,638.0,637.5,637.6,5.934025
2026-04-23 06:36:00,637.7,638.3,637.4,638.1,178.138631
2026-04-23 06:39:00,638.1,638.1,637.7,637.8,11.788492
2026-04-23 06:42:00,637.7,637.8,637.1,637.2,6.044513
2026-04-23 06:45:00,637.3,637.6,637.2,637.3,15.87581
2026-04-23 06:48:00,637.4,637.4,636.7,637.0,19.22386
2026-04-23 06:51:00,637.0,637.7,637.0,637.5,11.542495
2026-04-23 06:54:00,637.6,637.6,636.9,637.2,14.869139
2026-04-23 06:57:00,637.2,637.2,637.1,637.1,2.137577
2026-04-23 07:00:00,637.1,637.3,636.8,637.2,11.452757
2026-04-23 07:03:00,637.2,637.2,636.9,636.9,12.632777
2026-04-23 07:06:00,637.0,637.2,636.9,637.1,2.624167
2026-04-23 07:09:00,637.0,637.1,636.6,636.7,16.252795
2026-04-23 07:12:00,636.8,636.8,636.6,636.6,8.047129
2026-04-23 07:15:00,636.6,636.6,636.4,636.6,7.608179
2026-04-23 07:18:00,636.6,636.9,636.5,636.9,7.148919
2026-04-23 07:21:00,636.9,637.1,636.6,637.0,8.311753
2026-04-23 07:24:00,637.0,637.3,637.0,637.1,33.41433
2026-04-23 07:27:00,637.1,637.4,637.1,637.1,10.327272
2026-04-23 07:30:00,637.0,637.2,636.8,637.0,12.065506
2026-04-23 07:33:00,637.1,637.4,637.0,637.4,7.037246
2026-04-23 07:36:00,637.3,637.3,636.4,636.6,5.322826
2026-04-23 07:39:00,636.8,637.0,636.6,637.0,8.471564
2026-04-23 07:42:00,636.9,636.9,636.6,636.8,6.301632
2026-04-23 07:45:00,636.8,637.0,636.5,636.5,7.628257
2026-04-23 07:48:00,636.4,637.0,636.3,636.7,12.341215
2026-04-23 07:51:00,636.8,636.8,635.6,636.0,16.687929
2026-04-23 07:54:00,635.9,635.9,635.7,635.8,7.775421
2026-04-23 07:57:00,635.8,635.9,635.6,635.9,10.783453
2026-04-23 08:00:00,635.9,636.0,635.8,635.8,15.437974
2026-04-23 08:03:00,635.8,635.8,635.4,635.5,4.573794
2026-04-23 08:06:00,635.4,635.9,635.4,635.9,9.174791
2026-04-23 08:09:00,635.8,636.2,635.7,635.8,4.521465
2026-04-23 08:12:00,635.8,636.5,635.8,636.1,11.539438
2026-04-23 08:15:00,636.1,636.4,636.0,636.3,4.563451
2026-04-23 08:18:00,636.2,636.3,635.8,636.3,22.948253
2026-04-23 08:21:00,636.1,636.2,636.0,636.1,2.809465
2026-04-23 08:24:00,636.0,636.2,635.6,635.9,36.787159
2026-04-23 08:27:00,636.0,636.0,635.5,635.7,31.909824
2026-04-23 08:30:00,635.7,635.7,634.9,634.9,59.38055
2026-04-23 08:33:00,634.8,634.9,634.5,634.9,20.032838
2026-04-23 08:36:00,634.8,634.8,634.4,634.7,6.758708
2026-04-23 08:39:00,634.6,634.6,634.2,634.2,20.156027
2026-04-23 08:42:00,634.3,634.7,634.3,634.3,40.349242
2026-04-23 08:45:00,634.4,634.6,634.3,634.6,8.141742
2026-04-23 08:48:00,634.5,634.8,634.5,634.8,5.336909
2026-04-23 08:51:00,634.8,635.2,634.7,635.2,12.122638
2026-04-23 08:54:00,635.2,635.5,635.2,635.2,25.403299
2026-04-23 08:57:00,635.2,635.7,635.2,635.5,6.48292
2026-04-23 09:00:00,635.4,635.5,635.3,635.3,5.30441
2026-04-23 09:03:00,635.3,635.3,634.0,634.0,22.383141
2026-04-23 09:06:00,634.0,634.1,633.7,633.8,35.701365
2026-04-23 09:09:00,633.8,633.9,632.3,633.3,62.658626
2026-04-23 09:12:00,633.2,633.5,633.2,633.5,6.194446
2026-04-23 09:15:00,633.5,634.1,633.5,634.1,16.071468
2026-04-23 09:18:00,634.1,634.7,634.1,634.5,15.988386
2026-04-23 09:21:00,634.2,634.2,633.7,633.8,14.749825
2026-04-23 09:24:00,633.7,633.8,633.6,633.7,5.710216
2026-04-23 09:27:00,633.7,634.0,633.7,633.8,11.335028
2026-04-23 09:30:00,633.8,633.9,633.8,633.9,4.252718
2026-04-23 09:33:00,633.9,634.0,633.8,633.8,6.419299
2026-04-23 09:36:00,633.8,633.9,633.6,633.6,8.483846
2026-04-23 09:39:00,633.7,634.2,633.6,634.1,12.633982
2026-04-23 09:42:00,634.0,634.1,633.8,633.8,11.165317
2026-04-23 09:45:00,633.7,633.8,632.5,632.6,26.561126
2026-04-23 09:48:00,632.6,632.8,632.4,632.6,18.256095
2026-04-23 09:51:00,632.5,633.0,632.5,632.8,16.495662
2026-04-23 09:54:00,632.8,633.0,632.6,632.8,12.202653
2026-04-23 09:57:00,632.9,633.1,632.7,632.9,64.164554
2026-04-23 10:00:00,632.9,633.4,632.6,633.3,10.138105
2026-04-23 10:03:00,633.3,633.4,631.6,632.2,123.39689
2026-04-23 10:06:00,632.2,632.4,631.6,631.9,38.512704
2026-04-23 10:09:00,631.8,631.9,631.6,631.7,6.695484
2026-04-23 10:12:00,631.7,631.7,631.1,631.3,9.76546
2026-04-23 10:15:00,631.3,631.6,631.3,631.6,14.379704
2026-04-23 10:18:00,631.5,631.8,631.1,631.8,13.460347
2026-04-23 10:21:00,631.7,631.8,631.4,631.4,10.55841
2026-04-23 10:24:00,631.5,631.7,631.5,631.7,5.835696
2026-04-23 10:27:00,631.7,631.7,631.4,631.5,12.83779
2026-04-23 10:30:00,631.4,631.8,631.3,631.6,6.56725
2026-04-23 10:33:00,631.5,632.0,631.5,632.0,7.606063
2026-04-23 10:36:00,632.0,632.0,631.5,631.8,5.624888
2026-04-23 10:39:00,631.7,632.0,631.7,631.8,5.044639
2026-04-23 10:42:00,631.7,632.0,631.7,631.8,10.006117
2026-04-23 10:45:00,631.9,632.6,631.8,631.8,7.213553
2026-04-23 10:48:00,631.9,632.2,631.7,632.0,8.912022
2026-04-23 10:51:00,632.1,632.1,631.6,631.7,14.900878
2026-04-23 10:54:00,631.7,632.0,631.7,631.9,5.959671
2026-04-23 10:57:00,631.9,631.9,631.6,631.8,11.067231
2026-04-23 11:00:00,631.8,632.1,631.5,631.7,31.30622
2026-04-23 11:03:00,631.7,631.9,631.7,631.9,2.819703
2026-04-23 11:06:00,631.8,632.0,631.4,631.8,84.44742
2026-04-23 11:09:00,631.8,631.8,631.5,631.8,5.851562
2026-04-23 11:12:00,631.8,631.8,631.3,631.6,10.419904
2026-04-23 11:15:00,631.7,632.0,631.6,632.0,4.256297
2026-04-23 11:18:00,632.0,632.5,632.0,632.4,11.006835
2026-04-23 11:21:00,632.4,632.7,632.2,632.7,3.423033
2026-04-23 11:24:00,632.6,633.0,632.5,633.0,5.267497
2026-04-23 11:27:00,632.9,633.0,632.5,632.7,17.021674
2026-04-23 11:30:00,632.7,632.9,632.5,632.6,7.306808
2026-04-23 11:33:00,632.7,632.7,632.4,632.6,2.869937
2026-04-23 11:36:00,632.8,633.2,632.8,632.9,16.436315
2026-04-23 11:39:00,633.0,633.1,632.9,633.1,6.447161
2026-04-23 11:42:00,633.1,633.4,633.0,633.2,13.473571
2026-04-23 11:45:00,633.3,633.7,633.2,633.7,15.954821
2026-04-23 11:48:00,633.6,633.9,633.2,633.3,9.110667
2026-04-23 11:51:00,633.3,634.0,633.3,633.5,4.708534
2026-04-23 11:54:00,633.6,634.0,633.5,633.7,110.213855
2026-04-23 11:57:00,633.8,633.9,633.6,633.6,8.246445
2026-04-23 12:00:00,633.7,633.7,633.3,633.6,10.781896
2026-04-23 12:03:00,633.6,634.0,633.3,633.9,11.821032
2026-04-23 12:06:00,633.9,634.5,633.8,634.3,23.892249
2026-04-23 12:09:00,634.3,634.5,634.1,634.4,23.542275
2026-04-23 12:12:00,634.4,635.1,634.4,634.6,17.482161
2026-04-23 12:15:00,634.6,634.7,634.2,634.7,5.756161
2026-04-23 12:18:00,634.7,634.8,634.5,634.5,11.925113
2026-04-23 12:21:00,634.5,634.5,634.1,634.4,7.559387
2026-04-23 12:24:00,634.5,634.8,634.5,634.8,5.769803
2026-04-23 12:27:00,634.6,634.6,634.0,634.1,32.074045
2026-04-23 12:30:00,634.2,634.5,634.1,634.1,13.660576
2026-04-23 12:33:00,634.0,634.3,633.9,634.2,16.187581
2026-04-23 12:36:00,634.1,634.4,634.0,634.1,10.275138
2026-04-23 12:39:00,634.1,634.2,633.9,634.2,7.653882
2026-04-23 12:42:00,634.2,634.2,634.0,634.0,3.123725
2026-04-23 12:45:00,633.9,634.4,632.1,632.8,168.783442
2026-04-23 12:48:00,632.9,633.3,632.9,633.2,12.627261
2026-04-23 12:51:00,633.3,634.1,633.3,633.8,10.252851
2026-04-23 12:54:00,633.7,634.2,633.7,634.1,11.627415
2026-04-23 12:57:00,634.2,634.8,634.1,634.8,27.727967
2026-04-23 13:00:00,634.8,635.3,634.7,635.1,6.90285
2026-04-23 13:03:00,635.3,635.9,635.2,635.4,15.744525
2026-04-23 13:06:00,635.3,635.6,635.3,635.3,5.919007
2026-04-23 13:09:00,635.5,635.8,635.4,635.4,11.134276
2026-04-23 13:12:00,635.5,635.6,634.6,634.9,24.727685
2026-04-23 13:15:00,634.9,635.4,634.9,634.9,12.666393
2026-04-23 13:18:00,635.0,635.3,634.5,635.2,10.075461
2026-04-23 13:21:00,635.2,635.3,635.1,635.2,12.110517
2026-04-23 13:24:00,635.2,635.4,635.0,635.3,41.76435
2026-04-23 13:27:00,635.1,635.1,634.5,634.9,14.311851
2026-04-23 13:30:00,634.8,635.6,634.6,635.3,28.587787
2026-04-23 13:33:00,635.2,635.4,634.9,635.2,24.685365
2026-04-23 13:36:00,635.0,635.3,634.6,635.3,79.485666
2026-04-23 13:39:00,635.3,635.3,634.7,635.1,9.928889
2026-04-23 13:42:00,635.1,635.1,634.9,635.0,6.070051
2026-04-23 13:45:00,634.9,635.4,634.3,635.0,15.442234
2026-04-23 13:48:00,635.0,635.3,634.5,634.6,14.309049
2026-04-23 13:51:00,634.6,635.2,634.6,634.9,19.355173
2026-04-23 13:54:00,634.9,635.1,634.8,635.1,11.004376
2026-04-23 13:57:00,635.2,636.0,635.2,636.0,13.855914
2026-04-23 14:00:00,635.9,636.2,635.4,636.2,16.026105
2026-04-23 14:03:00,636.2,637.3,636.2,637.0,20.238262
2026-04-23 14:06:00,637.0,637.0,636.2,636.6,21.855498
2026-04-23 14:09:00,636.7,636.7,636.0,636.0,11.204528
2026-04-23 14:12:00,636.0,636.2,635.7,636.0,17.985779
2026-04-23 14:15:00,636.1,636.6,636.0,636.3,14.858093
2026-04-23 14:18:00,636.3,636.3,635.4,635.8,16.834472
2026-04-23 14:21:00,635.8,636.4,635.5,636.4,27.887233
2026-04-23 14:24:00,636.4,636.8,636.3,636.3,42.621426
2026-04-23 14:27:00,636.5,636.8,635.3,635.4,51.039767
2026-04-23 14:30:00,635.4,636.1,635.4,636.1,22.045139
2026-04-23 14:33:00,635.9,636.1,635.8,636.0,4.126611
2026-04-23 14:36:00,636.1,636.6,635.9,635.9,17.358785
2026-04-23 14:39:00,635.7,636.3,635.6,636.0,6.591598
2026-04-23 14:42:00,636.0,636.4,635.9,636.3,6.285812
2026-04-23 14:45:00,636.3,637.0,636.3,636.4,16.554375
2026-04-23 14:48:00,636.5,636.7,636.1,636.6,17.480949
2026-04-23 14:51:00,636.7,637.1,636.5,636.9,11.387078
2026-04-23 14:54:00,637.0,637.2,636.8,637.2,8.433834
2026-04-23 14:57:00,637.2,637.4,636.9,637.1,9.664164
2026-04-23 15:00:00,637.1,637.3,636.6,636.6,7.920482
2026-04-23 15:03:00,636.6,636.7,636.4,636.6,15.472235
2026-04-23 15:06:00,636.6,636.6,636.0,636.1,9.360535
2026-04-23 15:09:00,636.0,636.5,635.9,636.4,16.361023
2026-04-23 15:12:00,636.4,636.6,636.2,636.5,10.100567
2026-04-23 15:15:00,636.4,638.3,636.2,638.0,53.725326
2026-04-23 15:18:00,638.1,638.4,638.0,638.2,119.151049
2026-04-23 15:21:00,638.3,639.6,638.3,639.6,18.565165
2026-04-23 15:24:00,639.5,639.6,639.1,639.2,23.995345
2026-04-23 15:27:00,639.1,639.2,638.2,638.6,38.24495
2026-04-23 15:30:00,638.4,639.0,637.9,638.9,16.714465
2026-04-23 15:33:00,638.9,639.1,638.7,638.8,4.270883
2026-04-23 15:36:00,638.8,638.9,638.4,638.9,13.441889
2026-04-23 15:39:00,639.0,640.3,639.0,640.0,90.157395
2026-04-23 15:42:00,639.9,640.1,639.5,639.5,7.787094
2026-04-23 15:45:00,639.5,639.6,639.0,639.5,38.595985
2026-04-23 15:48:00,639.6,640.1,639.6,639.7,7.455773
2026-04-23 15:51:00,639.7,640.0,639.5,639.7,26.146623
2026-04-23 15:54:00,639.6,639.9,639.0,639.9,23.312803
2026-04-23 15:57:00,639.8,639.9,639.2,639.8,99.034967
2026-04-23 16:00:00,639.9,640.9,639.9,640.6,79.552804
2026-04-23 16:03:00,640.5,640.5,639.5,639.9,22.820597
2026-04-23 16:06:00,640.0,640.6,639.8,640.1,16.283063
2026-04-23 16:09:00,640.0,640.5,640.0,640.3,14.811729
2026-04-23 16:12:00,640.1,640.4,639.7,639.7,9.205741
2026-04-23 16:15:00,639.8,639.9,639.2,639.2,43.557201
2026-04-23 16:18:00,639.4,639.8,639.2,639.2,8.315923
2026-04-23 16:21:00,639.1,639.4,638.9,639.3,9.11495
2026-04-23 16:24:00,639.1,639.6,639.1,639.4,74.596061
2026-04-23 16:27:00,639.3,639.8,639.1,639.2,93.312149
2026-04-23 16:30:00,639.1,639.9,639.0,639.6,26.320555
2026-04-23 16:33:00,639.6,640.3,639.6,640.1,9.381827
2026-04-23 16:36:00,640.0,640.0,639.7,639.7,3.517818
2026-04-23 16:39:00,639.6,639.8,639.4,639.7,9.697111
2026-04-23 16:42:00,639.9,640.0,639.5,639.8,15.193087
2026-04-23 16:45:00,639.8,640.0,639.7,639.7,2.415453
2026-04-23 16:48:00,639.8,639.9,639.7,639.9,9.964342
2026-04-23 16:51:00,639.9,640.1,639.3,639.4,4.227634
2026-04-23 16:54:00,639.3,639.3,638.7,638.8,10.587476
2026-04-23 16:57:00,638.9,639.4,638.7,638.8,14.873818
2026-04-23 17:00:00,638.9,639.1,637.1,637.6,52.993919
2026-04-23 17:03:00,637.8,638.3,637.1,637.9,14.885494
2026-04-23 17:06:00,637.9,638.1,637.3,637.3,7.601527
2026-04-23 17:09:00,637.4,637.9,636.8,637.9,18.110604
2026-04-23 17:12:00,637.8,638.2,637.4,637.5,20.38497
2026-04-23 17:15:00,637.4,637.7,635.9,637.0,43.027579
2026-04-23 17:18:00,637.0,637.0,636.6,636.7,4.214957
2026-04-23 17:21:00,636.4,636.9,636.2,636.9,96.228503
2026-04-23 17:24:00,637.0,637.3,636.4,637.1,25.346033
2026-04-23 17:27:00,637.1,637.1,635.9,635.9,7.518152
2026-04-23 17:30:00,635.8,636.3,635.3,636.2,18.990881
2026-04-23 17:33:00,636.2,636.7,636.2,636.2,3.317516
2026-04-23 17:36:00,636.1,636.1,634.8,635.2,45.978195
2026-04-23 17:39:00,635.2,635.2,631.8,632.4,201.993103
2026-04-23 17:42:00,632.4,633.4,632.1,633.0,9.387515
2026-04-23 17:45:00,632.8,632.8,631.1,632.3,65.627402
2026-04-23 17:48:00,632.3,632.3,631.2,632.0,110.31088
2026-04-23 17:51:00,632.2,634.7,631.8,633.6,75.516355
2026-04-23 17:54:00,633.6,634.4,633.3,634.0,14.690699
2026-04-23 17:57:00,634.1,634.2,633.5,633.9,15.740929
2026-04-23 18:00:00,634.0,635.0,633.7,634.5,24.217717
2026-04-23 18:03:00,634.5,634.7,633.9,634.5,2.678167
2026-04-23 18:06:00,634.7,635.5,634.7,634.7,4.808344
2026-04-23 18:09:00,634.8,635.8,634.8,635.3,10.477557
2026-04-23 18:12:00,635.2,635.4,635.0,635.0,14.395679
2026-04-23 18:15:00,635.0,635.6,635.0,635.2,3.225536
2026-04-23 18:18:00,635.1,635.3,634.7,635.1,1.892427
2026-04-23 18:21:00,635.1,635.1,634.3,634.6,19.420607
2026-04-23 18:24:00,634.6,634.6,634.3,634.3,1.642769
2026-04-23 18:27:00,634.5,634.5,634.3,634.5,1.345092
2026-04-23 18:30:00,634.5,635.5,634.5,635.3,2.267144
2026-04-23 18:33:00,635.3,635.6,635.3,635.4,30.626743
2026-04-23 18:36:00,635.4,636.3,635.4,636.1,4.462494
2026-04-23 18:39:00,636.2,636.6,636.1,636.6,2.402496
2026-04-23 18:42:00,636.6,636.7,636.2,636.5,1.154345
2026-04-23 18:45:00,636.5,636.5,636.2,636.2,0.670196
2026-04-23 18:48:00,635.8,635.8,634.8,635.0,3.068493
2026-04-23 18:51:00,634.9,635.5,634.9,635.5,1.294144
2026-04-23 18:54:00,635.5,635.5,635.1,635.1,2.737472
2026-04-23 18:57:00,635.0,635.0,634.0,634.2,8.728735
2026-04-23 19:00:00,634.1,634.3,633.6,633.8,3.988942
2026-04-23 19:03:00,633.9,634.3,633.7,634.3,4.056725
2026-04-23 19:06:00,634.4,634.7,634.4,634.7,3.515203
2026-04-23 19:09:00,634.8,635.0,634.5,634.9,42.214123
2026-04-23 19:12:00,635.0,635.3,634.9,635.2,3.82515
2026-04-23 19:15:00,635.1,635.9,635.1,635.9,2.047804
2026-04-23 19:18:00,636.0,636.0,635.7,635.9,5.796272
2026-04-23 19:21:00,636.0,636.1,635.8,636.0,1.992321
2026-04-23 19:24:00,636.0,636.4,636.0,636.3,1.719318
2026-04-23 19:27:00,636.4,636.5,636.2,636.2,7.844205
2026-04-23 19:30:00,636.2,636.3,636.2,636.3,1.755423
2026-04-23 19:33:00,636.1,636.1,634.9,635.0,4.044341
2026-04-23 19:36:00,635.1,635.4,635.1,635.4,0.545616
2026-04-23 19:39:00,635.3,635.4,635.1,635.1,4.105015
2026-04-23 19:42:00,635.2,635.2,634.9,635.0,2.444511
2026-04-23 19:45:00,635.0,635.5,635.0,635.5,1.828246
2026-04-23 19:48:00,635.5,636.1,634.5,635.6,62.175066
2026-04-23 19:51:00,635.6,636.1,635.5,636.1,1.196079
2026-04-23 19:54:00,636.0,636.0,635.8,636.0,2.167805
2026-04-23 19:57:00,636.1,636.4,635.9,635.9,2.807266
2026-04-23 20:00:00,635.9,636.6,635.7,636.6,13.363281
2026-04-23 20:03:00,636.6,637.1,636.5,637.0,6.475382
2026-04-23 20:06:00,637.1,637.5,637.1,637.5,53.389363
2026-04-23 20:09:00,637.6,637.6,637.3,637.3,0.848568
2026-04-23 20:12:00,637.4,637.4,637.0,637.0,0.563637
2026-04-23 20:15:00,637.1,637.2,636.6,636.8,3.430014
2026-04-23 20:18:00,636.9,637.2,636.9,637.2,0.945942
2026-04-23 20:21:00,637.3,637.3,636.9,636.9,0.851555
2026-04-23 20:24:00,637.0,637.1,636.9,636.9,1.537583
2026-04-23 20:27:00,636.9,636.9,635.5,635.8,181.779352
2026-04-23 20:30:00,635.8,636.1,635.8,636.1,31.135693
2026-04-23 20:33:00,636.3,636.7,636.3,636.5,1.932555
2026-04-23 20:36:00,636.4,636.9,636.4,636.9,13.318315
2026-04-23 20:39:00,637.2,637.8,637.1,637.8,7.97358
2026-04-23 20:42:00,637.9,638.4,637.9,638.1,3.329926
2026-04-23 20:45:00,638.1,638.5,638.1,638.2,6.893013
2026-04-23 20:48:00,638.1,638.2,638.1,638.1,2.783606
2026-04-23 20:51:00,638.1,638.1,637.9,637.9,0.71851
2026-04-23 20:54:00,637.8,637.8,637.3,637.3,5.378186
2026-04-23 20:57:00,637.5,637.7,637.4,637.7,7.27661
2026-04-23 21:00:00,637.8,637.8,637.5,637.5,16.80351
2026-04-23 21:03:00,637.7,637.7,637.4,637.4,2.148402
2026-04-23 21:06:00,637.6,637.6,637.5,637.5,3.185681
2026-04-23 21:09:00,637.5,637.6,637.5,637.6,2.487136
2026-04-23 21:12:00,637.6,637.7,637.1,637.3,87.108018
2026-04-23 21:15:00,637.3,637.4,637.2,637.2,1.866278
2026-04-23 21:18:00,637.1,637.2,636.9,636.9,9.75379
2026-04-23 21:21:00,636.9,637.9,636.9,637.8,14.344095
2026-04-23 21:24:00,637.6,637.6,637.4,637.4,4.429777
2026-04-23 21:27:00,637.4,637.4,637.3,637.4,3.906968
2026-04-23 21:30:00,637.5,637.9,637.5,637.9,2.067945
2026-04-23 21:33:00,637.9,638.1,637.9,638.1,3.170756
2026-04-23 21:36:00,638.1,638.6,638.1,638.5,10.967815
2026-04-23 21:39:00,638.5,638.5,638.0,638.4,7.11032
2026-04-23 21:42:00,638.4,638.7,638.3,638.5,7.282518
2026-04-23 21:45:00,638.6,638.6,638.3,638.5,2.788694
2026-04-23 21:48:00,638.6,638.6,638.5,638.5,0.94702
2026-04-23 21:51:00,638.5,638.6,638.5,638.6,3.080683
2026-04-23 21:54:00,638.6,638.7,638.2,638.2,1.080506
2026-04-23 21:57:00,638.3,638.3,637.8,637.8,3.98966
2026-04-23 22:00:00,637.8,638.9,637.8,638.4,3.220361
2026-04-23 22:03:00,638.4,638.5,638.2,638.4,1.787963
2026-04-23 22:06:00,638.3,638.9,638.3,638.6,11.976651
2026-04-23 22:09:00,638.6,638.9,638.4,638.5,2.778138
2026-04-23 22:12:00,638.4,638.5,638.4,638.5,1.528121
2026-04-23 22:15:00,638.6,639.3,638.5,639.2,8.917034
2026-04-23 22:18:00,639.1,639.7,639.1,639.5,7.271664
2026-04-23 22:21:00,639.5,639.5,638.9,639.0,7.443006
2026-04-23 22:24:00,639.0,639.1,638.9,639.0,1.568068
2026-04-23 22:27:00,639.0,639.2,638.9,639.0,5.865842
2026-04-23 22:30:00,638.9,639.1,638.9,639.0,1.013821
2026-04-23 22:33:00,639.1,639.2,639.1,639.2,1.911769
2026-04-23 22:36:00,639.2,639.3,639.2,639.2,0.957871
2026-04-23 22:39:00,639.1,639.2,639.1,639.2,1.131524
2026-04-23 22:42:00,639.3,639.3,639.1,639.1,0.665029
2026-04-23 22:45:00,639.2,639.4,639.0,639.0,1.146318
2026-04-23 22:48:00,639.1,639.1,638.9,638.9,1.287606
2026-04-23 22:51:00,638.9,639.0,638.7,638.7,2.855872
2026-04-23 22:54:00,638.6,638.8,638.6,638.7,2.860059
2026-04-23 22:57:00,638.6,638.6,638.2,638.4,2.163664
2026-04-23 23:00:00,638.4,638.6,638.4,638.4,2.169987
2026-04-23 23:03:00,638.3,638.3,638.2,638.3,5.647823
2026-04-23 23:06:00,638.2,638.3,638.2,638.2,4.131902
2026-04-23 23:09:00,638.1,638.2,637.7,637.9,3.940971
2026-04-23 23:12:00,637.8,637.9,637.8,637.9,4.539129
2026-04-23 23:15:00,637.8,637.8,637.5,637.5,3.042772
2026-04-23 23:18:00,637.4,637.8,637.4,637.8,4.467854
2026-04-23 23:21:00,637.8,638.1,637.8,638.1,5.35731
2026-04-23 23:24:00,638.1,638.2,638.0,638.1,0.829938
2026-04-23 23:27:00,638.1,638.2,638.0,638.0,0.67596
2026-04-23 23:30:00,638.0,638.0,637.9,637.9,1.122009
2026-04-23 23:33:00,637.9,638.0,637.8,638.0,2.101147
2026-04-23 23:36:00,637.9,637.9,637.8,637.8,2.623861
2026-04-23 23:39:00,637.9,638.3,637.9,638.3,4.562951
2026-04-23 23:42:00,638.4,638.5,638.4,638.5,1.055943
2026-04-23 23:45:00,638.3,638.4,638.3,638.3,0.773689
2026-04-23 23:48:00,638.4,638.4,638.3,638.4,0.853303
2026-04-23 23:51:00,638.3,638.4,638.3,638.3,1.377518
2026-04-23 23:54:00,638.3,638.8,638.1,638.6,133.748319
