timestamp,open,high,low,close,volume
2026-04-19 14:55:00,75980.4,76048.7,75965.5,76028.3,3.45873809
2026-04-19 15:00:00,76028.3,76035.0,75875.1,76016.7,13.10793935
2026-04-19 15:05:00,76016.7,76016.7,75901.2,75942.8,6.48318665
2026-04-19 15:10:00,75942.9,76049.4,75942.8,76012.3,6.7819691
2026-04-19 15:15:00,76012.3,76159.3,76006.0,76079.8,5.77144862
2026-04-19 15:20:00,76079.9,76095.0,75892.8,75987.7,9.1103536
2026-04-19 15:25:00,75987.6,75999.6,75939.4,75969.3,2.60229342
2026-04-19 15:30:00,75970.2,75993.4,75710.0,75727.5,27.13059639
2026-04-19 15:35:00,75727.6,75759.6,75393.0,75649.6,64.33730784
2026-04-19 15:40:00,75649.5,75746.8,75604.7,75723.6,7.36600764
2026-04-19 15:45:00,75723.5,75851.7,75692.1,75851.7,9.55992909
2026-04-19 15:50:00,75851.6,75875.0,75716.7,75850.8,10.79171892
2026-04-19 15:55:00,75850.9,75872.6,75800.0,75851.1,4.0736992
2026-04-19 16:00:00,75851.1,75862.5,75702.7,75852.6,13.98377447
2026-04-19 16:05:00,75849.5,75851.5,75680.8,75704.6,8.10935671
2026-04-19 16:10:00,75704.5,75738.2,75625.8,75677.4,19.98576669
2026-04-19 16:15:00,75672.6,75770.1,75600.6,75615.9,18.19319459
2026-04-19 16:20:00,75620.7,75651.4,75552.1,75622.8,4.08191154
2026-04-19 16:25:00,75622.9,75724.3,75554.3,75571.9,10.350542
2026-04-19 16:30:00,75571.9,75702.7,75528.8,75673.9,14.97430852
2026-04-19 16:35:00,75675.9,75702.5,75615.8,75628.0,2.84778877
2026-04-19 16:40:00,75628.1,75654.4,75500.3,75565.0,4.83508637
2026-04-19 16:45:00,75562.8,75644.9,75542.4,75609.0,6.55024273
2026-04-19 16:50:00,75609.0,75639.3,75370.4,75408.3,22.09142934
2026-04-19 16:55:00,75408.4,75485.4,75287.0,75391.9,19.74645012
2026-04-19 17:00:00,75392.0,75397.4,75157.1,75164.5,49.30140387
2026-04-19 17:05:00,75164.6,75240.9,75016.4,75139.5,80.72835194
2026-04-19 17:10:00,75139.4,75270.0,75110.4,75269.9,6.54525074
2026-04-19 17:15:00,75270.0,75309.6,75213.4,75296.8,2.37866166
2026-04-19 17:20:00,75296.9,75390.0,75200.1,75207.9,10.66414859
2026-04-19 17:25:00,75203.9,75288.6,75173.4,75273.0,7.87247903
2026-04-19 17:30:00,75274.2,75366.7,75135.1,75148.3,6.85828412
2026-04-19 17:35:00,75148.3,75221.2,75087.7,75221.1,10.4489054
2026-04-19 17:40:00,75221.2,75226.8,75135.1,75190.3,3.5865641
2026-04-19 17:45:00,75190.4,75223.0,75050.0,75051.9,6.96580944
2026-04-19 17:50:00,75050.1,75054.7,74644.0,74812.9,131.26208194
2026-04-19 17:55:00,74807.4,74874.9,74759.2,74791.5,9.5407697
2026-04-19 18:00:00,74793.0,74904.1,74677.8,74705.7,25.57556421
2026-04-19 18:05:00,74706.1,74888.5,74693.6,74888.3,12.24968803
2026-04-19 18:10:00,74888.5,74914.8,74805.9,74841.6,8.945132
2026-04-19 18:15:00,74841.6,74863.3,74785.5,74785.5,9.29172545
2026-04-19 18:20:00,74782.8,74826.1,74660.2,74660.2,9.34034807
2026-04-19 18:25:00,74660.1,74879.9,74600.0,74821.4,15.70808038
2026-04-19 18:30:00,74816.0,74840.5,74698.1,74721.9,24.87126928
2026-04-19 18:35:00,74722.1,74786.1,74688.2,74765.4,4.18422379
2026-04-19 18:40:00,74761.0,74781.2,74657.1,74708.9,6.36048956
2026-04-19 18:45:00,74708.9,74719.6,74616.3,74719.6,6.63570859
2026-04-19 18:50:00,74721.7,74805.0,74700.1,74736.7,9.01871156
2026-04-19 18:55:00,74730.3,74793.3,74729.7,74779.9,2.70944478
2026-04-19 19:00:00,74781.5,74927.1,74781.5,74873.2,9.67076742
2026-04-19 19:05:00,74874.0,74977.8,74874.0,74946.8,17.13580725
2026-04-19 19:10:00,74948.7,74981.1,74905.8,74945.9,4.16479404
2026-04-19 19:15:00,74946.0,75032.4,74932.0,75021.2,4.69986078
2026-04-19 19:20:00,75021.2,75032.7,74858.0,74865.5,4.51193139
2026-04-19 19:25:00,74865.4,74982.1,74851.8,74958.5,1.20521331
2026-04-19 19:30:00,74959.0,75075.0,74950.0,74965.7,2.84947713
2026-04-19 19:35:00,74965.7,74998.8,74931.9,74984.5,1.90470853
2026-04-19 19:40:00,74984.5,75042.0,74962.2,74970.0,3.95419392
2026-04-19 19:45:00,74971.1,75035.6,74962.1,74988.1,2.88112607
2026-04-19 19:50:00,74988.2,75011.9,74944.6,74944.7,2.69350188
2026-04-19 19:55:00,74944.7,74990.3,74900.0,74965.9,9.28663175
2026-04-19 20:00:00,74965.9,74967.9,74700.0,74736.3,304.22608872
2026-04-19 20:05:00,74736.3,74814.4,74690.5,74812.9,17.94203095
2026-04-19 20:10:00,74808.8,74842.8,74719.6,74799.5,18.7259283
2026-04-19 20:15:00,74799.5,74803.9,74645.1,74678.8,4.68629002
2026-04-19 20:20:00,74678.7,74706.5,74645.2,74683.5,2.36116614
2026-04-19 20:25:00,74686.7,74773.2,74670.3,74753.7,4.55248593
2026-04-19 20:30:00,74753.8,74864.0,74728.7,74853.2,3.72363632
2026-04-19 20:35:00,74864.0,74864.0,74777.4,74777.4,2.76402981
2026-04-19 20:40:00,74777.4,74777.4,74450.0,74544.7,86.31532593
2026-04-19 20:45:00,74540.6,74599.8,74412.5,74514.2,24.91649821
2026-04-19 20:50:00,74514.0,74717.9,74479.5,74695.5,24.29028862
2026-04-19 20:55:00,74699.9,74708.9,74624.5,74634.4,4.70972769
2026-04-19 21:00:00,74636.0,74699.8,74604.3,74681.8,3.91777826
2026-04-19 21:05:00,74675.8,74742.2,74675.8,74705.8,9.99187343
2026-04-19 21:10:00,74705.9,74705.9,74566.9,74685.7,44.0616478
2026-04-19 21:15:00,74685.3,74700.0,74574.5,74634.2,6.30911493
2026-04-19 21:20:00,74636.9,74712.0,74636.9,74698.7,2.68855241
2026-04-19 21:25:00,74698.7,74769.2,74673.7,74748.7,3.97419044
2026-04-19 21:30:00,74747.8,74794.4,74720.6,74738.0,4.87439613
2026-04-19 21:35:00,74738.1,74819.8,74738.1,74772.0,6.07531321
2026-04-19 21:40:00,74772.0,74789.7,74739.0,74743.9,1.97446536
2026-04-19 21:45:00,74743.8,74797.6,74598.5,74626.8,6.39079703
2026-04-19 21:50:00,74624.4,74650.0,74360.0,74411.3,17.84388166
2026-04-19 21:55:00,74408.5,74491.7,74365.2,74424.5,12.91690657
2026-04-19 22:00:00,74424.4,74424.4,73819.2,73876.0,203.93089254
2026-04-19 22:05:00,73876.0,74191.9,73819.3,74188.8,38.45682234
2026-04-19 22:10:00,74187.9,74187.9,73982.7,74017.9,30.21521821
2026-04-19 22:15:00,74016.6,74066.5,73846.1,74048.6,27.03466213
2026-04-19 22:20:00,74048.5,74048.5,73759.5,73937.0,67.05895471
2026-04-19 22:25:00,73938.0,74030.0,73815.8,73944.6,19.40985552
2026-04-19 22:30:00,73941.9,74117.5,73920.4,74044.2,12.97448356
2026-04-19 22:35:00,74044.2,74185.0,74033.8,74111.4,9.06886642
2026-04-19 22:40:00,74111.4,74177.4,74099.1,74146.5,12.78221555
2026-04-19 22:45:00,74143.0,74166.1,74033.5,74044.0,20.13546621
2026-04-19 22:50:00,74050.6,74178.4,74050.6,74139.7,5.63933046
2026-04-19 22:55:00,74134.1,74199.9,74044.0,74044.9,8.36772821
2026-04-19 23:00:00,74044.9,74060.0,73822.0,73926.4,27.98670339
2026-04-19 23:05:00,73926.4,73977.6,73862.8,73959.3,15.38938322
2026-04-19 23:10:00,73959.2,74036.0,73922.0,74029.9,5.16377019
2026-04-19 23:15:00,74029.9,74029.9,73797.8,73929.0,18.62758915
2026-04-19 23:20:00,73929.0,73949.8,73800.0,73861.4,4.17764395
2026-04-19 23:25:00,73861.3,73941.9,73855.2,73891.3,6.43035115
2026-04-19 23:30:00,73891.4,73963.9,73825.1,73868.6,8.82181984
2026-04-19 23:35:00,73870.5,73961.7,73825.3,73885.6,6.59636001
2026-04-19 23:40:00,73885.6,73908.6,73822.5,73903.6,8.55547918
2026-04-19 23:45:00,73900.4,73934.0,73842.7,73915.8,2.05915392
2026-04-19 23:50:00,73915.8,73984.9,73886.0,73926.0,12.25634374
2026-04-19 23:55:00,73921.9,73921.9,73795.0,73806.1,3.0023909
2026-04-20 00:00:00,73808.0,74222.5,73717.9,74082.6,87.96545478
2026-04-20 00:05:00,74082.5,74125.0,73889.7,74073.0,81.93976969
2026-04-20 00:10:00,74072.9,74147.6,74050.0,74050.1,7.5678181
2026-04-20 00:15:00,74050.1,74199.9,74050.0,74150.0,45.24600549
2026-04-20 00:20:00,74150.0,74250.0,74124.8,74249.9,16.78204083
2026-04-20 00:25:00,74249.9,74287.7,74203.4,74235.4,8.61518664
2026-04-20 00:30:00,74235.4,74283.0,74195.0,74215.2,14.17555871
2026-04-20 00:35:00,74215.2,74226.6,74150.4,74159.7,4.29410024
2026-04-20 00:40:00,74159.7,74217.2,74159.7,74183.6,6.97270154
2026-04-20 00:45:00,74183.6,74270.7,74166.2,74249.6,3.75445555
2026-04-20 00:50:00,74249.7,74361.7,74249.7,74303.7,6.9336463
2026-04-20 00:55:00,74303.8,74349.5,74273.6,74277.8,10.98204002
2026-04-20 01:00:00,74277.8,74366.6,74257.3,74293.3,20.95555483
2026-04-20 01:05:00,74293.4,74366.1,74232.6,74295.2,16.49481527
2026-04-20 01:10:00,74295.1,74372.7,74259.5,74367.0,3.29642204
2026-04-20 01:15:00,74369.6,74372.7,74275.6,74288.6,6.52337512
2026-04-20 01:20:00,74288.5,74288.6,74222.7,74238.1,7.09180409
2026-04-20 01:25:00,74238.1,74307.4,74238.1,74303.7,4.18703388
2026-04-20 01:30:00,74303.7,74625.0,74303.7,74613.1,45.06318167
2026-04-20 01:35:00,74613.2,74664.5,74550.1,74619.5,51.34201124
2026-04-20 01:40:00,74619.6,74712.8,74593.2,74687.4,20.27828477
2026-04-20 01:45:00,74687.3,74750.0,74671.5,74729.6,11.58397899
2026-04-20 01:50:00,74726.8,74726.8,74669.8,74696.8,8.22173051
2026-04-20 01:55:00,74696.7,74696.8,74560.2,74593.4,6.99525131
2026-04-20 02:00:00,74597.6,74633.5,74500.0,74503.8,7.36117309
2026-04-20 02:05:00,74503.8,74569.7,74480.5,74556.0,3.87101778
2026-04-20 02:10:00,74556.5,74557.8,74345.0,74398.9,7.08716954
2026-04-20 02:15:00,74399.0,74474.0,74303.7,74373.1,13.04082739
2026-04-20 02:20:00,74373.2,74466.9,74360.0,74442.7,9.40695932
2026-04-20 02:25:00,74446.4,74475.0,74403.8,74454.9,8.65768073
2026-04-20 02:30:00,74454.9,74497.8,74403.6,74491.8,8.6684202
2026-04-20 02:35:00,74491.8,74519.9,74459.4,74513.5,6.0861745
2026-04-20 02:40:00,74513.4,74522.1,74431.8,74522.1,8.7084933
2026-04-20 02:45:00,74522.1,74522.2,74432.1,74494.0,12.41892189
2026-04-20 02:50:00,74494.0,74500.5,74445.2,74480.3,6.04842151
2026-04-20 02:55:00,74480.4,74504.0,74401.8,74408.0,8.52195878
2026-04-20 03:00:00,74408.0,74434.2,74360.7,74377.1,3.00430779
2026-04-20 03:05:00,74377.1,74410.0,74372.0,74399.5,5.38754797
2026-04-20 03:10:00,74399.5,74492.2,74399.5,74492.2,6.67521578
2026-04-20 03:15:00,74492.2,74522.1,74393.4,74428.7,16.96436696
2026-04-20 03:20:00,74428.6,74578.9,74406.0,74506.5,48.53402177
2026-04-20 03:25:00,74506.4,74535.2,74500.1,74505.5,3.47237315
2026-04-20 03:30:00,74505.5,74530.5,74457.8,74518.0,2.69035612
2026-04-20 03:35:00,74518.1,74547.1,74481.0,74537.0,4.27111024
2026-04-20 03:40:00,74537.0,74578.1,74523.0,74575.7,2.02627029
2026-04-20 03:45:00,74575.6,74601.6,74548.6,74593.2,6.1976993
2026-04-20 03:50:00,74593.0,74637.5,74547.3,74632.1,7.00607499
2026-04-20 03:55:00,74632.2,74637.6,74600.9,74630.7,4.54639957
2026-04-20 04:00:00,74630.7,74633.5,74553.3,74553.3,5.6495937
2026-04-20 04:05:00,74553.3,74577.2,74500.0,74535.0,5.61052911
2026-04-20 04:10:00,74535.0,74554.6,74502.3,74502.3,2.88586535
2026-04-20 04:15:00,74502.4,74525.8,74457.2,74467.4,4.03574601
2026-04-20 04:20:00,74467.4,74491.1,74436.0,74455.9,8.57931915
2026-04-20 04:25:00,74456.0,74517.9,74453.4,74506.0,4.569654
2026-04-20 04:30:00,74505.9,74526.9,74467.6,74515.7,18.22670294
2026-04-20 04:35:00,74515.7,74515.7,74469.3,74477.7,3.06531151
2026-04-20 04:40:00,74477.8,74477.8,74439.2,74471.5,32.7131726
2026-04-20 04:45:00,74471.5,74583.9,74471.5,74573.7,5.24263979
2026-04-20 04:50:00,74573.7,74617.6,74554.6,74574.1,4.52087568
2026-04-20 04:55:00,74574.0,74574.1,74544.5,74566.1,9.59262412
2026-04-20 05:00:00,74566.0,74566.0,74446.3,74459.6,18.97164702
2026-04-20 05:05:00,74459.6,74459.6,74319.3,74353.3,36.02995988
2026-04-20 05:10:00,74353.3,74361.6,74263.0,74361.6,34.4690496
2026-04-20 05:15:00,74361.5,74361.5,74222.7,74230.1,28.04295647
2026-04-20 05:20:00,74230.1,74234.6,74150.6,74155.0,16.83117389
2026-04-20 05:25:00,74154.9,74204.4,74134.0,74138.3,7.71580308
2026-04-20 05:30:00,74138.2,74196.5,74110.0,74173.8,10.85860211
2026-04-20 05:35:00,74173.8,74240.8,74149.4,74160.9,7.85042774
2026-04-20 05:40:00,74160.9,74218.8,74123.3,74125.4,10.09079476
2026-04-20 05:45:00,74125.4,74232.9,74110.0,74216.0,5.51767951
2026-04-20 05:50:00,74216.0,74308.7,74216.0,74308.6,4.21993362
2026-04-20 05:55:00,74308.6,74308.6,74260.4,74274.8,2.62083281
2026-04-20 06:00:00,74274.8,74445.1,74274.5,74391.2,15.36448249
2026-04-20 06:05:00,74388.3,74408.9,74355.5,74371.9,5.70526464
2026-04-20 06:10:00,74371.8,74371.8,74282.6,74309.6,3.50014724
2026-04-20 06:15:00,74309.6,74408.9,74252.3,74408.9,7.76218468
2026-04-20 06:20:00,74408.9,74408.9,74328.4,74362.3,4.16279437
2026-04-20 06:25:00,74362.2,74396.2,74319.5,74347.7,8.05962148
2026-04-20 06:30:00,74347.7,74522.1,74347.7,74522.1,14.98640405
2026-04-20 06:35:00,74522.1,74580.1,74504.1,74578.8,15.73154348
2026-04-20 06:40:00,74578.8,74900.0,74578.8,74786.7,51.93051487
2026-04-20 06:45:00,74786.7,74830.6,74715.9,74763.7,11.56580102
2026-04-20 06:50:00,74763.7,74763.7,74693.9,74700.9,16.36702136
2026-04-20 06:55:00,74702.9,74821.0,74648.9,74786.7,19.91529953
2026-04-20 07:00:00,74786.8,74870.5,74742.6,74767.7,26.2539953
2026-04-20 07:05:00,74767.8,74786.2,74695.5,74762.5,4.30030662
2026-04-20 07:10:00,74761.8,74846.0,74731.9,74802.9,5.33206666
2026-04-20 07:15:00,74802.9,74936.2,74723.4,74913.6,12.79730582
2026-04-20 07:20:00,74913.5,75579.7,74911.9,75380.7,148.88801239
2026-04-20 07:25:00,75380.7,75416.1,75145.0,75212.9,47.32960726
2026-04-20 07:30:00,75208.0,75248.5,75000.0,75071.6,38.80590971
2026-04-20 07:35:00,75076.7,75076.7,74854.8,74938.0,33.12662504
2026-04-20 07:40:00,74938.0,74975.7,74917.6,74937.5,35.22503787
2026-04-20 07:45:00,74937.5,75018.9,74845.0,74848.2,118.71863486
2026-04-20 07:50:00,74848.3,74851.8,74689.3,74708.3,45.19667385
2026-04-20 07:55:00,74708.3,74831.1,74666.7,74831.1,19.82440856
2026-04-20 08:00:00,74831.2,74846.8,74660.0,74676.3,24.93149645
2026-04-20 08:05:00,74676.3,74776.0,74659.6,74680.9,364.03242408
2026-04-20 08:10:00,74681.9,74878.4,74681.9,74833.6,16.56655389
2026-04-20 08:15:00,74833.6,75011.1,74821.9,75006.8,24.92864708
2026-04-20 08:20:00,75006.9,75007.0,74814.0,74817.0,390.03077992
2026-04-20 08:25:00,74816.9,74830.7,74690.1,74814.2,206.86944416
2026-04-20 08:30:00,74814.2,74932.2,74770.0,74884.9,63.83728005
2026-04-20 08:35:00,74885.0,74902.0,74758.6,74795.0,11.67330142
2026-04-20 08:40:00,74794.9,74839.4,74750.1,74823.3,11.1585731
2026-04-20 08:45:00,74823.3,74857.8,74692.9,74719.2,50.55717814
2026-04-20 08:50:00,74723.6,74739.1,74615.3,74696.5,11.1459325
2026-04-20 08:55:00,74696.6,74745.1,74689.8,74724.3,7.2481956
2026-04-20 09:00:00,74724.3,74768.6,74698.2,74716.5,14.35206658
2026-04-20 09:05:00,74715.2,75032.7,74698.8,74953.3,76.79351475
2026-04-20 09:10:00,74953.4,75089.0,74861.3,75034.9,10.0068838
2026-04-20 09:15:00,75035.0,75121.6,75014.0,75046.3,10.24289943
2026-04-20 09:20:00,75046.3,75144.4,75000.0,75088.8,11.81067882
2026-04-20 09:25:00,75085.9,75085.9,75000.0,75025.5,1.73424791
2026-04-20 09:30:00,75025.5,75033.0,74973.6,74985.0,2.90703354
2026-04-20 09:35:00,74985.0,75163.3,74985.0,75130.2,3.93367147
2026-04-20 09:40:00,75130.2,75195.9,75114.3,75155.8,3.36123581
2026-04-20 09:45:00,75155.9,75239.0,75079.5,75085.6,15.90023693
2026-04-20 09:50:00,75085.7,75107.9,75016.8,75058.2,6.35082199
2026-04-20 09:55:00,75058.2,75102.1,75019.4,75056.3,9.28373886
2026-04-20 10:00:00,75056.4,75206.5,75056.4,75201.3,8.17370654
2026-04-20 10:05:00,75201.3,75299.9,75201.3,75254.3,6.64965894
2026-04-20 10:10:00,75254.3,75343.7,75254.3,75336.8,13.84845403
2026-04-20 10:15:00,75342.7,75399.0,75309.4,75380.2,10.43738699
2026-04-20 10:20:00,75379.2,75379.2,75259.0,75290.6,13.14327417
2026-04-20 10:25:00,75290.5,75361.1,75263.7,75304.6,10.44117848
2026-04-20 10:30:00,75304.7,75304.7,75174.2,75174.3,4.3543995
2026-04-20 10:35:00,75174.2,75191.3,75150.0,75191.3,4.30688613
2026-04-20 10:40:00,75191.2,75199.8,75166.7,75176.8,1.12681033
2026-04-20 10:45:00,75176.8,75192.6,75106.7,75112.7,3.7013138
2026-04-20 10:50:00,75112.4,75148.1,75060.9,75099.5,6.14031356
2026-04-20 10:55:00,75099.6,75110.7,75002.6,75026.4,2.05595108
2026-04-20 11:00:00,75026.5,75081.6,74960.1,75039.4,19.25257209
2026-04-20 11:05:00,75040.9,75179.9,75040.9,75171.1,11.46187919
2026-04-20 11:10:00,75171.1,75171.1,75092.4,75163.1,3.17309212
2026-04-20 11:15:00,75163.1,75256.0,75163.1,75199.9,11.40178994
2026-04-20 11:20:00,75199.9,75200.0,75050.2,75200.0,13.46796061
2026-04-20 11:25:00,75199.9,75230.4,75161.4,75161.4,4.48879492
2026-04-20 11:30:00,75161.3,75250.0,75077.0,75198.6,6.64975013
2026-04-20 11:35:00,75198.5,75278.4,75187.0,75257.5,7.3195898
2026-04-20 11:40:00,75257.4,75257.5,75203.3,75221.1,3.23870191
2026-04-20 11:45:00,75221.1,75278.9,75195.7,75223.1,7.84689804
2026-04-20 11:50:00,75223.2,75238.1,75158.0,75199.9,2.42720856
2026-04-20 11:55:00,75199.8,75218.3,75150.0,75194.8,3.38091453
2026-04-20 12:00:00,75194.9,75201.2,75079.2,75186.7,11.47556339
2026-04-20 12:05:00,75186.8,75350.0,75186.8,75302.6,15.93885571
2026-04-20 12:10:00,75306.6,75395.6,75306.6,75347.2,11.35796821
2026-04-20 12:15:00,75347.1,75449.8,75292.1,75449.4,14.49821888
2026-04-20 12:20:00,75449.9,75651.5,75449.8,75511.1,48.28000056
2026-04-20 12:25:00,75511.1,75549.0,75404.7,75415.9,10.53362635
2026-04-20 12:30:00,75415.9,75462.5,75360.7,75389.4,11.3426889
2026-04-20 12:35:00,75389.3,75439.3,75210.9,75255.0,12.02988384
2026-04-20 12:40:00,75254.9,75254.9,75047.5,75215.4,38.3696716
2026-04-20 12:45:00,75215.4,75328.8,75215.4,75307.9,17.62738748
2026-04-20 12:50:00,75307.9,75383.4,75286.2,75313.8,6.80288664
2026-04-20 12:55:00,75317.1,75319.4,75215.6,75288.5,13.22354693
2026-04-20 13:00:00,75287.0,75313.6,75142.4,75199.4,22.16336301
2026-04-20 13:05:00,75203.1,75353.2,75120.3,75276.8,57.97418321
2026-04-20 13:10:00,75280.6,75301.0,75202.0,75221.1,32.44999473
2026-04-20 13:15:00,75218.7,75258.7,75064.9,75106.6,18.33529572
2026-04-20 13:20:00,75106.5,75119.9,74990.0,75006.2,16.61376708
2026-04-20 13:25:00,75006.1,75190.1,74990.1,75190.1,32.82981189
2026-04-20 13:30:00,75190.4,75274.9,74854.6,75274.8,61.44706327
2026-04-20 13:35:00,75270.6,75426.9,75204.7,75250.1,29.46151914
2026-04-20 13:40:00,75251.1,75268.3,75125.1,75224.8,11.90753107
2026-04-20 13:45:00,75224.9,75322.5,75033.1,75090.7,15.05966147
2026-04-20 13:50:00,75090.7,75134.9,74975.4,75038.0,8.25924839
2026-04-20 13:55:00,75034.9,75292.1,75009.0,75264.2,23.44466131
2026-04-20 14:00:00,75267.2,75267.2,75094.8,75184.6,5.62875501
2026-04-20 14:05:00,75186.9,75296.9,75054.0,75199.2,28.46440329
2026-04-20 14:10:00,75195.3,75239.4,75025.5,75068.0,6.74649166
2026-04-20 14:15:00,75065.1,75295.4,75033.2,75290.0,11.95033518
2026-04-20 14:20:00,75290.5,75583.2,75284.1,75520.1,35.14071757
2026-04-20 14:25:00,75524.3,75757.5,75434.7,75562.1,34.44675216
2026-04-20 14:30:00,75569.2,75672.9,75471.2,75526.2,19.61666927
2026-04-20 14:35:00,75520.5,75566.7,75417.4,75455.9,7.73685282
2026-04-20 14:40:00,75455.9,75455.9,75200.0,75323.8,21.09113764
2026-04-20 14:45:00,75322.7,75404.7,75215.4,75404.6,9.7463217
2026-04-20 14:50:00,75404.6,75434.7,74981.1,75023.8,57.13123542
2026-04-20 14:55:00,75014.2,75042.4,74918.7,75041.3,20.97137552
2026-04-20 15:00:00,75032.0,75088.8,74710.1,74793.3,34.91696346
2026-04-20 15:05:00,74799.8,74891.4,74703.8,74808.6,26.61000483
2026-04-20 15:10:00,74809.5,75067.9,74797.8,75058.9,65.11091294
2026-04-20 15:15:00,75059.0,75206.1,75037.3,75177.0,18.13104349
2026-04-20 15:20:00,75176.9,75509.3,75127.1,75424.4,33.8454633
2026-04-20 15:25:00,75432.2,75763.3,75424.2,75744.4,42.73175927
2026-04-20 15:30:00,75743.4,75743.4,75516.9,75569.4,15.19712065
2026-04-20 15:35:00,75567.7,75659.7,75532.2,75572.8,11.80465406
2026-04-20 15:40:00,75572.8,75711.7,75561.9,75579.5,15.42450104
2026-04-20 15:45:00,75582.6,75678.0,75530.8,75530.8,11.26065968
2026-04-20 15:50:00,75530.4,75622.6,75530.4,75573.8,22.65337276
2026-04-20 15:55:00,75573.6,75727.2,75566.3,75710.9,8.4538165
2026-04-20 16:00:00,75713.6,75722.2,75518.3,75533.2,10.18360061
2026-04-20 16:05:00,75529.8,75562.1,75414.8,75456.7,10.78188605
2026-04-20 16:10:00,75461.6,75505.6,75407.7,75418.8,11.98679903
2026-04-20 16:15:00,75418.8,75448.9,75329.7,75423.8,8.98802628
2026-04-20 16:20:00,75421.0,75517.6,75324.6,75431.9,10.40253072
2026-04-20 16:25:00,75431.9,75432.0,75326.7,75364.8,7.10228116
2026-04-20 16:30:00,75364.9,75452.6,75328.5,75393.0,5.08613337
2026-04-20 16:35:00,75392.5,75424.9,75309.5,75424.8,4.98544305
2026-04-20 16:40:00,75422.7,75569.8,75362.3,75485.8,8.05583144
2026-04-20 16:45:00,75485.8,75568.9,75326.7,75340.1,8.85367842
2026-04-20 16:50:00,75345.0,75403.5,75326.7,75360.8,9.68210471
2026-04-20 16:55:00,75360.8,75369.6,75300.0,75348.2,9.38466248
2026-04-20 17:00:00,75348.1,75514.7,75290.1,75483.0,24.03744622
2026-04-20 17:05:00,75483.0,75645.1,75444.7,75560.3,26.7394903
2026-04-20 17:10:00,75564.6,75689.0,75564.6,75638.9,9.81288536
2026-04-20 17:15:00,75638.5,75879.3,75600.0,75852.5,25.76992624
2026-04-20 17:20:00,75855.3,75862.6,75724.0,75751.3,6.91969354
2026-04-20 17:25:00,75751.3,75761.8,75696.1,75717.7,5.37145351
2026-04-20 17:30:00,75717.8,75744.9,75600.5,75666.2,4.43358311
2026-04-20 17:35:00,75662.4,75817.3,75628.7,75765.7,14.39954512
2026-04-20 17:40:00,75765.7,75844.8,75736.6,75756.2,9.52013916
2026-04-20 17:45:00,75756.3,75928.9,75692.8,75919.5,29.4208909
2026-04-20 17:50:00,75919.8,75982.9,75791.7,75883.7,27.38433359
2026-04-20 17:55:00,75883.8,75950.9,75811.1,75903.5,61.22100386
2026-04-20 18:00:00,75903.6,76284.0,75903.6,76064.0,135.63982286
2026-04-20 18:05:00,76070.8,76295.1,76063.8,76287.5,16.10633766
2026-04-20 18:10:00,76285.2,76301.7,76173.1,76279.4,24.59193695
2026-04-20 18:15:00,76279.3,76317.2,76239.4,76262.3,12.10058474
2026-04-20 18:20:00,76262.3,76289.5,76140.0,76155.7,13.05867497
2026-04-20 18:25:00,76153.3,76186.7,76084.6,76098.1,13.1844193
2026-04-20 18:30:00,76099.5,76129.8,76008.6,76129.8,9.76306724
2026-04-20 18:35:00,76130.8,76146.0,75963.9,76058.6,14.19215437
2026-04-20 18:40:00,76062.0,76262.6,76061.9,76173.7,27.51882051
2026-04-20 18:45:00,76168.7,76199.1,76086.7,76180.9,12.93737514
2026-04-20 18:50:00,76181.0,76447.8,76181.0,76409.8,37.22658079
2026-04-20 18:55:00,76409.8,76447.8,76341.4,76425.4,16.03136784
2026-04-20 19:00:00,76425.4,76460.8,76300.0,76418.8,18.26328775
2026-04-20 19:05:00,76418.7,76470.0,76358.5,76448.8,21.07814072
2026-04-20 19:10:00,76448.8,76470.0,76319.4,76342.2,57.40761141
2026-04-20 19:15:00,76339.9,76339.9,76207.8,76231.8,16.91439408
2026-04-20 19:20:00,76231.8,76269.8,76173.9,76189.8,13.32019465
2026-04-20 19:25:00,76189.9,76212.9,76168.0,76202.9,6.99968834
2026-04-20 19:30:00,76202.8,76254.6,76143.8,76217.4,8.26785479
2026-04-20 19:35:00,76217.2,76260.5,76198.5,76255.5,4.04640883
2026-04-20 19:40:00,76255.5,76255.5,76214.1,76247.9,3.87001591
2026-04-20 19:45:00,76248.8,76260.0,76204.0,76257.5,4.04851205
2026-04-20 19:50:00,76257.5,76268.8,76214.0,76233.9,9.76980567
2026-04-20 19:55:00,76233.8,76327.4,76218.4,76287.7,14.48872662
2026-04-20 20:00:00,76292.3,76292.3,76111.8,76244.1,20.55553033
2026-04-20 20:05:00,76244.2,76294.0,76112.1,76249.7,17.33654256
2026-04-20 20:10:00,76250.3,76359.9,76250.3,76333.0,3.62415156
2026-04-20 20:15:00,76331.4,76398.9,76302.2,76394.1,9.02639255
2026-04-20 20:20:00,76394.2,76564.2,76373.8,76439.9,38.6851911
2026-04-20 20:25:00,76439.9,76466.9,76294.2,76319.3,6.89324217
2026-04-20 20:30:00,76319.3,76319.3,76209.3,76254.1,8.97739469
2026-04-20 20:35:00,76254.0,76255.5,76218.3,76252.1,6.34227127
2026-04-20 20:40:00,76252.0,76252.1,76215.2,76245.8,7.57067524
2026-04-20 20:45:00,76245.8,76310.9,76220.8,76263.6,12.28968356
2026-04-20 20:50:00,76263.5,76287.5,76263.5,76279.8,2.68418785
2026-04-20 20:55:00,76279.8,76295.1,76265.8,76269.7,5.80778829
2026-04-20 21:00:00,76269.7,76360.0,76220.1,76247.8,28.10256535
2026-04-20 21:05:00,76247.7,76320.0,76129.3,76132.6,22.78192766
2026-04-20 21:10:00,76132.8,76132.8,75914.1,75987.8,60.22782299
2026-04-20 21:15:00,75987.8,76033.1,75848.7,75914.3,19.86482209
2026-04-20 21:20:00,75917.1,75988.0,75913.4,75964.1,10.38792543
2026-04-20 21:25:00,75964.1,75964.2,75892.0,75923.8,1.93403336
2026-04-20 21:30:00,75923.7,75923.7,75782.2,75859.4,4.94582008
2026-04-20 21:35:00,75855.2,75919.3,75852.4,75879.1,5.46581081
2026-04-20 21:40:00,75879.1,75940.7,75859.8,75879.4,2.99788807
2026-04-20 21:45:00,75878.4,75932.3,75865.3,75912.4,2.38057198
2026-04-20 21:50:00,75912.5,75962.0,75892.5,75933.4,3.95024399
2026-04-20 21:55:00,75933.5,75970.1,75918.5,75952.2,3.87476263
2026-04-20 22:00:00,75952.2,76100.0,75950.4,76079.8,24.8901707
2026-04-20 22:05:00,76079.9,76142.8,76040.1,76050.6,9.78450046
2026-04-20 22:10:00,76050.3,76095.7,76038.9,76066.2,3.87471124
2026-04-20 22:15:00,76066.2,76110.0,75924.5,75924.5,8.48382129
2026-04-20 22:20:00,75922.2,75988.9,75900.1,75966.1,7.68225593
2026-04-20 22:25:00,75967.8,75974.0,75907.4,75919.1,3.94446406
2026-04-20 22:30:00,75919.2,76031.0,75900.2,76018.9,6.64495162
2026-04-20 22:35:00,76018.9,76076.6,75984.9,76005.0,6.7886426
2026-04-20 22:40:00,76006.5,76016.8,75926.2,75989.4,3.75949518
2026-04-20 22:45:00,75989.4,75996.1,75926.5,75929.4,1.41758777
2026-04-20 22:50:00,75928.0,75969.6,75925.0,75969.5,2.89715996
2026-04-20 22:55:00,75969.5,75989.5,75924.9,75972.0,1.24462193
2026-04-20 23:00:00,75972.0,75972.0,75805.8,75813.6,20.66847265
2026-04-20 23:05:00,75813.6,75813.6,75725.6,75776.0,14.57575726
2026-04-20 23:10:00,75776.0,75820.2,75718.8,75756.8,22.54075216
2026-04-20 23:15:00,75756.8,75759.4,75675.0,75717.4,8.3699709
2026-04-20 23:20:00,75717.5,75768.4,75717.4,75759.4,3.02269125
2026-04-20 23:25:00,75752.5,75752.5,75604.5,75663.4,16.27075308
2026-04-20 23:30:00,75663.4,75722.6,75635.0,75716.1,14.51478489
2026-04-20 23:35:00,75716.2,75798.5,75709.3,75792.6,3.21827846
2026-04-20 23:40:00,75792.6,75813.7,75766.9,75779.9,7.0052198
2026-04-20 23:45:00,75780.7,75891.0,75763.0,75866.0,20.37993248
2026-04-20 23:50:00,75866.0,75878.6,75840.2,75860.2,7.62158129
2026-04-20 23:55:00,75860.2,75870.8,75827.0,75840.4,15.30586595
2026-04-21 00:00:00,75840.4,75929.0,75819.4,75825.1,23.51571491
2026-04-21 00:05:00,75825.2,75857.4,75695.6,75734.6,38.34291408
2026-04-21 00:10:00,75734.7,75909.7,75734.7,75870.1,6.90736035
2026-04-21 00:15:00,75869.8,75919.9,75850.7,75873.2,4.8936375
2026-04-21 00:20:00,75873.3,75930.0,75835.0,75911.7,9.53692873
2026-04-21 00:25:00,75911.7,75911.7,75806.1,75910.6,14.24804996
2026-04-21 00:30:00,75910.5,75961.5,75861.9,75929.4,9.5102651
2026-04-21 00:35:00,75929.1,75995.6,75900.0,75901.3,8.43996632
2026-04-21 00:40:00,75901.3,75947.4,75882.0,75882.0,9.55768794
2026-04-21 00:45:00,75882.1,76079.0,75882.1,76000.5,29.25702027
2026-04-21 00:50:00,76000.3,76000.3,75923.9,75943.4,7.01545878
2026-04-21 00:55:00,75943.4,76100.0,75936.9,76097.0,5.51885389
2026-04-21 01:00:00,76097.1,76110.9,76024.7,76105.0,4.36937681
2026-04-21 01:05:00,76100.1,76270.2,76099.9,76182.8,22.90781778
2026-04-21 01:10:00,76179.0,76197.8,76077.7,76129.1,6.34471278
2026-04-21 01:15:00,76129.1,76129.1,76001.0,76008.3,10.54733266
2026-04-21 01:20:00,76008.4,76056.4,76007.6,76025.2,6.27722453
2026-04-21 01:25:00,76025.1,76146.8,76001.0,76130.9,11.68444213
2026-04-21 01:30:00,76130.9,76232.7,76114.8,76121.3,3.30692494
2026-04-21 01:35:00,76121.3,76139.7,76019.4,76028.9,3.01672558
2026-04-21 01:40:00,76023.0,76078.5,76000.8,76075.3,5.45098992
2026-04-21 01:45:00,76077.1,76077.1,76000.0,76024.4,5.75018386
2026-04-21 01:50:00,76029.1,76046.7,75864.9,75897.3,10.18222378
2026-04-21 01:55:00,75897.3,75939.1,75873.7,75924.1,8.23885884
2026-04-21 02:00:00,75924.1,75933.8,75750.5,75784.8,9.72910914
2026-04-21 02:05:00,75784.8,75815.8,75760.0,75792.6,3.52488987
2026-04-21 02:10:00,75792.3,75813.9,75711.2,75730.6,21.08527411
2026-04-21 02:15:00,75730.6,75786.6,75702.7,75740.7,12.07971032
2026-04-21 02:20:00,75740.8,75786.6,75717.1,75734.2,4.65085725
2026-04-21 02:25:00,75734.2,75810.0,75692.6,75723.2,7.72973043
2026-04-21 02:30:00,75723.3,75806.2,75723.3,75747.5,15.47610192
2026-04-21 02:35:00,75747.5,75765.5,75654.3,75654.3,4.1906032
2026-04-21 02:40:00,75654.3,75688.7,75604.1,75611.6,11.82581319
2026-04-21 02:45:00,75611.7,75684.8,75583.8,75598.4,8.84254573
2026-04-21 02:50:00,75601.9,75639.5,75600.0,75622.3,7.93935552
2026-04-21 02:55:00,75622.3,75630.0,75590.0,75590.6,7.41518763
2026-04-21 03:00:00,75590.6,75620.0,75485.7,75620.0,20.14263215
2026-04-21 03:05:00,75621.1,75629.9,75566.1,75600.2,3.24551708
2026-04-21 03:10:00,75600.1,75635.7,75540.1,75564.1,3.31472403
2026-04-21 03:15:00,75564.0,75634.7,75500.1,75510.7,2.39843396
2026-04-21 03:20:00,75510.7,75578.4,75510.6,75573.5,13.50700057
2026-04-21 03:25:00,75573.4,75665.9,75566.8,75638.2,2.5307934
2026-04-21 03:30:00,75638.2,75727.1,75622.4,75676.7,8.36866455
2026-04-21 03:35:00,75676.8,75676.8,75524.9,75537.9,15.650161
2026-04-21 03:40:00,75537.9,75568.9,75500.0,75562.9,43.30623559
2026-04-21 03:45:00,75562.9,75657.8,75561.0,75646.0,4.95244037
2026-04-21 03:50:00,75646.1,75716.2,75642.8,75714.4,2.38247148
2026-04-21 03:55:00,75713.7,75727.2,75697.2,75712.3,3.95598956
2026-04-21 04:00:00,75711.4,75774.8,75701.1,75732.0,11.69402788
2026-04-21 04:05:00,75731.8,75731.8,75651.2,75651.2,5.14719799
2026-04-21 04:10:00,75651.2,75666.3,75625.0,75625.0,12.88937968
2026-04-21 04:15:00,75627.0,75675.0,75595.8,75595.9,10.00549298
2026-04-21 04:20:00,75602.1,75657.3,75602.1,75650.2,8.90079348
2026-04-21 04:25:00,75650.1,75720.1,75634.5,75644.0,8.92973155
2026-04-21 04:30:00,75644.0,75680.8,75625.8,75627.1,4.77885873
2026-04-21 04:35:00,75627.1,75734.0,75627.1,75714.2,2.1152415
2026-04-21 04:40:00,75714.2,75728.4,75662.0,75728.4,6.36389357
2026-04-21 04:45:00,75728.5,75753.8,75694.7,75732.9,5.41280613
2026-04-21 04:50:00,75732.9,75795.9,75722.4,75758.2,4.74613867
2026-04-21 04:55:00,75758.1,75843.8,75755.5,75822.0,6.46694489
2026-04-21 05:00:00,75822.1,75861.9,75822.0,75847.5,8.75958531
2026-04-21 05:05:00,75847.5,75975.0,75846.6,75932.6,15.03347586
2026-04-21 05:10:00,75932.6,75932.6,75851.6,75896.9,12.60889293
2026-04-21 05:15:00,75896.9,75924.1,75870.2,75875.3,13.84602132
2026-04-21 05:20:00,75875.2,75975.6,75875.2,75975.6,4.38861709
2026-04-21 05:25:00,75975.6,75981.0,75856.0,75895.0,16.88416065
2026-04-21 05:30:00,75895.0,75900.9,75832.8,75857.4,2.08569036
2026-04-21 05:35:00,75857.4,75886.4,75834.2,75834.3,2.6569968
2026-04-21 05:40:00,75834.3,75869.2,75834.3,75848.0,1.45754903
2026-04-21 05:45:00,75848.0,75848.0,75793.6,75816.6,13.13069812
2026-04-21 05:50:00,75816.6,75835.1,75786.3,75835.1,2.19761605
2026-04-21 05:55:00,75835.5,75839.3,75805.2,75816.3,1.34988299
2026-04-21 06:00:00,75816.4,75820.0,75739.4,75768.0,6.40229704
2026-04-21 06:05:00,75768.0,75783.6,75753.1,75769.0,3.86519685
2026-04-21 06:10:00,75768.4,75799.9,75763.5,75790.9,1.42195807
2026-04-21 06:15:00,75790.8,75806.9,75743.3,75743.4,9.68043242
2026-04-21 06:20:00,75743.4,75778.5,75710.0,75725.7,8.07682873
2026-04-21 06:25:00,75725.6,75775.1,75725.6,75761.4,1.53824565
2026-04-21 06:30:00,75761.5,76072.6,75761.5,76067.4,24.20027084
2026-04-21 06:35:00,76063.5,76130.0,76003.7,76026.6,11.43535696
2026-04-21 06:40:00,76026.7,76066.8,76000.0,76000.0,2.66757584
2026-04-21 06:45:00,76000.0,76046.9,75988.8,76035.4,3.57793631
2026-04-21 06:50:00,76034.8,76041.2,75973.1,75973.1,3.6486443
2026-04-21 06:55:00,75973.1,76006.5,75966.6,75979.0,1.9485591
2026-04-21 07:00:00,75978.9,75979.6,75823.4,75898.3,5.96488589
2026-04-21 07:05:00,75896.7,75910.8,75861.4,75902.6,2.47456042
2026-04-21 07:10:00,75904.4,75993.8,75904.4,75956.8,12.76406806
2026-04-21 07:15:00,75956.8,76081.8,75930.0,76066.8,17.93449687
2026-04-21 07:20:00,76066.8,76137.6,76052.6,76137.5,9.11963364
2026-04-21 07:25:00,76137.5,76301.6,76137.5,76188.5,33.8412159
2026-04-21 07:30:00,76188.5,76237.3,76034.7,76106.1,18.90428415
2026-04-21 07:35:00,76106.0,76233.2,76099.6,76168.6,34.30089565
2026-04-21 07:40:00,76168.6,76300.0,76168.6,76186.8,32.62096905
2026-04-21 07:45:00,76186.7,76227.2,76128.0,76227.2,21.07707792
2026-04-21 07:50:00,76227.2,76300.0,76109.4,76120.3,35.42717698
2026-04-21 07:55:00,76120.3,76136.7,76078.0,76079.9,22.22427095
2026-04-21 08:00:00,76079.9,76162.5,76063.0,76144.8,7.15231003
2026-04-21 08:05:00,76144.8,76212.9,76096.1,76165.2,7.45925839
2026-04-21 08:10:00,76165.1,76195.5,76088.3,76133.7,16.86333556
2026-04-21 08:15:00,76133.7,76214.8,76118.0,76212.5,14.01573604
2026-04-21 08:20:00,76212.5,76387.6,76212.5,76331.9,29.3314071
2026-04-21 08:25:00,76331.9,76375.1,76299.6,76350.4,8.77809365
2026-04-21 08:30:00,76350.4,76361.4,76268.5,76324.0,7.03504883
2026-04-21 08:35:00,76324.0,76354.0,76250.0,76352.9,7.0544187
2026-04-21 08:40:00,76350.1,76500.0,76326.7,76453.6,26.70429261
2026-04-21 08:45:00,76453.5,76954.1,76422.9,76663.1,220.67123435
2026-04-21 08:50:00,76663.1,76664.4,76550.0,76550.0,21.74679053
2026-04-21 08:55:00,76550.0,76550.0,76460.3,76505.8,27.87204831
2026-04-21 09:00:00,76505.8,76590.5,76388.9,76415.4,23.27904606
2026-04-21 09:05:00,76412.3,76449.9,76354.4,76422.7,8.00455502
2026-04-21 09:10:00,76422.7,76490.5,76413.7,76476.8,3.72244865
2026-04-21 09:15:00,76476.8,76540.3,76476.7,76512.4,6.63618824
2026-04-21 09:20:00,76512.3,76535.7,76417.0,76417.1,4.12006745
2026-04-21 09:25:00,76417.0,76417.0,76201.1,76246.4,22.48634248
2026-04-21 09:30:00,76246.8,76287.4,76200.8,76200.9,17.91286805
2026-04-21 09:35:00,76200.9,76276.7,76165.0,76276.7,18.89168564
2026-04-21 09:40:00,76276.8,76329.9,76267.9,76310.1,2.5672349
2026-04-21 09:45:00,76310.1,76333.0,76255.5,76298.3,7.28786793
2026-04-21 09:50:00,76298.3,76356.5,76274.5,76314.5,9.38194057
2026-04-21 09:55:00,76314.5,76382.9,76314.5,76362.9,8.55855126
2026-04-21 10:00:00,76362.9,76422.9,76353.1,76417.5,2.86507234
2026-04-21 10:05:00,76417.5,76498.0,76406.3,76475.9,5.5790819
2026-04-21 10:10:00,76476.0,76476.0,76399.3,76436.8,8.74123758
2026-04-21 10:15:00,76436.8,76525.4,76371.3,76476.9,15.60550841
2026-04-21 10:20:00,76475.9,76571.4,76431.9,76566.5,6.03734782
2026-04-21 10:25:00,76566.4,76567.0,76508.2,76517.3,9.6789571
2026-04-21 10:30:00,76517.2,76546.0,76500.1,76533.9,5.48109822
2026-04-21 10:35:00,76533.9,76566.7,76533.2,76540.4,14.37421017
2026-04-21 10:40:00,76540.3,76619.7,76474.5,76576.1,11.26497208
2026-04-21 10:45:00,76573.6,76731.9,76555.1,76731.8,44.88759616
2026-04-21 10:50:00,76731.8,76868.0,76731.8,76821.1,42.56174633
2026-04-21 10:55:00,76827.3,76868.0,76742.9,76749.3,11.31137145
2026-04-21 11:00:00,76749.4,76749.4,76666.6,76683.6,26.04267718
2026-04-21 11:05:00,76683.6,76715.2,76593.7,76647.8,25.97161233
2026-04-21 11:10:00,76647.7,76654.3,76327.6,76411.6,80.43779439
2026-04-21 11:15:00,76404.6,76514.0,76340.7,76513.9,19.94561246
2026-04-21 11:20:00,76513.9,76724.3,76501.6,76682.0,15.91916516
2026-04-21 11:25:00,76682.1,76682.2,76606.9,76670.7,18.28514192
2026-04-21 11:30:00,76670.7,76692.8,76581.8,76581.8,4.49462431
2026-04-21 11:35:00,76581.8,76626.8,76551.1,76609.5,8.76127429
2026-04-21 11:40:00,76609.4,76610.0,76466.5,76475.3,13.97705642
2026-04-21 11:45:00,76475.3,76486.1,76437.6,76447.5,22.88550868
2026-04-21 11:50:00,76447.6,76502.6,76444.0,76449.4,15.16698896
2026-04-21 11:55:00,76447.4,76486.7,76416.2,76450.8,5.47559072
2026-04-21 12:00:00,76450.8,76496.8,76350.0,76395.2,18.09759604
2026-04-21 12:05:00,76395.1,76459.5,76374.2,76435.4,2.65240627
2026-04-21 12:10:00,76435.4,76435.4,76257.9,76257.9,12.26536758
2026-04-21 12:15:00,76257.8,76332.3,76250.0,76327.6,19.39564734
2026-04-21 12:20:00,76327.6,76368.8,76274.0,76314.6,38.16798784
2026-04-21 12:25:00,76314.6,76397.3,76314.6,76382.0,3.92556922
2026-04-21 12:30:00,76382.1,76515.1,76315.6,76499.2,10.39818705
2026-04-21 12:35:00,76505.4,76531.4,76111.7,76125.8,25.18590899
2026-04-21 12:40:00,76125.7,76148.6,75716.7,75841.7,103.85551291
2026-04-21 12:45:00,75839.0,75918.3,75745.9,75776.8,62.29978536
2026-04-21 12:50:00,75776.7,75956.5,75769.8,75953.7,16.34960888
2026-04-21 12:55:00,75953.8,76070.5,75953.7,76018.5,11.64235791
2026-04-21 13:00:00,76018.5,76090.4,75913.9,75926.3,15.37278643
2026-04-21 13:05:00,75926.0,76050.0,75908.4,76000.2,6.23437374
2026-04-21 13:10:00,76000.2,76028.8,75966.8,76000.1,4.31275687
2026-04-21 13:15:00,76000.0,76073.6,75972.2,76036.8,3.63263309
2026-04-21 13:20:00,76036.7,76067.5,75990.9,76060.6,3.87310614
2026-04-21 13:25:00,76064.0,76130.0,76009.6,76033.0,26.23937972
2026-04-21 13:30:00,76030.2,76030.2,75875.0,75909.4,37.09055498
2026-04-21 13:35:00,75909.4,75971.0,75788.1,75794.7,25.87981446
2026-04-21 13:40:00,75794.1,76189.0,75740.4,76017.6,27.4224017
2026-04-21 13:45:00,76017.5,76063.5,75856.5,75881.0,23.52063302
2026-04-21 13:50:00,75881.0,75920.0,75778.1,75818.0,27.5235805
2026-04-21 13:55:00,75818.0,75965.0,75818.0,75904.9,14.55474853
2026-04-21 14:00:00,75905.1,75935.2,75706.1,75847.1,29.58402797
2026-04-21 14:05:00,75847.0,75878.6,75722.5,75878.6,9.04200886
2026-04-21 14:10:00,75876.2,75878.6,75759.7,75838.8,2.4649716
2026-04-21 14:15:00,75841.3,76299.3,75841.3,76178.9,67.57067808
2026-04-21 14:20:00,76178.8,76262.9,76063.0,76113.9,24.25760482
2026-04-21 14:25:00,76113.9,76207.1,76086.0,76126.7,8.62197733
2026-04-21 14:30:00,76126.7,76250.0,76115.9,76218.1,11.58742186
2026-04-21 14:35:00,76218.2,76377.0,76197.4,76316.3,19.8993897
2026-04-21 14:40:00,76316.2,76596.5,76287.7,76469.2,68.45903112
2026-04-21 14:45:00,76461.9,76481.4,76192.0,76222.1,20.17144106
2026-04-21 14:50:00,76222.0,76277.3,76149.8,76150.0,32.16100084
2026-04-21 14:55:00,76149.8,76155.6,75625.0,75674.2,70.6804133
2026-04-21 15:00:00,75675.6,75809.2,75414.8,75678.8,114.30236279
2026-04-21 15:05:00,75673.0,75756.6,75550.1,75725.7,32.17954321
2026-04-21 15:10:00,75725.7,75849.7,75715.5,75770.0,19.7056917
2026-04-21 15:15:00,75772.3,75981.1,75759.8,75981.1,15.20393146
2026-04-21 15:20:00,75981.0,75981.0,75749.6,75773.6,21.80711502
2026-04-21 15:25:00,75769.6,75769.6,75596.9,75696.8,17.62321212
2026-04-21 15:30:00,75696.7,75778.0,75625.1,75658.0,17.820247
2026-04-21 15:35:00,75657.9,75778.0,75532.0,75778.0,24.07435535
2026-04-21 15:40:00,75778.1,75817.2,75660.7,75702.6,7.98020455
2026-04-21 15:45:00,75702.6,75813.8,75667.7,75757.7,7.83742544
2026-04-21 15:50:00,75757.6,75774.7,75689.8,75690.4,12.21367145
2026-04-21 15:55:00,75690.4,75839.4,75621.9,75839.4,8.91093806
2026-04-21 16:00:00,75839.5,76018.6,75825.1,75854.5,33.60878269
2026-04-21 16:05:00,75859.2,75967.8,75821.5,75967.5,10.76609511
2026-04-21 16:10:00,75967.6,75967.6,75852.2,75967.0,5.32809075
2026-04-21 16:15:00,75961.7,75988.5,75837.1,75962.1,5.31694516
2026-04-21 16:20:00,75962.1,75977.0,75856.4,75897.2,6.63904541
2026-04-21 16:25:00,75898.5,75990.0,75863.3,75863.3,6.86206351
2026-04-21 16:30:00,75863.3,76090.8,75838.8,76090.8,18.30516131
2026-04-21 16:35:00,76090.9,76188.9,75985.9,76035.4,19.10711734
2026-04-21 16:40:00,76035.4,76109.1,75878.5,75890.7,9.67443528
2026-04-21 16:45:00,75890.7,76046.5,75890.7,76046.5,11.51846766
2026-04-21 16:50:00,76046.5,76046.5,75918.2,75928.2,10.40417415
2026-04-21 16:55:00,75928.2,75945.2,75761.9,75774.9,15.75550561
2026-04-21 17:00:00,75774.9,75828.1,75725.5,75745.9,13.59577046
2026-04-21 17:05:00,75745.9,75745.9,75562.5,75648.1,28.77862412
2026-04-21 17:10:00,75648.0,75648.0,75446.0,75540.0,28.3893479
2026-04-21 17:15:00,75542.7,75551.1,75094.4,75100.0,74.78187975
2026-04-21 17:20:00,75100.0,75363.6,75055.0,75304.2,19.50852212
2026-04-21 17:25:00,75303.9,75384.5,75201.6,75333.7,12.22607368
2026-04-21 17:30:00,75332.2,75374.9,75277.4,75338.8,9.44694961
2026-04-21 17:35:00,75338.8,75702.7,75283.7,75597.0,54.84545581
2026-04-21 17:40:00,75592.0,75905.5,75583.5,75772.0,35.23219775
2026-04-21 17:45:00,75768.4,75798.9,75642.4,75718.1,19.36301604
2026-04-21 17:50:00,75718.1,75829.5,75611.1,75620.4,9.56396553
2026-04-21 17:55:00,75616.0,75616.0,75511.8,75556.3,6.25592096
2026-04-21 18:00:00,75556.4,75639.8,75522.1,75572.8,6.3640034
2026-04-21 18:05:00,75572.9,75635.3,75547.2,75589.4,3.77257634
2026-04-21 18:10:00,75587.8,75609.8,75496.3,75578.9,3.38070943
2026-04-21 18:15:00,75579.0,75666.5,75432.8,75465.8,21.50088612
2026-04-21 18:20:00,75465.7,75516.1,75408.9,75453.0,3.3354746
2026-04-21 18:25:00,75448.0,75487.5,75376.1,75474.1,12.07383431
2026-04-21 18:30:00,75474.1,75598.0,75474.1,75576.1,3.25263355
2026-04-21 18:35:00,75574.8,75583.3,75466.3,75537.5,3.34138868
2026-04-21 18:40:00,75537.5,75544.4,75470.4,75522.0,1.72903824
2026-04-21 18:45:00,75522.1,75556.1,75389.1,75396.6,2.10471982
2026-04-21 18:50:00,75396.5,75546.9,75310.5,75508.1,21.71245466
2026-04-21 18:55:00,75508.1,75642.2,75457.3,75613.8,12.242398
2026-04-21 19:00:00,75613.8,75750.0,75603.4,75740.6,7.9002568
2026-04-21 19:05:00,75740.0,75790.0,75694.6,75694.6,4.23786494
2026-04-21 19:10:00,75694.5,75768.1,75559.1,75608.7,9.16420657
2026-04-21 19:15:00,75608.8,75679.7,75540.0,75611.3,21.19848353
2026-04-21 19:20:00,75611.3,75860.0,75611.3,75832.5,23.6864899
2026-04-21 19:25:00,75832.6,75917.2,75761.5,75779.3,9.73428164
2026-04-21 19:30:00,75779.4,75789.0,75571.3,75571.3,4.55657558
2026-04-21 19:35:00,75571.2,75571.2,75182.9,75253.4,26.91715796
2026-04-21 19:40:00,75253.4,75257.1,74826.1,74866.9,120.31265373
2026-04-21 19:45:00,74867.0,75039.1,74825.6,75009.7,20.33725308
2026-04-21 19:50:00,75006.0,75099.9,74900.0,74953.5,26.72914555
2026-04-21 19:55:00,74956.8,75050.6,74942.7,75025.9,12.15661378
2026-04-21 20:00:00,75025.9,75174.1,74991.5,75102.5,16.65177151
2026-04-21 20:05:00,75102.5,75419.5,74975.1,75353.4,34.65880136
2026-04-21 20:10:00,75353.5,75621.6,75307.6,75585.9,74.40317851
2026-04-21 20:15:00,75583.6,75621.8,75449.3,75510.9,14.01667177
2026-04-21 20:20:00,75514.0,75649.9,75514.0,75629.4,4.52075979
2026-04-21 20:25:00,75631.7,75783.4,75628.9,75649.8,18.79951823
2026-04-21 20:30:00,75649.8,75851.7,75649.8,75789.8,8.63910271
2026-04-21 20:35:00,75789.9,75842.5,75676.0,75754.5,5.04850479
2026-04-21 20:40:00,75749.2,75749.2,75658.7,75667.3,4.17706017
2026-04-21 20:45:00,75667.2,75743.0,75582.2,75743.0,3.50780343
2026-04-21 20:50:00,75743.0,75748.5,75669.4,75716.4,3.81765165
2026-04-21 20:55:00,75716.3,75774.4,75691.1,75694.7,6.5621869
2026-04-21 21:00:00,75691.0,75775.7,75654.9,75707.8,6.42180152
2026-04-21 21:05:00,75707.8,75717.1,75615.1,75621.6,3.9631505
2026-04-21 21:10:00,75621.6,75621.7,75526.7,75572.7,29.8838039
2026-04-21 21:15:00,75572.7,75607.9,75543.6,75581.3,8.87837252
2026-04-21 21:20:00,75582.1,75676.8,75582.1,75604.9,7.86368273
2026-04-21 21:25:00,75604.9,75624.9,75540.3,75576.0,2.82729979
2026-04-21 21:30:00,75576.3,75588.6,75569.7,75588.5,1.22538534
2026-04-21 21:35:00,75588.6,75627.9,75564.6,75602.3,5.25108988
2026-04-21 21:40:00,75602.3,75637.1,75455.7,75455.7,8.16215072
2026-04-21 21:45:00,75455.5,75537.3,75450.1,75509.9,2.98959433
2026-04-21 21:50:00,75509.1,75539.9,75509.1,75539.6,1.17863328
2026-04-21 21:55:00,75539.6,75584.2,75517.7,75542.3,2.64528311
2026-04-21 22:00:00,75541.1,75602.4,75496.5,75532.9,6.17858307
2026-04-21 22:05:00,75532.3,75573.9,75467.9,75488.7,30.66399701
2026-04-21 22:10:00,75488.6,75568.1,75488.6,75544.3,41.43041044
2026-04-21 22:15:00,75544.3,75544.3,75306.5,75306.6,62.86752697
2026-04-21 22:20:00,75306.6,75399.0,75295.0,75350.9,10.59440251
2026-04-21 22:25:00,75356.9,75385.4,75334.8,75365.9,2.00975635
2026-04-21 22:30:00,75365.9,75397.4,75294.3,75371.7,3.55991556
2026-04-21 22:35:00,75371.6,75433.9,75340.8,75365.6,22.25000011
2026-04-21 22:40:00,75365.6,75538.7,75335.0,75519.9,6.83715798
2026-04-21 22:45:00,75519.8,75542.9,75484.3,75484.3,3.10473549
2026-04-21 22:50:00,75486.0,75575.6,75486.0,75572.6,2.37931401
2026-04-21 22:55:00,75572.7,75647.0,75572.7,75638.6,16.76102324
2026-04-21 23:00:00,75640.2,75798.9,75611.9,75754.7,32.91381966
2026-04-21 23:05:00,75754.8,75857.1,75754.4,75842.2,9.61770587
2026-04-21 23:10:00,75840.9,75840.9,75727.7,75771.9,1.10551287
2026-04-21 23:15:00,75771.8,75870.7,75745.6,75836.5,8.95336979
2026-04-21 23:20:00,75835.2,75849.0,75782.2,75820.2,2.63094252
2026-04-21 23:25:00,75819.6,75824.9,75759.7,75788.2,1.39642536
2026-04-21 23:30:00,75788.1,75847.2,75776.5,75842.4,12.58030241
2026-04-21 23:35:00,75842.5,75972.9,75828.7,75972.8,23.1607731
2026-04-21 23:40:00,75972.8,76110.1,75932.0,76080.7,31.78719276
2026-04-21 23:45:00,76078.0,76418.6,76074.2,76360.6,62.25469482
2026-04-21 23:50:00,76360.7,76423.0,76304.3,76345.4,16.57914515
2026-04-21 23:55:00,76345.4,76355.2,76310.5,76329.7,2.66626514
2026-04-22 00:00:00,76329.7,76418.7,76310.0,76310.0,13.84597922
2026-04-22 00:05:00,76310.1,76503.1,76310.1,76448.4,12.57581728
2026-04-22 00:10:00,76445.7,76445.7,76313.0,76417.1,5.74278561
2026-04-22 00:15:00,76417.0,76417.0,76276.6,76358.2,14.63058787
2026-04-22 00:20:00,76357.6,76444.7,76279.1,76279.1,3.91360598
2026-04-22 00:25:00,76279.0,76333.1,76255.8,76270.2,3.70754804
2026-04-22 00:30:00,76270.3,76309.5,76250.0,76253.2,8.82473612
2026-04-22 00:35:00,76250.1,76337.0,76218.8,76337.0,14.17812411
2026-04-22 00:40:00,76337.6,76399.9,76300.1,76329.9,2.75261872
2026-04-22 00:45:00,76330.5,76372.0,76280.8,76280.8,4.91332637
2026-04-22 00:50:00,76280.8,76297.3,76250.0,76274.2,4.94246701
2026-04-22 00:55:00,76275.9,76372.0,76265.2,76369.6,6.3801045
2026-04-22 01:00:00,76369.6,76418.5,76317.3,76349.6,5.79450853
2026-04-22 01:05:00,76349.6,76372.9,76311.6,76341.1,11.45722887
2026-04-22 01:10:00,76341.1,76427.2,76286.5,76393.0,15.3555997
2026-04-22 01:15:00,76393.1,76393.1,76166.6,76183.6,13.64103813
2026-04-22 01:20:00,76186.0,76250.8,76142.8,76181.9,12.96148095
2026-04-22 01:25:00,76181.9,76217.9,76148.7,76161.4,5.41721422
2026-04-22 01:30:00,76160.6,76211.2,76140.4,76175.9,3.65301355
2026-04-22 01:35:00,76174.4,76271.5,76167.8,76266.2,2.01816863
2026-04-22 01:40:00,76266.1,76271.4,76222.7,76251.6,1.33530524
2026-04-22 01:45:00,76251.5,76291.3,76205.9,76287.6,3.7938287
2026-04-22 01:50:00,76288.2,76358.0,76237.3,76246.6,4.86860633
2026-04-22 01:55:00,76246.5,76324.7,76239.9,76301.0,2.20477293
2026-04-22 02:00:00,76301.1,76351.8,76225.8,76296.0,12.26284629
2026-04-22 02:05:00,76295.9,76349.9,76237.2,76341.4,10.75855745
2026-04-22 02:10:00,76345.3,76875.0,76345.3,76737.2,96.2123861
2026-04-22 02:15:00,76738.8,77166.6,76738.8,77017.0,103.92751125
2026-04-22 02:20:00,77017.0,77169.0,76780.0,77021.4,89.95188102
2026-04-22 02:25:00,77014.5,77268.1,77014.5,77240.0,45.30635957
2026-04-22 02:30:00,77240.1,77364.0,77073.7,77137.2,50.53855812
2026-04-22 02:35:00,77142.0,77232.3,77070.8,77102.9,22.34777723
2026-04-22 02:40:00,77102.9,77312.4,77073.2,77251.0,49.37689384
2026-04-22 02:45:00,77251.0,77287.9,77141.7,77199.8,23.8501218
2026-04-22 02:50:00,77197.2,77500.0,77188.5,77474.5,62.07126505
2026-04-22 02:55:00,77482.2,77646.5,77408.8,77605.2,96.39514741
2026-04-22 03:00:00,77605.2,77681.1,77466.8,77601.9,79.54538272
2026-04-22 03:05:00,77597.9,77744.0,77500.1,77605.7,58.83474965
2026-04-22 03:10:00,77605.7,77657.9,77542.5,77606.0,8.89264834
2026-04-22 03:15:00,77605.9,77605.9,77415.6,77423.3,20.31856138
2026-04-22 03:20:00,77423.0,77542.2,77410.3,77485.9,43.71690957
2026-04-22 03:25:00,77485.9,77602.8,77485.9,77530.2,15.70780017
2026-04-22 03:30:00,77531.7,77542.7,77371.9,77422.5,44.42035362
2026-04-22 03:35:00,77420.6,77449.7,77412.7,77429.1,7.06686025
2026-04-22 03:40:00,77429.2,77570.5,77429.1,77570.5,23.98226383
2026-04-22 03:45:00,77570.5,77612.2,77492.1,77559.9,10.1631481
2026-04-22 03:50:00,77559.9,77619.9,77543.1,77552.5,9.2123692
2026-04-22 03:55:00,77552.5,77620.0,77520.0,77526.2,20.61431867
2026-04-22 04:00:00,77526.3,77594.1,77526.2,77594.1,29.88259135
2026-04-22 04:05:00,77596.5,77603.1,77539.2,77569.1,9.88733718
2026-04-22 04:10:00,77569.2,77641.2,77473.6,77485.5,34.53520883
2026-04-22 04:15:00,77485.4,77510.7,77439.1,77451.0,40.6437679
2026-04-22 04:20:00,77451.0,77492.9,77375.0,77422.3,15.34909671
2026-04-22 04:25:00,77422.2,77525.5,77404.1,77512.0,8.88141834
2026-04-22 04:30:00,77512.0,77539.5,77486.9,77498.6,9.06807466
2026-04-22 04:35:00,77498.6,77676.4,77477.6,77652.6,16.56149934
2026-04-22 04:40:00,77652.6,77704.7,77562.0,77563.7,38.30319726
2026-04-22 04:45:00,77562.2,77589.6,77524.1,77524.1,13.13068691
2026-04-22 04:50:00,77524.1,77573.7,77461.7,77474.4,12.83302235
2026-04-22 04:55:00,77474.4,77526.5,77446.2,77526.4,9.69843282
2026-04-22 05:00:00,77526.4,77542.8,77445.2,77484.8,10.03328692
2026-04-22 05:05:00,77483.8,77588.3,77453.0,77552.5,8.77400893
2026-04-22 05:10:00,77548.2,77594.3,77521.7,77541.4,6.9971062
2026-04-22 05:15:00,77541.4,77998.2,77521.9,77932.9,173.22806001
2026-04-22 05:20:00,77927.2,78429.9,77873.2,78217.6,208.72253875
2026-04-22 05:25:00,78217.5,78450.0,78133.7,78253.8,134.60158513
2026-04-22 05:30:00,78253.7,78330.9,78120.0,78188.3,78.21079757
2026-04-22 05:35:00,78180.4,78243.8,78023.3,78036.0,34.15667076
2026-04-22 05:40:00,78036.1,78350.0,78002.4,78135.7,67.78457142
2026-04-22 05:45:00,78127.9,78170.5,78072.9,78087.7,45.88079914
2026-04-22 05:50:00,78084.4,78145.1,77968.7,78095.7,33.39183853
2026-04-22 05:55:00,78095.7,78216.0,77987.7,77987.7,35.86086791
2026-04-22 06:00:00,77987.8,77999.5,77916.0,77956.6,18.53007011
2026-04-22 06:05:00,77956.7,77971.3,77911.4,77941.6,14.68365318
2026-04-22 06:10:00,77941.5,78022.2,77912.1,77946.2,32.22678451
2026-04-22 06:15:00,77946.2,78012.2,77946.2,77988.4,8.40305954
2026-04-22 06:20:00,77988.4,78033.0,77923.8,77948.6,13.41520703
2026-04-22 06:25:00,77948.7,78000.3,77919.1,77968.5,18.90047006
2026-04-22 06:30:00,77969.7,78009.3,77930.5,77930.5,11.42398147
2026-04-22 06:35:00,77930.4,77950.3,77900.1,77939.2,10.44109296
2026-04-22 06:40:00,77939.3,77974.1,77924.2,77965.2,6.98001621
2026-04-22 06:45:00,77965.1,77982.0,77919.6,77961.2,2.93519053
2026-04-22 06:50:00,77961.2,78018.0,77952.5,78012.2,8.11077074
2026-04-22 06:55:00,78012.2,78012.3,77962.7,78004.0,4.76937016
2026-04-22 07:00:00,78004.1,78035.0,77964.7,77999.7,8.49113733
2026-04-22 07:05:00,77999.8,78061.2,77992.6,78038.4,10.2454628
2026-04-22 07:10:00,78038.4,78133.9,78001.0,78106.1,26.96448641
2026-04-22 07:15:00,78106.2,78106.2,77961.9,77967.3,8.76671609
2026-04-22 07:20:00,77970.4,77970.4,77830.1,77882.2,18.73662644
2026-04-22 07:25:00,77882.3,77905.3,77830.1,77892.2,14.17384414
2026-04-22 07:30:00,77892.2,77911.1,77834.5,77894.6,34.66168912
2026-04-22 07:35:00,77894.6,77966.0,77870.8,77902.2,27.03623815
2026-04-22 07:40:00,77902.2,78061.1,77870.4,78061.1,59.68257712
2026-04-22 07:45:00,78061.0,78110.0,77984.7,78002.4,39.02642244
2026-04-22 07:50:00,78002.3,78052.5,77972.5,77997.8,36.53532215
2026-04-22 07:55:00,77997.8,78075.4,77979.0,78010.1,43.53947645
2026-04-22 08:00:00,78010.1,78167.3,78010.0,78052.0,20.41265993
2026-04-22 08:05:00,78051.9,78141.1,78051.9,78108.9,19.6799353
2026-04-22 08:10:00,78108.9,78173.6,78092.8,78143.6,17.46210275
2026-04-22 08:15:00,78143.6,78163.1,78110.0,78144.3,22.25010892
2026-04-22 08:20:00,78144.3,78210.0,78023.3,78032.3,92.59368076
2026-04-22 08:25:00,78032.4,78093.9,77968.7,77968.8,49.31217408
2026-04-22 08:30:00,77971.4,78028.1,77957.2,77971.6,6.32138116
2026-04-22 08:35:00,77971.7,78017.0,77960.0,77975.5,14.79931429
2026-04-22 08:40:00,77975.5,78011.8,77944.4,77944.5,4.96139559
2026-04-22 08:45:00,77944.5,78014.4,77944.5,77963.6,22.42444197
2026-04-22 08:50:00,77970.3,78079.1,77970.3,78058.5,19.31772357
2026-04-22 08:55:00,78058.6,78082.0,78012.2,78014.9,14.08119535
2026-04-22 09:00:00,78012.2,78068.7,77952.9,77986.7,30.01184837
2026-04-22 09:05:00,77986.8,78073.7,77961.8,78062.0,12.83759057
2026-04-22 09:10:00,78061.9,78099.9,78025.9,78047.9,17.77317209
2026-04-22 09:15:00,78047.9,78062.6,77962.2,77987.8,7.81471668
2026-04-22 09:20:00,77987.9,78042.2,77982.5,78039.7,10.36508785
2026-04-22 09:25:00,78039.7,78160.5,78033.3,78160.5,6.6765307
2026-04-22 09:30:00,78160.5,78160.5,78095.6,78099.4,9.94502489
2026-04-22 09:35:00,78099.5,78122.6,78052.0,78112.6,21.37911976
2026-04-22 09:40:00,78112.5,78189.1,78112.5,78145.4,9.91939171
2026-04-22 09:45:00,78145.5,78145.5,78087.6,78108.1,8.17316689
2026-04-22 09:50:00,78108.1,78128.1,77987.6,78005.1,16.87472975
2026-04-22 09:55:00,78007.8,78030.8,77979.5,78006.7,9.54222981
2026-04-22 10:00:00,78006.8,78056.9,77952.3,77980.8,8.13740958
2026-04-22 10:05:00,77980.4,78046.1,77952.2,77952.3,4.43468944
2026-04-22 10:10:00,77952.3,78048.6,77952.3,78040.7,4.57962136
2026-04-22 10:15:00,78040.2,78049.9,77968.0,78023.0,6.58144415
2026-04-22 10:20:00,78022.6,78036.5,77975.6,77984.5,5.57808495
2026-04-22 10:25:00,77984.7,78073.7,77984.7,78064.9,4.83148691
2026-04-22 10:30:00,78063.6,78171.5,78063.6,78171.5,17.06549046
2026-04-22 10:35:00,78171.5,78187.5,78109.7,78145.7,6.37699198
2026-04-22 10:40:00,78145.6,78159.9,78112.3,78123.0,6.4758192
2026-04-22 10:45:00,78123.0,78140.8,78098.9,78123.3,12.72736996
2026-04-22 10:50:00,78123.3,78158.8,78106.0,78124.5,1.7661069
2026-04-22 10:55:00,78124.6,78175.3,78078.1,78163.1,18.86536102
2026-04-22 11:00:00,78163.2,78287.1,78163.2,78225.2,23.65585185
2026-04-22 11:05:00,78225.6,78292.5,78100.1,78124.7,11.92822187
2026-04-22 11:10:00,78124.7,78219.4,78107.5,78161.9,34.23279483
2026-04-22 11:15:00,78162.0,78250.0,78162.0,78209.2,5.52345156
2026-04-22 11:20:00,78209.3,78250.0,78209.3,78228.9,3.56482623
2026-04-22 11:25:00,78228.8,78312.4,78222.0,78312.4,13.89547035
2026-04-22 11:30:00,78312.4,78333.3,78265.4,78312.4,11.39451423
2026-04-22 11:35:00,78312.4,78399.0,78175.1,78231.2,17.90457113
2026-04-22 11:40:00,78231.2,78251.0,78186.0,78207.9,7.20792661
2026-04-22 11:45:00,78207.9,78323.9,78207.9,78309.1,12.01612604
2026-04-22 11:50:00,78309.0,78320.1,78244.2,78280.2,23.62841988
2026-04-22 11:55:00,78277.5,78300.2,78244.8,78299.6,14.76229855
2026-04-22 12:00:00,78299.6,78405.5,78248.9,78312.5,38.3679722
2026-04-22 12:05:00,78312.6,78331.8,78219.7,78331.8,7.87539733
2026-04-22 12:10:00,78331.8,78459.4,78318.1,78426.8,55.25707852
2026-04-22 12:15:00,78423.5,78530.8,78300.0,78345.7,29.98788984
2026-04-22 12:20:00,78345.7,78368.3,78230.0,78233.8,44.87962245
2026-04-22 12:25:00,78233.8,78285.0,78150.0,78179.3,25.10406684
2026-04-22 12:30:00,78179.3,78239.2,78108.0,78223.4,23.39317303
2026-04-22 12:35:00,78224.5,78239.5,78176.3,78199.0,41.11640613
2026-04-22 12:40:00,78197.8,78269.1,78180.3,78184.6,25.11799925
2026-04-22 12:45:00,78184.6,78330.0,78176.0,78176.1,34.92741392
2026-04-22 12:50:00,78176.1,78249.1,78176.0,78240.8,9.31143223
2026-04-22 12:55:00,78240.7,78293.8,78217.4,78230.3,26.13764244
2026-04-22 13:00:00,78230.2,78290.5,78158.2,78283.2,27.03844442
2026-04-22 13:05:00,78283.2,78433.3,78220.4,78264.3,109.05558431
2026-04-22 13:10:00,78262.5,78370.9,78231.9,78370.9,16.25374411
2026-04-22 13:15:00,78370.9,78500.0,78345.1,78444.5,48.01844585
2026-04-22 13:20:00,78444.6,78491.6,78367.2,78459.9,27.22156072
2026-04-22 13:25:00,78459.9,78471.6,78402.5,78466.2,7.44085219
2026-04-22 13:30:00,78466.3,78680.0,78351.6,78443.2,90.0148821
2026-04-22 13:35:00,78443.1,78498.9,78282.3,78438.7,47.15049272
2026-04-22 13:40:00,78444.9,78640.5,78415.8,78608.7,36.93131294
2026-04-22 13:45:00,78608.8,78768.0,78522.1,78649.5,74.18657728
2026-04-22 13:50:00,78649.4,78765.2,78567.3,78750.5,32.84133594
2026-04-22 13:55:00,78750.6,78830.1,78710.2,78830.1,45.75608568
2026-04-22 14:00:00,78830.1,78891.6,78760.4,78872.2,89.32618767
2026-04-22 14:05:00,78872.2,78873.8,78693.4,78828.6,44.71111093
2026-04-22 14:10:00,78824.1,79074.9,78824.1,79057.1,126.64101572
2026-04-22 14:15:00,79057.1,79084.2,78768.3,78800.0,56.61210239
2026-04-22 14:20:00,78800.0,79186.0,78768.8,79081.7,90.99562152
2026-04-22 14:25:00,79081.7,79128.8,78992.1,79005.0,41.78432757
2026-04-22 14:30:00,79005.1,79041.8,78566.6,78731.5,133.77003346
2026-04-22 14:35:00,78731.5,78850.0,78692.5,78850.0,52.13694655
2026-04-22 14:40:00,78850.0,78950.3,78683.1,78694.7,58.06991298
2026-04-22 14:45:00,78700.0,78890.0,78688.5,78890.0,62.9893752
2026-04-22 14:50:00,78889.9,79010.1,78860.7,78951.3,38.67546293
2026-04-22 14:55:00,78951.3,79097.4,78860.6,79038.2,28.77488425
2026-04-22 15:00:00,79036.9,79088.4,78889.2,78916.3,29.3080288
2026-04-22 15:05:00,78916.4,79012.8,78850.0,78953.3,45.24796936
2026-04-22 15:10:00,78955.2,79118.0,78921.7,78947.6,25.64627377
2026-04-22 15:15:00,78947.7,79033.5,78881.1,78981.7,18.60785442
2026-04-22 15:20:00,78981.6,79075.2,78920.4,78982.6,26.4953534
2026-04-22 15:25:00,78981.4,79109.5,78833.4,79059.0,31.40695123
2026-04-22 15:30:00,79058.4,79276.9,79006.3,79085.5,65.00667914
2026-04-22 15:35:00,79084.0,79277.0,79009.0,79261.7,30.82260554
2026-04-22 15:40:00,79261.6,79315.0,79190.7,79279.8,54.38046228
2026-04-22 15:45:00,79279.9,79325.0,79226.4,79275.0,31.76558591
2026-04-22 15:50:00,79271.5,79398.0,79210.1,79396.0,42.22359309
2026-04-22 15:55:00,79395.9,79396.0,79270.5,79270.5,19.31187796
2026-04-22 16:00:00,79270.6,79433.6,79270.6,79424.6,57.23609104
2026-04-22 16:05:00,79424.7,79462.3,79280.0,79280.0,41.32661431
2026-04-22 16:10:00,79280.0,79280.1,79130.2,79188.9,28.33811933
2026-04-22 16:15:00,79188.8,79205.2,79090.9,79120.3,26.6636853
2026-04-22 16:20:00,79120.3,79171.0,78945.2,78984.3,34.65426057
2026-04-22 16:25:00,78988.7,79004.5,78877.7,78929.0,40.77035097
2026-04-22 16:30:00,78929.0,79022.2,78850.1,78965.2,46.4097024
2026-04-22 16:35:00,78963.9,79028.9,78922.6,78957.5,15.04771438
2026-04-22 16:40:00,78957.6,78957.6,78770.7,78814.0,42.04169844
2026-04-22 16:45:00,78814.0,78856.0,78742.3,78842.6,16.93548967
2026-04-22 16:50:00,78842.6,78851.9,78687.3,78704.6,32.40165114
2026-04-22 16:55:00,78704.6,78771.4,78631.0,78744.9,55.42848378
2026-04-22 17:00:00,78745.0,78913.4,78744.9,78881.2,34.77960876
2026-04-22 17:05:00,78881.3,78929.5,78823.2,78929.5,7.79299374
2026-04-22 17:10:00,78929.5,79029.0,78926.8,78982.8,32.87212906
2026-04-22 17:15:00,78982.9,78998.2,78760.0,78826.8,26.21371672
2026-04-22 17:20:00,78826.9,78850.0,78707.9,78717.5,11.983203
2026-04-22 17:25:00,78717.4,78908.6,78697.9,78833.1,22.10199548
2026-04-22 17:30:00,78833.1,78889.4,78768.1,78801.8,8.33664292
2026-04-22 17:35:00,78801.7,78860.8,78751.3,78842.3,8.09950778
2026-04-22 17:40:00,78842.3,78894.6,78784.1,78810.3,11.67298482
2026-04-22 17:45:00,78810.4,78934.7,78700.1,78876.2,27.10345475
2026-04-22 17:50:00,78878.1,78999.5,78854.2,78996.2,29.45910773
2026-04-22 17:55:00,78996.3,78996.3,78894.8,78906.8,12.71873715
2026-04-22 18:00:00,78906.8,78984.0,78904.9,78911.3,9.34021297
2026-04-22 18:05:00,78911.3,78939.1,78832.1,78927.0,16.8921206
2026-04-22 18:10:00,78926.6,78993.9,78875.4,78956.1,17.46277679
2026-04-22 18:15:00,78962.2,78999.7,78922.7,78970.7,6.35514442
2026-04-22 18:20:00,78970.6,78999.2,78886.0,78992.5,5.90110386
2026-04-22 18:25:00,78992.5,78997.0,78893.8,78893.8,7.73252526
2026-04-22 18:30:00,78893.8,78959.9,78850.2,78891.9,13.23473227
2026-04-22 18:35:00,78892.0,78968.5,78886.7,78952.8,11.23727215
2026-04-22 18:40:00,78952.8,79017.0,78951.7,78956.0,9.93352483
2026-04-22 18:45:00,78956.1,79124.3,78946.0,79103.4,20.49479726
2026-04-22 18:50:00,79103.4,79160.5,79062.9,79070.9,15.68833366
2026-04-22 18:55:00,79071.0,79071.0,78989.6,79025.1,13.01737746
2026-04-22 19:00:00,79025.2,79049.8,78739.4,78776.1,79.75920669
2026-04-22 19:05:00,78776.1,78848.3,78700.0,78757.3,67.15426328
2026-04-22 19:10:00,78757.3,78851.9,78747.3,78851.7,17.50067125
2026-04-22 19:15:00,78851.8,78944.4,78816.3,78932.0,19.88866501
2026-04-22 19:20:00,78932.1,78986.2,78907.5,78984.1,17.89341575
2026-04-22 19:25:00,78984.1,79062.5,78982.9,79026.6,10.65460494
2026-04-22 19:30:00,79026.5,79068.0,78916.6,78932.8,20.51124779
2026-04-22 19:35:00,78932.8,78932.8,78750.0,78865.5,23.0986343
2026-04-22 19:40:00,78865.5,78873.3,78822.0,78855.8,10.77838075
2026-04-22 19:45:00,78855.8,78892.2,78803.9,78883.7,11.17544575
2026-04-22 19:50:00,78883.8,78928.3,78778.0,78890.0,17.82315943
2026-04-22 19:55:00,78890.0,78978.1,78828.0,78842.8,34.53569046
2026-04-22 20:00:00,78842.8,78922.7,78803.3,78892.3,16.74290087
2026-04-22 20:05:00,78895.0,78906.7,78783.3,78783.3,10.32273939
2026-04-22 20:10:00,78783.3,78800.0,78741.2,78744.4,7.51838907
2026-04-22 20:15:00,78744.4,78765.0,78632.4,78664.7,19.73218102
2026-04-22 20:20:00,78664.7,78664.7,78480.4,78565.2,31.69750161
2026-04-22 20:25:00,78565.5,78613.2,78553.0,78594.0,6.72336475
2026-04-22 20:30:00,78594.1,78619.9,78550.0,78550.0,6.9023422
2026-04-22 20:35:00,78550.1,78554.0,78480.4,78521.9,14.15622871
2026-04-22 20:40:00,78521.9,78573.1,78515.3,78515.4,6.35480981
2026-04-22 20:45:00,78515.4,78517.1,78469.3,78495.3,7.01186199
2026-04-22 20:50:00,78495.4,78514.7,78417.0,78438.6,19.59660027
2026-04-22 20:55:00,78438.7,78483.7,78408.9,78428.7,13.65028965
2026-04-22 21:00:00,78428.6,78548.5,78417.9,78548.5,7.93340603
2026-04-22 21:05:00,78548.4,78576.4,78546.0,78576.4,3.79049426
2026-04-22 21:10:00,78576.3,78600.9,78557.4,78580.2,11.44151738
2026-04-22 21:15:00,78580.2,78596.5,78555.1,78569.9,2.97948196
2026-04-22 21:20:00,78569.9,78605.8,78554.2,78566.9,6.86408511
2026-04-22 21:25:00,78566.9,78585.5,78566.9,78581.5,1.62889643
2026-04-22 21:30:00,78581.6,78699.9,78581.6,78699.9,11.97924507
2026-04-22 21:35:00,78699.9,78750.0,78676.7,78750.0,7.70801574
2026-04-22 21:40:00,78749.9,78750.0,78702.9,78750.0,8.57336638
2026-04-22 21:45:00,78750.0,78811.4,78745.0,78784.8,12.79642468
2026-04-22 21:50:00,78784.8,78784.8,78711.8,78743.1,9.15964161
2026-04-22 21:55:00,78743.2,78825.9,78731.6,78762.2,6.8431552
2026-04-22 22:00:00,78762.2,78817.6,78694.3,78746.8,4.25946104
2026-04-22 22:05:00,78746.8,78823.8,78725.2,78823.8,11.76599151
2026-04-22 22:10:00,78823.7,78827.1,78762.6,78762.6,8.12900721
2026-04-22 22:15:00,78762.6,78762.7,78625.0,78636.2,5.59516424
2026-04-22 22:20:00,78633.2,78635.0,78581.0,78615.2,5.67623814
2026-04-22 22:25:00,78615.2,78615.3,78519.9,78539.7,6.52612177
2026-04-22 22:30:00,78539.2,78607.1,78484.5,78496.8,7.39951606
2026-04-22 22:35:00,78496.8,78549.1,78481.7,78532.8,6.03391281
2026-04-22 22:40:00,78535.0,78562.1,78497.9,78497.9,2.84853456
2026-04-22 22:45:00,78497.9,78548.0,78457.3,78498.5,3.07355965
2026-04-22 22:50:00,78498.5,78565.9,78479.7,78549.0,16.65983539
2026-04-22 22:55:00,78549.1,78624.0,78533.2,78600.7,13.09537347
2026-04-22 23:00:00,78600.1,78606.3,78470.6,78499.9,10.07331267
2026-04-22 23:05:00,78499.9,78544.4,78450.1,78544.4,4.60557216
2026-04-22 23:10:00,78544.4,78600.0,78544.3,78558.8,4.86140114
2026-04-22 23:15:00,78558.9,78587.3,78535.4,78535.4,2.10827822
2026-04-22 23:20:00,78535.4,78535.4,78230.0,78234.1,49.38101025
2026-04-22 23:25:00,78234.2,78345.7,78203.9,78334.8,15.12418847
2026-04-22 23:30:00,78334.8,78338.7,78205.1,78247.4,54.99631993
2026-04-22 23:35:00,78247.4,78307.3,78229.1,78268.2,2.33689995
2026-04-22 23:40:00,78272.5,78295.0,78226.0,78256.2,4.44531291
2026-04-22 23:45:00,78256.2,78309.1,78240.4,78277.8,7.78952036
2026-04-22 23:50:00,78277.8,78299.1,78203.9,78208.6,3.39332655
2026-04-22 23:55:00,78208.6,78245.5,78159.1,78183.1,7.79992095
2026-04-23 00:00:00,78183.1,78397.0,78183.1,78340.0,22.59085894
2026-04-23 00:05:00,78340.1,78355.3,78149.7,78149.7,15.66530195
2026-04-23 00:10:00,78149.3,78149.3,77891.9,77892.0,40.30636867
2026-04-23 00:15:00,77892.0,78430.9,77584.0,78400.5,97.4859791
2026-04-23 00:20:00,78406.4,78406.4,78137.1,78250.2,18.99713729
2026-04-23 00:25:00,78250.1,78483.3,78200.1,78440.1,23.35817793
2026-04-23 00:30:00,78440.1,78559.9,78315.2,78430.2,22.08622746
2026-04-23 00:35:00,78426.0,78585.2,78385.4,78484.4,15.55916595
2026-04-23 00:40:00,78481.0,78494.0,78386.6,78429.2,5.76518479
2026-04-23 00:45:00,78429.4,78460.0,78269.5,78363.0,8.80407321
2026-04-23 00:50:00,78366.0,78451.9,78304.5,78356.5,5.83339538
2026-04-23 00:55:00,78356.5,78432.8,78350.4,78432.8,5.67939239
2026-04-23 01:00:00,78433.5,78441.0,78304.4,78315.1,3.74149389
2026-04-23 01:05:00,78315.1,78478.4,78315.0,78348.0,13.04142802
2026-04-23 01:10:00,78348.0,78361.9,78238.8,78270.7,7.66908702
2026-04-23 01:15:00,78270.8,78283.3,78150.0,78150.1,16.43847296
2026-04-23 01:20:00,78150.0,78198.0,78064.5,78064.5,12.63761621
2026-04-23 01:25:00,78064.5,78269.1,78064.5,78089.9,24.88726789
2026-04-23 01:30:00,78089.9,78220.0,78072.1,78134.4,8.59241439
2026-04-23 01:35:00,78134.5,78249.2,78134.5,78225.0,7.35254445
2026-04-23 01:40:00,78225.0,78389.7,78225.0,78294.7,10.71598927
2026-04-23 01:45:00,78294.7,78385.0,78220.1,78385.0,10.26675515
2026-04-23 01:50:00,78385.0,78429.9,78296.3,78343.5,16.07969957
2026-04-23 01:55:00,78343.5,78385.9,78315.9,78349.5,23.33525234
2026-04-23 02:00:00,78349.6,78366.7,78241.2,78244.6,12.73768949
2026-04-23 02:05:00,78244.5,78291.6,78202.4,78247.3,18.18996345
2026-04-23 02:10:00,78247.3,78293.9,78156.2,78156.3,8.14719566
2026-04-23 02:15:00,78156.3,78216.6,78072.5,78097.1,32.28537452
2026-04-23 02:20:00,78097.0,78200.4,78079.2,78080.7,9.76446151
2026-04-23 02:25:00,78079.1,78112.6,77982.8,78030.1,25.33101915
2026-04-23 02:30:00,78030.1,78050.0,77961.9,78008.6,21.20956155
2026-04-23 02:35:00,78008.6,78116.3,77827.4,77871.4,24.27903982
2026-04-23 02:40:00,77878.1,77900.0,77756.3,77872.6,38.10707338
2026-04-23 02:45:00,77872.5,77918.0,77759.2,77818.6,17.21304011
2026-04-23 02:50:00,77818.6,78020.0,77818.6,77953.2,16.06815206
2026-04-23 02:55:00,77953.2,78000.0,77911.0,77932.5,8.22910589
2026-04-23 03:00:00,77932.5,78020.1,77888.5,77978.8,16.24945908
2026-04-23 03:05:00,77975.9,77975.9,77810.0,77810.0,12.62577312
2026-04-23 03:10:00,77810.1,77853.5,77707.4,77717.6,25.27352638
2026-04-23 03:15:00,77717.5,77740.4,77635.2,77661.7,31.58802316
2026-04-23 03:20:00,77661.8,77724.2,77631.2,77678.2,22.93768915
2026-04-23 03:25:00,77678.3,77724.1,77636.0,77676.1,11.85399011
2026-04-23 03:30:00,77676.0,77724.2,77608.1,77613.2,33.76498178
2026-04-23 03:35:00,77613.1,77666.0,77512.8,77629.7,42.12677015
2026-04-23 03:40:00,77629.6,77635.3,77467.1,77623.0,35.93011046
2026-04-23 03:45:00,77623.0,77698.3,77538.3,77585.1,24.97400108
2026-04-23 03:50:00,77585.2,77724.1,77585.2,77714.1,16.94895876
2026-04-23 03:55:00,77724.2,77760.0,77638.9,77740.6,11.84545004
2026-04-23 04:00:00,77740.7,77757.8,77680.0,77757.8,28.0472395
2026-04-23 04:05:00,77758.1,77788.8,77667.0,77776.7,19.95380654
2026-04-23 04:10:00,77776.8,77875.0,77776.8,77850.1,16.90879118
2026-04-23 04:15:00,77850.0,77933.3,77784.9,77838.6,43.6513617
2026-04-23 04:20:00,77838.7,77929.6,77780.4,77782.1,31.63377433
2026-04-23 04:25:00,77780.4,77817.6,77752.4,77793.8,29.20229535
2026-04-23 04:30:00,77793.9,77932.6,77793.9,77906.8,31.33982549
2026-04-23 04:35:00,77906.7,77916.5,77856.6,77879.8,8.08393472
2026-04-23 04:40:00,77879.9,77920.7,77866.4,77870.8,17.28784819
2026-04-23 04:45:00,77870.8,77920.0,77838.7,77877.7,11.16007838
2026-04-23 04:50:00,77877.6,77919.5,77835.8,77912.7,11.03407349
2026-04-23 04:55:00,77912.8,77943.8,77895.6,77908.7,9.12807175
2026-04-23 05:00:00,77912.4,78012.2,77893.1,78012.1,24.37582183
2026-04-23 05:05:00,78012.0,78012.1,77954.8,78012.1,10.81593531
2026-04-23 05:10:00,78012.1,78014.2,77975.9,77987.0,5.45373577
2026-04-23 05:15:00,77987.0,77995.4,77912.6,77995.0,14.46331624
2026-04-23 05:20:00,77995.2,78009.9,77932.7,77937.4,4.29178138
2026-04-23 05:25:00,77937.5,77937.5,77878.4,77892.8,9.62350874
2026-04-23 05:30:00,77892.9,77902.9,77772.3,77833.9,18.47714957
2026-04-23 05:35:00,77833.9,77879.2,77776.3,77796.4,16.47570557
2026-04-23 05:40:00,77796.4,77867.5,77782.0,77867.4,7.02896609
2026-04-23 05:45:00,77867.4,77982.3,77859.3,77977.2,8.93060727
2026-04-23 05:50:00,77977.3,78105.9,77977.3,77979.5,39.29080069
2026-04-23 05:55:00,77979.5,78062.6,77979.4,78027.4,11.89502509
2026-04-23 06:00:00,78027.5,78119.0,78027.5,78115.4,10.72420083
2026-04-23 06:05:00,78115.5,78276.7,78115.5,78226.6,53.66298341
2026-04-23 06:10:00,78226.6,78272.5,78177.8,78201.0,11.91011414
2026-04-23 06:15:00,78200.9,78250.0,78170.6,78170.6,33.4057805
2026-04-23 06:20:00,78166.8,78333.3,78160.0,78300.8,47.62533603
2026-04-23 06:25:00,78300.9,78328.2,78271.2,78271.3,5.58307611
2026-04-23 06:30:00,78271.4,78343.3,78266.6,78268.8,24.03922804
2026-04-23 06:35:00,78268.9,78268.9,78210.1,78213.6,16.82205617
2026-04-23 06:40:00,78213.6,78234.0,78132.2,78172.0,10.09126443
2026-04-23 06:45:00,78172.0,78172.0,78100.0,78100.0,10.43874429
2026-04-23 06:50:00,78100.0,78240.4,78100.0,78191.2,20.72762355
2026-04-23 06:55:00,78191.2,78213.2,78157.0,78203.6,17.60498308
2026-04-23 07:00:00,78203.6,78245.8,78126.6,78191.1,14.78913185
2026-04-23 07:05:00,78183.1,78239.5,78150.1,78160.1,12.94106968
2026-04-23 07:10:00,78162.8,78225.8,78121.0,78129.9,7.57532042
2026-04-23 07:15:00,78130.0,78159.1,78107.1,78138.4,14.50247899
2026-04-23 07:20:00,78138.9,78184.8,78112.9,78161.0,61.74720865
2026-04-23 07:25:00,78161.0,78187.9,78125.4,78146.8,7.15592777
2026-04-23 07:30:00,78146.7,78175.1,78110.4,78148.9,13.19918123
2026-04-23 07:35:00,78148.9,78161.5,78027.1,78117.3,25.27225669
2026-04-23 07:40:00,78117.2,78147.9,78072.2,78096.3,17.01110865
2026-04-23 07:45:00,78096.3,78119.0,78003.4,78112.4,78.9451315
2026-04-23 07:50:00,78113.0,78149.0,77980.0,77991.5,29.39663981
2026-04-23 07:55:00,77991.5,78046.1,77988.8,78046.1,16.10693191
2026-04-23 08:00:00,78046.1,78046.1,77980.0,77984.7,23.95133128
2026-04-23 08:05:00,77984.7,78060.3,77920.0,78060.2,18.14152599
2026-04-23 08:10:00,78060.3,78176.4,78041.0,78113.9,58.09772379
2026-04-23 08:15:00,78114.0,78119.2,78031.7,78101.2,61.40509783
2026-04-23 08:20:00,78101.2,78127.2,77980.0,77980.1,10.63238069
2026-04-23 08:25:00,77980.1,78034.1,77959.7,77974.7,6.00487591
2026-04-23 08:30:00,77979.2,77984.5,77759.5,77855.7,116.01916198
2026-04-23 08:35:00,77855.7,77887.4,77750.0,77804.2,77.2655301
2026-04-23 08:40:00,77804.2,77808.4,77699.9,77734.3,77.66253377
2026-04-23 08:45:00,77734.3,77837.0,77650.0,77808.7,136.97080476
2026-04-23 08:50:00,77808.7,77874.8,77740.0,77857.5,139.53051362
2026-04-23 08:55:00,77857.5,77891.8,77847.6,77853.1,24.25673283
2026-04-23 09:00:00,77853.1,77857.0,77625.2,77636.4,19.81350222
2026-04-23 09:05:00,77636.4,77692.0,77440.0,77546.8,54.80542204
2026-04-23 09:10:00,77546.8,77584.7,77466.2,77578.0,22.88941725
2026-04-23 09:15:00,77577.9,77704.9,77551.4,77667.2,18.0711629
2026-04-23 09:20:00,77667.2,77668.3,77516.4,77525.4,10.54508383
2026-04-23 09:25:00,77525.5,77611.4,77525.5,77611.4,10.75753052
2026-04-23 09:30:00,77616.4,77676.7,77616.4,77661.5,5.50787771
2026-04-23 09:35:00,77661.5,77687.6,77640.3,77687.6,5.93029107
2026-04-23 09:40:00,77687.5,77750.0,77687.5,77724.7,4.94813158
2026-04-23 09:45:00,77724.8,77746.6,77544.1,77620.4,27.40060247
2026-04-23 09:50:00,77620.4,77655.2,77587.9,77617.8,3.68427685
2026-04-23 09:55:00,77617.7,77661.0,77608.3,77653.9,6.23418497
2026-04-23 10:00:00,77653.0,77713.8,77620.1,77620.1,3.63269085
2026-04-23 10:05:00,77620.1,77620.1,77189.1,77306.1,190.16957682
2026-04-23 10:10:00,77306.2,77309.5,77180.0,77215.1,28.77532622
2026-04-23 10:15:00,77215.0,77351.3,77201.8,77316.1,14.41348468
2026-04-23 10:20:00,77316.1,77397.7,77290.9,77321.2,16.39631469
2026-04-23 10:25:00,77321.3,77399.9,77321.3,77391.0,57.91294012
2026-04-23 10:30:00,77391.0,77443.9,77340.0,77405.5,15.18860472
2026-04-23 10:35:00,77405.6,77448.3,77357.5,77439.1,37.28085516
2026-04-23 10:40:00,77435.1,77440.9,77381.9,77383.0,34.03490811
2026-04-23 10:45:00,77383.0,77476.1,77362.3,77368.7,7.84486071
2026-04-23 10:50:00,77368.7,77401.5,77316.4,77319.4,7.23172214
2026-04-23 10:55:00,77319.5,77428.3,77298.5,77407.7,15.32723743
2026-04-23 11:00:00,77407.8,77500.0,77407.8,77498.8,10.47122067
2026-04-23 11:05:00,77498.8,77498.9,77402.1,77442.1,4.017821
2026-04-23 11:10:00,77442.1,77463.9,77355.9,77404.0,7.2585468
2026-04-23 11:15:00,77403.9,77470.0,77386.6,77439.3,4.80221425
2026-04-23 11:20:00,77439.3,77499.7,77439.2,77487.5,6.41720106
2026-04-23 11:25:00,77487.6,77507.1,77429.2,77472.5,32.2250551
2026-04-23 11:30:00,77472.6,77494.2,77383.2,77383.7,70.94488082
2026-04-23 11:35:00,77383.8,77578.3,77383.7,77519.4,96.25803891
2026-04-23 11:40:00,77519.5,77590.2,77509.0,77583.7,8.14267043
2026-04-23 11:45:00,77583.7,77690.8,77583.7,77600.4,11.33515496
2026-04-23 11:50:00,77600.5,77699.8,77600.4,77699.7,6.49408662
2026-04-23 11:55:00,77699.8,77745.6,77664.0,77698.2,22.59456004
2026-04-23 12:00:00,77698.3,77787.7,77695.9,77770.1,16.78259191
2026-04-23 12:05:00,77770.1,77868.2,77744.9,77773.2,16.13506753
2026-04-23 12:10:00,77773.2,77814.8,77707.9,77722.2,18.04665024
2026-04-23 12:15:00,77722.1,77729.5,77649.3,77680.2,18.23872072
2026-04-23 12:20:00,77680.3,77738.8,77616.0,77737.7,11.25632405
2026-04-23 12:25:00,77738.6,77764.9,77701.1,77764.2,10.59359166
2026-04-23 12:30:00,77764.3,77807.5,77714.5,77760.8,8.94791692
2026-04-23 12:35:00,77760.7,77797.4,77746.6,77776.9,6.50886353
2026-04-23 12:40:00,77776.9,77864.3,77755.0,77755.1,12.33309854
2026-04-23 12:45:00,77755.0,77828.3,77510.5,77680.1,50.84457144
2026-04-23 12:50:00,77680.1,77735.1,77600.0,77682.8,19.99777342
2026-04-23 12:55:00,77682.9,77864.3,77682.9,77864.2,23.51156413
2026-04-23 13:00:00,77861.3,77903.9,77775.1,77813.3,18.16657273
2026-04-23 13:05:00,77813.2,77831.9,77750.3,77810.4,6.87530209
2026-04-23 13:10:00,77810.0,77826.8,77625.0,77653.6,13.43321701
2026-04-23 13:15:00,77661.1,77717.6,77606.3,77673.5,6.33424287
2026-04-23 13:20:00,77673.4,77704.6,77652.0,77677.3,23.16236592
2026-04-23 13:25:00,77677.3,77688.6,77580.0,77596.2,14.09583868
2026-04-23 13:30:00,77596.2,77674.7,77538.7,77610.9,21.1220332
2026-04-23 13:35:00,77610.8,77681.4,77538.7,77572.0,23.59360077
2026-04-23 13:40:00,77572.0,77641.1,77525.9,77539.5,17.95510434
2026-04-23 13:45:00,77539.5,77675.4,77490.2,77614.6,31.74468248
2026-04-23 13:50:00,77614.6,77614.6,77385.4,77422.9,27.80033031
2026-04-23 13:55:00,77423.0,77583.1,77405.5,77525.5,24.73101143
2026-04-23 14:00:00,77524.7,77620.5,77405.6,77595.0,31.01803277
2026-04-23 14:05:00,77594.9,77650.0,77477.7,77600.5,36.74018362
2026-04-23 14:10:00,77600.5,77602.2,77477.7,77523.0,17.53918567
2026-04-23 14:15:00,77523.0,77604.9,77477.9,77487.7,16.73830803
2026-04-23 14:20:00,77487.7,77769.2,77477.7,77734.4,25.22947682
2026-04-23 14:25:00,77734.4,77950.0,77706.0,77728.2,66.32181626
2026-04-23 14:30:00,77728.3,77909.1,77728.3,77818.3,26.63441664
2026-04-23 14:35:00,77818.2,77974.5,77783.8,77828.8,46.90078629
2026-04-23 14:40:00,77828.8,77925.5,77771.2,77900.1,51.98849341
2026-04-23 14:45:00,77900.0,77998.9,77864.5,77864.5,93.58196853
2026-04-23 14:50:00,77864.5,78074.6,77864.5,78044.4,58.63302814
2026-04-23 14:55:00,78044.3,78204.5,78044.3,78180.4,67.17265099
2026-04-23 15:00:00,78177.6,78189.1,78000.7,78004.6,26.14176955
2026-04-23 15:05:00,78004.5,78066.8,77979.6,78016.2,75.36643866
2026-04-23 15:10:00,78016.3,78145.4,78016.3,78111.4,22.12565108
2026-04-23 15:15:00,78111.4,78489.0,78066.3,78388.5,133.95115225
2026-04-23 15:20:00,78394.9,78666.2,78380.4,78578.2,65.7636957
2026-04-23 15:25:00,78578.0,78578.0,78383.0,78383.1,34.01252275
2026-04-23 15:30:00,78383.0,78503.5,78300.0,78501.0,127.01078123
2026-04-23 15:35:00,78501.0,78562.4,78424.8,78562.4,171.28380751
2026-04-23 15:40:00,78562.3,78605.1,78477.9,78488.1,156.44376069
2026-04-23 15:45:00,78488.2,78488.2,78266.6,78383.1,114.95740774
2026-04-23 15:50:00,78383.1,78383.1,78283.8,78297.5,134.09506046
2026-04-23 15:55:00,78297.6,78439.6,78297.5,78377.1,134.20538494
2026-04-23 16:00:00,78377.2,78450.0,78331.9,78336.0,108.14037993
2026-04-23 16:05:00,78336.9,78519.5,78320.8,78405.1,89.88125247
2026-04-23 16:10:00,78405.1,78455.1,78299.3,78301.9,30.81395367
2026-04-23 16:15:00,78301.9,78420.8,78298.0,78420.6,23.85795316
2026-04-23 16:20:00,78420.5,78426.5,78250.0,78392.7,34.80898226
2026-04-23 16:25:00,78392.7,78446.0,78290.9,78290.9,17.9380334
2026-04-23 16:30:00,78290.9,78431.5,78279.1,78420.6,14.04216702
2026-04-23 16:35:00,78420.0,78465.0,78326.0,78326.1,34.07883707
2026-04-23 16:40:00,78326.1,78371.7,78303.2,78322.6,20.82491965
2026-04-23 16:45:00,78322.7,78362.0,78289.5,78324.4,10.67607686
2026-04-23 16:50:00,78324.4,78359.3,78096.8,78104.7,12.9169843
2026-04-23 16:55:00,78105.3,78161.3,78027.6,78091.5,21.69907993
2026-04-23 17:00:00,78091.6,78175.6,77905.6,77924.9,59.38625364
2026-04-23 17:05:00,77923.3,77931.3,77711.6,77727.7,26.6018449
2026-04-23 17:10:00,77727.6,77914.0,77675.0,77842.0,32.10610959
2026-04-23 17:15:00,77842.0,77847.5,77555.5,77630.6,53.29350604
2026-04-23 17:20:00,77630.7,77738.7,77557.5,77647.7,17.38466726
2026-04-23 17:25:00,77647.8,77844.4,77589.2,77592.9,17.89410762
2026-04-23 17:30:00,77593.6,77697.5,77511.0,77671.9,38.59401705
2026-04-23 17:35:00,77671.8,77733.6,77211.3,77265.7,77.12771492
2026-04-23 17:40:00,77266.6,77272.8,76980.0,77193.1,123.39887834
2026-04-23 17:45:00,77194.1,77378.6,76953.8,77307.5,86.19578035
2026-04-23 17:50:00,77307.6,77825.0,77240.9,77670.1,58.08066307
2026-04-23 17:55:00,77670.0,77819.1,77619.4,77771.0,32.88641676
2026-04-23 18:00:00,77767.2,78015.6,77739.3,77798.9,49.5617545
2026-04-23 18:05:00,77796.8,78118.9,77750.0,77972.0,42.08565423
2026-04-23 18:10:00,77972.1,78145.9,77961.9,77968.0,52.62869144
2026-04-23 18:15:00,77968.1,78064.8,77884.4,77897.8,40.9456244
2026-04-23 18:20:00,77897.7,77970.4,77830.6,77922.7,25.27655326
2026-04-23 18:25:00,77922.8,77944.9,77865.9,77912.0,11.52993847
2026-04-23 18:30:00,77912.0,78052.4,77912.0,77991.5,17.81679574
2026-04-23 18:35:00,77991.5,78125.0,77966.1,78062.6,19.05554489
2026-04-23 18:40:00,78062.5,78092.6,78006.0,78032.1,11.96527901
2026-04-23 18:45:00,78032.1,78056.9,77875.0,77877.9,14.92240786
2026-04-23 18:50:00,77875.0,77916.3,77788.8,77886.6,19.7501919
2026-04-23 18:55:00,77886.6,77886.6,77676.3,77680.2,24.86802416
2026-04-23 19:00:00,77680.3,77744.5,77600.1,77628.3,16.28020247
2026-04-23 19:05:00,77628.4,77772.6,77628.4,77703.7,9.30001951
2026-04-23 19:10:00,77703.7,77742.4,77670.2,77696.5,16.17536371
2026-04-23 19:15:00,77696.5,77881.8,77696.5,77832.2,15.65801677
2026-04-23 19:20:00,77832.2,77893.1,77800.0,77800.0,7.02283179
2026-04-23 19:25:00,77800.1,77878.5,77800.0,77854.5,8.97835351
2026-04-23 19:30:00,77854.5,77891.4,77684.7,77706.3,7.65801258
2026-04-23 19:35:00,77710.3,77772.3,77640.0,77683.0,25.14665005
2026-04-23 19:40:00,77683.1,77727.7,77640.1,77640.1,8.27831432
2026-04-23 19:45:00,77640.1,77800.0,77640.1,77778.5,16.50906727
2026-04-23 19:50:00,77778.4,77821.2,77600.7,77725.8,33.2048941
2026-04-23 19:55:00,77725.8,77785.7,77701.8,77716.1,27.41665433
2026-04-23 20:00:00,77710.8,77859.1,77643.4,77859.1,13.05285539
2026-04-23 20:05:00,77856.3,77909.1,77830.5,77891.4,7.64721843
2026-04-23 20:10:00,77891.5,77907.9,77782.8,77800.0,3.93863483
2026-04-23 20:15:00,77800.0,77830.7,77682.2,77781.4,18.66007167
2026-04-23 20:20:00,77781.4,77792.5,77706.0,77765.8,6.19796606
2026-04-23 20:25:00,77765.9,77765.9,77718.4,77741.9,3.52168209
2026-04-23 20:30:00,77741.9,77888.2,77719.2,77863.9,4.75935755
2026-04-23 20:35:00,77863.8,77979.9,77823.7,77979.9,15.35321793
2026-04-23 20:40:00,77980.0,78052.4,77950.2,77996.5,13.619353
2026-04-23 20:45:00,77995.3,78025.0,77913.2,77917.4,4.04922065
2026-04-23 20:50:00,77917.5,77959.2,77879.5,77888.8,3.17832309
2026-04-23 20:55:00,77888.7,77909.1,77850.3,77889.1,5.41330164
2026-04-23 21:00:00,77881.8,77881.8,77832.2,77846.4,3.98034378
2026-04-23 21:05:00,77846.4,77875.6,77836.3,77838.6,3.16593398
2026-04-23 21:10:00,77841.1,77917.6,77841.1,77885.5,19.83612705
2026-04-23 21:15:00,77883.8,77910.8,77860.0,77874.8,3.48206688
2026-04-23 21:20:00,77874.8,77874.8,77802.2,77858.1,9.79180024
2026-04-23 21:25:00,77858.1,77921.1,77854.2,77921.1,4.05513416
2026-04-23 21:30:00,77921.2,78000.0,77921.2,77998.0,6.11434129
2026-04-23 21:35:00,77998.1,78047.3,77994.8,77998.9,20.514816
2026-04-23 21:40:00,77998.8,78071.1,77976.6,78058.4,12.06266339
2026-04-23 21:45:00,78058.4,78058.4,77995.9,78019.0,2.75783939
2026-04-23 21:50:00,78019.1,78019.1,77988.0,78002.9,3.72093328
2026-04-23 21:55:00,78002.9,78003.0,77861.2,77861.2,24.97428505
2026-04-23 22:00:00,77861.2,78016.7,77861.2,78008.6,31.93968588
2026-04-23 22:05:00,78008.6,78183.2,78000.7,78089.3,56.40834086
2026-04-23 22:10:00,78089.2,78152.3,78037.8,78071.4,29.31178898
2026-04-23 22:15:00,78071.4,78270.1,78036.8,78223.4,141.02352183
2026-04-23 22:20:00,78227.8,78251.8,78142.9,78199.1,9.26505763
2026-04-23 22:25:00,78199.0,78250.0,78152.3,78171.5,207.83136371
2026-04-23 22:30:00,78171.5,78249.9,78171.4,78213.6,15.80616389
2026-04-23 22:35:00,78213.6,78271.4,78213.5,78243.6,13.38998205
2026-04-23 22:40:00,78243.6,78306.6,78227.4,78306.6,5.26613435
2026-04-23 22:45:00,78306.6,78343.1,78260.3,78291.0,7.06887983
2026-04-23 22:50:00,78291.0,78291.1,78237.2,78270.3,15.05748682
2026-04-23 22:55:00,78270.3,78273.3,78199.1,78231.8,7.12498164
2026-04-23 23:00:00,78227.6,78235.3,78185.6,78193.7,8.31980158
2026-04-23 23:05:00,78193.7,78215.8,78155.9,78156.0,4.22004488
2026-04-23 23:10:00,78155.9,78155.9,78077.1,78089.9,4.58102814
2026-04-23 23:15:00,78089.8,78097.5,78030.7,78077.6,8.20515959
2026-04-23 23:20:00,78077.5,78150.0,78056.6,78128.5,4.92965809
2026-04-23 23:25:00,78128.4,78145.5,78100.0,78128.7,2.79441102
2026-04-23 23:30:00,78133.6,78168.0,78125.4,78160.0,3.04818062
2026-04-23 23:35:00,78160.0,78213.5,78150.6,78207.7,4.07917564
2026-04-23 23:40:00,78207.8,78277.3,78207.8,78253.3,3.49946991
2026-04-23 23:45:00,78253.3,78293.8,78217.8,78243.2,9.01087444
2026-04-23 23:50:00,78243.1,78287.8,78242.3,78242.7,7.07215019
2026-04-23 23:55:00,78242.7,78250.5,78232.2,78250.5,2.08514264
2026-04-24 00:00:00,78250.5,78287.0,78177.2,78177.2,10.18018025
2026-04-24 00:05:00,78177.2,78344.6,78162.3,78322.4,9.71828083
2026-04-24 00:10:00,78322.5,78322.5,78261.6,78299.1,4.24899663
2026-04-24 00:15:00,78299.1,78361.9,78243.4,78357.7,2.98823758
2026-04-24 00:20:00,78357.8,78471.4,78339.3,78340.0,23.46729881
2026-04-24 00:25:00,78340.1,78443.1,78340.1,78410.0,2.88150164
2026-04-24 00:30:00,78410.1,78471.4,78408.0,78446.5,3.24647168
2026-04-24 00:35:00,78446.6,78486.9,78415.2,78449.5,46.76255714
2026-04-24 00:40:00,78449.5,78454.0,78370.0,78381.4,5.57982766
2026-04-24 00:45:00,78381.5,78468.0,78381.4,78445.4,2.52609626
2026-04-24 00:50:00,78441.5,78458.2,78371.3,78390.3,4.22713747
2026-04-24 00:55:00,78390.3,78411.7,78316.4,78411.7,25.39240786
2026-04-24 01:00:00,78413.9,78423.3,78245.8,78245.8,9.68770638
2026-04-24 01:05:00,78245.8,78245.8,78070.9,78138.3,11.26945575
2026-04-24 01:10:00,78138.3,78174.8,78136.7,78152.8,4.28374589
2026-04-24 01:15:00,78152.9,78174.7,78074.4,78074.4,3.15047455
2026-04-24 01:20:00,78072.7,78079.1,78000.3,78036.7,14.58356677
2026-04-24 01:25:00,78036.7,78084.1,78019.7,78029.5,3.06964461
2026-04-24 01:30:00,78029.4,78056.6,77940.0,78041.8,19.33349639
2026-04-24 01:35:00,78042.6,78125.0,78017.6,78099.0,3.06304051
2026-04-24 01:40:00,78100.0,78138.0,78016.2,78047.6,1.94842802
2026-04-24 01:45:00,78047.6,78282.3,78023.9,78282.3,16.41668649
2026-04-24 01:50:00,78282.2,78470.9,78282.2,78389.9,29.03113247
2026-04-24 01:55:00,78389.8,78445.0,78389.8,78430.0,3.1909846
2026-04-24 02:00:00,78427.5,78571.4,78404.3,78424.7,21.39038887
2026-04-24 02:05:00,78424.8,78424.8,78329.8,78347.3,8.63902065
2026-04-24 02:10:00,78347.2,78418.9,78301.3,78390.1,4.96783194
2026-04-24 02:15:00,78390.1,78399.9,78349.9,78349.9,5.75981734
2026-04-24 02:20:00,78349.9,78366.1,78263.6,78265.5,9.13982659
2026-04-24 02:25:00,78264.2,78295.0,78251.1,78255.6,5.9993402
2026-04-24 02:30:00,78255.7,78306.0,78251.6,78299.9,24.45779301
2026-04-24 02:35:00,78300.0,78355.0,78274.1,78311.4,5.88627134
2026-04-24 02:40:00,78317.7,78406.5,78294.1,78406.4,4.83064597
2026-04-24 02:45:00,78406.5,78431.8,78325.3,78369.7,21.90551559
2026-04-24 02:50:00,78369.8,78376.3,78072.9,78131.8,31.20641849
2026-04-24 02:55:00,78131.9,78158.1,78100.0,78125.6,7.62512016
2026-04-24 03:00:00,78125.7,78155.0,78072.9,78135.7,5.09347899
2026-04-24 03:05:00,78135.6,78149.8,78087.2,78145.8,24.27568456
2026-04-24 03:10:00,78145.8,78185.6,78099.1,78136.7,9.87120871
2026-04-24 03:15:00,78136.7,78136.7,78019.1,78053.1,39.99659176
2026-04-24 03:20:00,78053.1,78053.2,77682.2,77716.4,103.81821827
2026-04-24 03:25:00,77716.4,77870.8,77714.9,77745.5,32.06507188
2026-04-24 03:30:00,77745.6,77745.6,77558.9,77597.0,66.25006463
2026-04-24 03:35:00,77604.6,77710.5,77593.8,77678.7,14.7181468
2026-04-24 03:40:00,77678.8,77678.8,77601.9,77643.6,44.38111902
2026-04-24 03:45:00,77643.6,77727.1,77630.5,77680.1,4.77324628
2026-04-24 03:50:00,77680.0,77738.8,77666.8,77716.4,4.816868
2026-04-24 03:55:00,77716.4,77738.8,77701.0,77736.1,2.40983622
2026-04-24 04:00:00,77736.0,77736.0,77688.0,77693.4,6.24718836
2026-04-24 04:05:00,77693.5,77733.7,77689.0,77689.4,7.49512836
2026-04-24 04:10:00,77689.0,77738.0,77677.3,77725.1,8.68138334
2026-04-24 04:15:00,77725.0,77759.8,77667.2,77747.4,21.70880699
2026-04-24 04:20:00,77747.5,77850.0,77747.4,77825.0,7.48569378
2026-04-24 04:25:00,77824.9,77824.9,77601.9,77602.0,8.65627513
2026-04-24 04:30:00,77602.0,77666.0,77600.0,77600.1,7.68058548
2026-04-24 04:35:00,77600.0,77666.0,77457.9,77563.6,29.19955425
2026-04-24 04:40:00,77563.6,77640.0,77541.9,77636.8,7.55665429
2026-04-24 04:45:00,77636.9,77743.1,77609.1,77731.8,7.55053878
2026-04-24 04:50:00,77731.8,77740.4,77690.5,77690.5,7.6756332
2026-04-24 04:55:00,77689.1,77698.1,77665.2,77665.2,2.68459354
2026-04-24 05:00:00,77665.3,77691.4,77652.9,77664.4,6.65452241
2026-04-24 05:05:00,77664.5,77665.2,77600.0,77615.5,7.5647563
2026-04-24 05:10:00,77615.5,77616.0,77555.0,77555.4,15.19796141
2026-04-24 05:15:00,77555.3,77598.6,77459.2,77520.0,9.75707903
2026-04-24 05:20:00,77520.3,77581.7,77500.0,77570.6,7.61741551
2026-04-24 05:25:00,77570.6,77653.9,77559.9,77645.0,23.53055576
2026-04-24 05:30:00,77645.1,77712.0,77645.1,77691.7,3.8733059
2026-04-24 05:35:00,77691.7,77726.3,77669.6,77722.2,3.45354344
2026-04-24 05:40:00,77722.3,77755.6,77710.2,77710.2,7.94737499
2026-04-24 05:45:00,77710.2,77802.8,77710.1,77792.6,16.37771837
2026-04-24 05:50:00,77792.6,77864.6,77783.1,77783.1,8.18614933
2026-04-24 05:55:00,77783.1,78040.0,77777.0,77946.3,59.72286143
2026-04-24 06:00:00,77946.4,77979.8,77904.2,77920.8,4.49156047
2026-04-24 06:05:00,77920.0,77940.5,77894.7,77929.9,2.27225398
2026-04-24 06:10:00,77930.0,77951.8,77898.0,77944.0,4.4765796
2026-04-24 06:15:00,77944.0,77954.0,77908.5,77954.0,4.00904526
2026-04-24 06:20:00,77953.9,77959.2,77886.0,77892.7,3.71341747
2026-04-24 06:25:00,77892.6,77892.6,77815.9,77832.2,9.28838086
2026-04-24 06:30:00,77832.3,77859.4,77770.5,77845.9,17.70403501
2026-04-24 06:35:00,77851.7,77851.7,77767.1,77827.0,9.70949777
2026-04-24 06:40:00,77827.0,77888.0,77813.7,77813.8,11.7542308
2026-04-24 06:45:00,77813.7,77850.0,77800.0,77850.0,2.45137397
2026-04-24 06:50:00,77850.0,77913.8,77848.6,77869.5,2.32987006
2026-04-24 06:55:00,77869.5,77869.6,77780.4,77789.8,2.35803307
2026-04-24 07:00:00,77789.8,77803.5,77763.2,77797.9,4.58780004
2026-04-24 07:05:00,77797.8,77849.1,77786.2,77797.3,66.07220129
2026-04-24 07:10:00,77797.3,77828.3,77733.8,77743.5,91.51226083
2026-04-24 07:15:00,77743.5,77765.4,77682.9,77682.9,36.16951813
2026-04-24 07:20:00,77682.7,77701.0,77640.8,77640.9,76.57688078
2026-04-24 07:25:00,77640.9,77710.0,77633.3,77709.9,101.34534545
2026-04-24 07:30:00,77709.9,77726.7,77633.7,77635.3,127.71246153
2026-04-24 07:35:00,77635.3,77656.2,77592.3,77656.1,185.49080576
2026-04-24 07:40:00,77656.1,77675.0,77621.1,77638.7,161.54166958
2026-04-24 07:45:00,77638.7,77717.7,77629.4,77700.6,98.0355037
2026-04-24 07:50:00,77700.5,77724.1,77650.8,77650.9,92.80640384
2026-04-24 07:55:00,77650.9,77668.7,77519.0,77638.5,121.28852832
2026-04-24 08:00:00,77638.5,77681.9,77558.8,77573.0,139.35011025
2026-04-24 08:05:00,77573.0,77676.4,77558.3,77637.0,160.61108717
2026-04-24 08:10:00,77637.1,77700.0,77621.7,77688.3,2.39429729
2026-04-24 08:15:00,77688.4,77885.4,77688.4,77844.9,51.12690495
2026-04-24 08:20:00,77844.9,78008.4,77800.0,77919.2,71.88798667
2026-04-24 08:25:00,77915.1,77915.2,77850.7,77850.8,5.13226557
2026-04-24 08:30:00,77850.8,77850.8,77775.0,77775.0,9.60662827
2026-04-24 08:35:00,77775.0,77811.4,77750.0,77810.7,5.26363789
2026-04-24 08:40:00,77810.6,77829.3,77730.9,77746.2,5.03303802
2026-04-24 08:45:00,77746.2,77859.8,77746.2,77848.9,4.09394889
2026-04-24 08:50:00,77848.9,77874.0,77811.6,77858.2,5.84533086
2026-04-24 08:55:00,77858.1,77858.2,77772.0,77785.8,13.34972401
2026-04-24 09:00:00,77785.8,77806.1,77679.5,77689.8,21.6765817
2026-04-24 09:05:00,77689.7,77689.7,77400.0,77440.3,65.11235579
2026-04-24 09:10:00,77440.4,77518.8,77413.5,77518.8,15.63845505
2026-04-24 09:15:00,77519.2,77614.2,77482.9,77569.9,10.39486012
2026-04-24 09:20:00,77570.0,77576.0,77470.6,77498.0,10.97630393
2026-04-24 09:25:00,77498.1,77532.7,77458.8,77501.2,18.26562144
2026-04-24 09:30:00,77501.2,77537.6,77414.9,77487.8,10.12060188
2026-04-24 09:35:00,77487.9,77570.0,77487.9,77534.0,9.5367198
2026-04-24 09:40:00,77534.4,77585.9,77533.9,77585.9,2.14397
2026-04-24 09:45:00,77586.0,77586.0,77500.1,77505.8,2.29290179
2026-04-24 09:50:00,77514.0,77573.0,77482.5,77573.0,6.46715258
2026-04-24 09:55:00,77573.0,77573.1,77520.3,77538.2,3.06537405
2026-04-24 10:00:00,77538.3,77538.4,77462.9,77509.5,2.94134898
2026-04-24 10:05:00,77509.6,77516.7,77444.3,77516.7,3.57674817
2026-04-24 10:10:00,77516.6,77532.0,77466.0,77517.9,13.76604679
2026-04-24 10:15:00,77517.9,77600.6,77517.9,77568.8,3.30402972
2026-04-24 10:20:00,77568.7,77654.3,77560.8,77654.3,5.60495545
2026-04-24 10:25:00,77654.3,77750.0,77654.3,77679.8,9.25104597
2026-04-24 10:30:00,77679.9,77684.0,77627.5,77632.2,8.83953025
2026-04-24 10:35:00,77632.3,77698.0,77627.5,77646.1,2.8005001
2026-04-24 10:40:00,77646.1,77669.6,77616.8,77653.0,3.75730327
2026-04-24 10:45:00,77652.9,77733.8,77615.3,77685.4,19.31645699
2026-04-24 10:50:00,77685.3,77715.9,77658.9,77715.9,2.56246914
2026-04-24 10:55:00,77715.9,77788.8,77715.9,77749.1,14.7104845
2026-04-24 11:00:00,77749.1,78024.2,77749.1,77956.7,66.76183042
2026-04-24 11:05:00,77954.3,78288.0,77934.7,78111.6,68.1901583
2026-04-24 11:10:00,78111.6,78220.0,78111.6,78211.3,9.11767683
2026-04-24 11:15:00,78211.4,78219.9,78099.9,78108.1,15.85136746
2026-04-24 11:20:00,78108.1,78300.0,78099.9,78250.3,41.14096637
2026-04-24 11:25:00,78250.2,78323.2,78178.9,78323.2,22.76939981
2026-04-24 11:30:00,78323.2,78375.0,78264.9,78365.1,24.03933938
2026-04-24 11:35:00,78365.0,78365.0,78213.4,78276.9,18.81362151
2026-04-24 11:40:00,78279.1,78313.4,78262.7,78287.8,9.87773088
2026-04-24 11:45:00,78287.7,78287.7,78185.6,78225.1,14.16309023
2026-04-24 11:50:00,78227.4,78247.1,78200.2,78206.1,7.66370264
2026-04-24 11:55:00,78206.1,78262.3,78166.3,78235.5,5.05695471
2026-04-24 12:00:00,78234.8,78319.4,78209.1,78212.1,19.24333753
2026-04-24 12:05:00,78212.1,78263.1,78177.3,78205.7,5.30120386
2026-04-24 12:10:00,78205.7,78316.7,78205.7,78310.4,17.31792866
2026-04-24 12:15:00,78310.3,78331.9,78213.8,78267.3,12.04670095
2026-04-24 12:20:00,78269.6,78341.9,78185.7,78335.6,5.96960884
2026-04-24 12:25:00,78335.6,78335.6,78239.1,78264.8,3.93332005
2026-04-24 12:30:00,78266.5,78274.8,78185.6,78197.5,8.04033294
2026-04-24 12:35:00,78199.0,78255.2,78162.8,78199.9,5.15473084
2026-04-24 12:40:00,78200.0,78281.6,78172.5,78182.5,4.62951839
2026-04-24 12:45:00,78182.5,78272.8,78125.0,78134.4,5.60208802
2026-04-24 12:50:00,78134.4,78134.4,78000.0,78043.0,16.58369539
2026-04-24 12:55:00,78039.5,78269.2,78030.0,78269.1,8.05758524
2026-04-24 13:00:00,78269.1,78406.2,78264.7,78356.0,30.5261551
2026-04-24 13:05:00,78359.9,78417.9,78341.0,78369.9,17.26527904
2026-04-24 13:10:00,78369.8,78470.0,78328.2,78347.6,17.5268645
2026-04-24 13:15:00,78347.5,78392.9,78276.5,78392.8,6.02591561
2026-04-24 13:20:00,78392.9,78399.7,78219.1,78245.7,17.11627711
2026-04-24 13:25:00,78245.7,78245.7,78146.3,78161.9,3.64456213
2026-04-24 13:30:00,78165.7,78287.0,78050.0,78252.1,24.71619167
2026-04-24 13:35:00,78249.9,78301.3,78099.9,78250.1,20.95883067
2026-04-24 13:40:00,78250.1,78293.2,78101.0,78186.0,16.03691599
2026-04-24 13:45:00,78186.0,78247.2,78050.0,78107.2,18.48215804
2026-04-24 13:50:00,78107.3,78128.3,77990.7,78009.5,58.38736791
2026-04-24 13:55:00,78009.5,78170.0,77914.1,78099.6,363.81010297
2026-04-24 14:00:00,78099.5,78099.5,77800.0,77900.3,52.69446406
2026-04-24 14:05:00,77900.4,77999.9,77800.0,77968.8,29.42303737
2026-04-24 14:10:00,77968.9,78087.0,77853.2,77879.9,39.78433507
2026-04-24 14:15:00,77880.0,78033.6,77860.0,77965.9,30.92037371
2026-04-24 14:20:00,77965.9,78005.8,77875.2,77875.3,19.65410139
2026-04-24 14:25:00,77875.3,77875.3,77688.8,77710.5,50.24205737
2026-04-24 14:30:00,77711.5,77850.0,77687.1,77840.3,23.11102503
2026-04-24 14:35:00,77840.9,77999.0,77829.4,77979.6,18.96632089
2026-04-24 14:40:00,77979.5,78010.2,77897.6,77978.4,18.98951934
2026-04-24 14:45:00,77978.3,78063.7,77876.3,77926.3,17.16185087
2026-04-24 14:50:00,77924.6,78019.9,77913.8,78012.6,17.78131307
2026-04-24 14:55:00,78012.6,78060.0,77993.1,78035.3,19.04378133
2026-04-24 15:00:00,78035.3,78035.4,77850.1,77853.2,11.90848483
2026-04-24 15:05:00,77853.2,77853.2,77579.7,77641.5,41.21125106
2026-04-24 15:10:00,77641.4,77779.7,77628.5,77734.8,22.50732271
2026-04-24 15:15:00,77734.8,77800.0,77690.7,77699.1,15.43501252
2026-04-24 15:20:00,77699.2,77878.6,77699.2,77819.2,7.79826993
2026-04-24 15:25:00,77819.2,77852.2,77797.5,77826.8,6.75431085
2026-04-24 15:30:00,77826.9,77887.7,77805.8,77827.7,10.51724532
2026-04-24 15:35:00,77827.7,77827.7,77719.1,77733.2,4.76308481
2026-04-24 15:40:00,77733.1,78007.1,77728.0,77987.3,35.56241974
2026-04-24 15:45:00,77988.9,78229.9,77919.3,77953.0,46.23843258
2026-04-24 15:50:00,77953.0,78086.9,77944.5,77998.9,8.78571929
2026-04-24 15:55:00,77999.0,78068.3,77971.2,78043.7,5.59422605
2026-04-24 16:00:00,78043.7,78061.2,77928.0,77977.8,10.38950857
2026-04-24 16:05:00,77977.8,78043.7,77830.3,77879.9,14.64699051
2026-04-24 16:10:00,77879.9,77961.8,77800.0,77800.0,8.26121625
2026-04-24 16:15:00,77800.0,77800.0,77700.3,77724.0,16.57785767
2026-04-24 16:20:00,77727.4,77748.1,77650.0,77748.1,10.0233934
2026-04-24 16:25:00,77748.3,77768.8,77680.6,77722.3,7.35872383
2026-04-24 16:30:00,77722.3,77875.0,77722.3,77875.0,11.12183611
2026-04-24 16:35:00,77875.0,77904.8,77770.0,77777.4,5.87004619
2026-04-24 16:40:00,77777.4,77797.0,77593.7,77710.7,14.21989862
2026-04-24 16:45:00,77710.6,77744.7,77627.5,77637.3,8.26574216
2026-04-24 16:50:00,77637.4,77721.4,77634.2,77721.4,10.75309123
2026-04-24 16:55:00,77721.4,77788.8,77667.1,77772.9,13.15364189
2026-04-24 17:00:00,77772.9,77772.9,77655.3,77684.1,15.18672562
2026-04-24 17:05:00,77684.0,77699.8,77615.8,77661.5,19.5737116
2026-04-24 17:10:00,77661.6,77768.5,77658.2,77755.2,9.37725084
2026-04-24 17:15:00,77755.3,77755.3,77627.5,77640.9,4.28930212
2026-04-24 17:20:00,77640.8,77640.8,77594.2,77619.9,7.93780578
2026-04-24 17:25:00,77619.9,77714.7,77600.0,77679.7,9.42336778
2026-04-24 17:30:00,77679.8,77714.8,77484.0,77500.2,33.23005303
2026-04-24 17:35:00,77500.1,77608.7,77493.0,77517.3,11.56736733
2026-04-24 17:40:00,77518.0,77620.0,77517.4,77601.4,5.65865129
2026-04-24 17:45:00,77601.4,77650.0,77555.1,77612.9,9.05327327
2026-04-24 17:50:00,77613.0,77832.4,77612.9,77750.5,36.28555215
2026-04-24 17:55:00,77750.3,77817.8,77644.6,77684.1,45.98487793
2026-04-24 18:00:00,77684.1,77715.2,77633.3,77663.4,9.18545427
2026-04-24 18:05:00,77663.3,77663.3,77600.0,77626.1,3.78153432
2026-04-24 18:10:00,77626.1,77677.5,77531.2,77531.3,4.69572457
2026-04-24 18:15:00,77532.2,77532.2,77366.3,77419.3,19.54274198
2026-04-24 18:20:00,77419.2,77516.4,77404.5,77510.3,4.3853857
2026-04-24 18:25:00,77510.2,77547.8,77486.8,77495.8,4.47463354
2026-04-24 18:30:00,77495.8,77606.7,77478.3,77584.0,7.54603663
2026-04-24 18:35:00,77582.8,77640.0,77546.7,77546.7,13.29157654
2026-04-24 18:40:00,77546.6,77584.5,77517.5,77581.6,8.11304425
2026-04-24 18:45:00,77579.7,77619.0,77553.7,77556.9,5.62493784
2026-04-24 18:50:00,77556.0,77604.0,77550.5,77578.4,2.49989517
2026-04-24 18:55:00,77578.4,77627.1,77568.3,77615.9,1.6542352
2026-04-24 19:00:00,77615.9,77747.2,77615.9,77642.1,5.42923918
2026-04-24 19:05:00,77642.0,77672.5,77578.6,77597.8,3.61486283
2026-04-24 19:10:00,77597.9,77617.7,77569.2,77598.1,11.03232193
2026-04-24 19:15:00,77598.1,77674.2,77598.1,77631.7,6.80738448
2026-04-24 19:20:00,77631.6,77649.5,77563.7,77563.7,6.72205615
2026-04-24 19:25:00,77563.8,77588.0,77527.2,77574.6,2.02883294
2026-04-24 19:30:00,77574.7,77649.3,77555.0,77619.5,27.07210561
2026-04-24 19:35:00,77619.5,77647.6,77561.7,77634.8,9.82160316
2026-04-24 19:40:00,77634.8,77661.7,77612.5,77620.9,3.59164378
2026-04-24 19:45:00,77620.8,77622.8,77573.3,77581.1,8.31144153
2026-04-24 19:50:00,77581.2,77608.7,77544.0,77597.3,14.90072974
2026-04-24 19:55:00,77597.4,77641.4,77594.3,77629.3,14.639047
2026-04-24 20:00:00,77629.3,77634.8,77531.6,77574.5,12.47965915
2026-04-24 20:05:00,77574.4,77597.3,77540.1,77561.3,11.61110974
2026-04-24 20:10:00,77561.3,77645.0,77561.2,77635.4,11.36311562
2026-04-24 20:15:00,77635.3,77645.1,77546.8,77558.3,7.2557006
2026-04-24 20:20:00,77558.3,77597.7,77508.2,77508.2,8.21538734
2026-04-24 20:25:00,77508.3,77555.7,77452.5,77527.9,14.29169694
2026-04-24 20:30:00,77527.9,77574.6,77524.9,77557.0,6.81832883
2026-04-24 20:35:00,77557.1,77661.5,77557.0,77651.9,23.53601758
2026-04-24 20:40:00,77652.0,77660.9,77608.9,77620.5,3.96760201
2026-04-24 20:45:00,77620.6,77666.6,77620.6,77643.4,2.25055721
2026-04-24 20:50:00,77643.4,77670.3,77633.2,77664.3,2.3827056
2026-04-24 20:55:00,77664.3,77761.0,77659.1,77719.8,6.43873448
2026-04-24 21:00:00,77719.9,77737.3,77695.0,77737.2,5.14516946
2026-04-24 21:05:00,77737.3,77755.0,77703.0,77712.8,2.18660925
2026-04-24 21:10:00,77712.8,77741.0,77594.7,77594.7,15.30369163
2026-04-24 21:15:00,77594.7,77635.0,77577.7,77634.9,2.8751337
2026-04-24 21:20:00,77635.0,77641.2,77580.9,77632.9,4.24758587
2026-04-24 21:25:00,77632.9,77662.3,77607.2,77627.9,3.37723012
2026-04-24 21:30:00,77628.0,77636.3,77577.7,77610.1,5.59644292
2026-04-24 21:35:00,77610.1,77613.0,77553.3,77589.8,5.44899558
2026-04-24 21:40:00,77589.8,77631.4,77550.8,77550.9,5.52191135
2026-04-24 21:45:00,77553.7,77594.0,77544.4,77572.5,1.85820566
2026-04-24 21:50:00,77572.4,77586.3,77558.7,77574.1,1.51373493
2026-04-24 21:55:00,77574.1,77590.9,77537.5,77537.5,2.83200743
2026-04-24 22:00:00,77537.6,77599.9,77515.6,77556.1,7.21371822
2026-04-24 22:05:00,77556.2,77597.4,77540.1,77540.1,4.01301014
2026-04-24 22:10:00,77540.2,77600.0,77540.1,77599.9,4.38619622
2026-04-24 22:15:00,77599.9,77600.0,77578.5,77600.0,1.18976169
2026-04-24 22:20:00,77599.9,77618.2,77577.2,77584.8,2.69899795
2026-04-24 22:25:00,77584.9,77584.9,77543.7,77543.7,2.58482461
2026-04-24 22:30:00,77543.8,77543.8,77468.0,77468.0,8.02311649
2026-04-24 22:35:00,77468.1,77492.6,77260.8,77312.6,42.55062393
2026-04-24 22:40:00,77312.7,77366.0,77276.9,77277.0,43.55036308
2026-04-24 22:45:00,77277.0,77359.0,77277.0,77299.2,224.9882072
2026-04-24 22:50:00,77299.2,77353.7,77299.1,77304.3,66.49600383
2026-04-24 22:55:00,77304.3,77360.5,77304.2,77316.3,52.53683715
2026-04-24 23:00:00,77316.3,77355.2,77316.3,77338.2,69.90665608
2026-04-24 23:05:00,77338.2,77379.7,77338.2,77352.3,54.07495657
2026-04-24 23:10:00,77352.3,77395.4,77352.2,77366.1,56.4894887
2026-04-24 23:15:00,77366.0,77366.0,77353.6,77357.1,56.31930894
2026-04-24 23:20:00,77357.1,77364.9,77321.6,77347.3,52.12958965
2026-04-24 23:25:00,77347.4,77397.1,77347.4,77384.1,80.78765822
2026-04-24 23:30:00,77384.1,77433.6,77377.9,77416.4,59.93941328
2026-04-24 23:35:00,77416.4,77436.3,77393.5,77401.7,67.8247353
2026-04-24 23:40:00,77401.7,77430.0,77401.6,77416.9,42.15183713
2026-04-24 23:45:00,77416.9,77419.6,77399.9,77401.5,28.5680873
2026-04-24 23:50:00,77401.5,77424.7,77401.4,77420.0,28.94366555
2026-04-24 23:55:00,77419.9,77420.0,77404.9,77413.5,35.22530735
2026-04-25 00:00:00,77413.5,77489.7,77401.6,77411.9,43.84645758
2026-04-25 00:05:00,77411.9,77444.9,77411.9,77443.5,23.90398585
2026-04-25 00:10:00,77443.4,77443.4,77400.0,77400.1,12.21771363
2026-04-25 00:15:00,77400.2,77417.0,77341.7,77348.9,21.35733664
2026-04-25 00:20:00,77349.0,77371.0,77349.0,77352.8,20.71446305
2026-04-25 00:25:00,77352.8,77353.5,77298.4,77304.6,25.41823752
2026-04-25 00:30:00,77304.5,77352.4,77304.5,77341.0,29.59752013
2026-04-25 00:35:00,77341.0,77374.6,77338.1,77374.6,14.75191787
2026-04-25 00:40:00,77374.5,77403.0,77355.3,77356.1,37.34038319
2026-04-25 00:45:00,77356.1,77403.1,77356.1,77389.9,30.2514933
2026-04-25 00:50:00,77389.9,77394.7,77389.9,77394.7,20.16887231
2026-04-25 00:55:00,77394.7,77450.3,77394.6,77450.3,32.11509682
2026-04-25 01:00:00,77450.3,77477.1,77438.1,77438.2,13.97334045
2026-04-25 01:05:00,77438.2,77447.7,77429.0,77447.2,4.84814194
2026-04-25 01:10:00,77447.1,77515.3,77447.1,77502.8,2.16626491
2026-04-25 01:15:00,77502.7,77537.0,77502.7,77516.8,5.12772466
2026-04-25 01:20:00,77516.8,77516.8,77464.3,77484.9,4.52266619
2026-04-25 01:25:00,77484.9,77489.4,77461.8,77477.3,4.6152096
2026-04-25 01:30:00,77477.3,77539.6,77477.2,77539.6,1.20975943
2026-04-25 01:35:00,77539.6,77544.5,77517.4,77531.5,6.73775304
2026-04-25 01:40:00,77532.9,77546.9,77530.9,77546.9,2.22155395
2026-04-25 01:45:00,77546.9,77611.5,77546.9,77581.3,6.71447807
2026-04-25 01:50:00,77581.4,77582.8,77537.6,77553.5,4.57292751
2026-04-25 01:55:00,77553.5,77553.6,77530.0,77530.0,1.72546848
2026-04-25 02:00:00,77530.1,77553.6,77487.3,77498.6,9.84830388
2026-04-25 02:05:00,77498.6,77559.6,77493.9,77543.2,4.04777608
2026-04-25 02:10:00,77542.9,77625.0,77528.5,77537.3,14.89483698
2026-04-25 02:15:00,77537.4,77561.5,77522.6,77558.5,2.62133907
2026-04-25 02:20:00,77558.6,77582.7,77550.0,77582.7,1.36990941
2026-04-25 02:25:00,77582.7,77633.3,77579.1,77618.0,2.6268742
2026-04-25 02:30:00,77618.0,77645.0,77614.6,77620.2,2.97210586
2026-04-25 02:35:00,77620.2,77621.5,77607.6,77615.0,4.14702077
2026-04-25 02:40:00,77614.9,77615.0,77614.1,77614.2,2.30162786
2026-04-25 02:45:00,77614.1,77614.2,77607.0,77611.5,4.01233798
2026-04-25 02:50:00,77611.4,77615.0,77611.4,77614.9,3.31491142
2026-04-25 02:55:00,77615.0,77615.0,77586.2,77600.5,4.9932549
2026-04-25 03:00:00,77600.5,77631.1,77586.1,77631.0,11.72777885
2026-04-25 03:05:00,77631.1,77677.4,77580.9,77581.0,7.81749187
2026-04-25 03:10:00,77581.0,77584.0,77546.6,77570.5,7.87750178
2026-04-25 03:15:00,77570.4,77584.0,77560.7,77583.9,14.26371736
2026-04-25 03:20:00,77584.0,77588.3,77564.9,77565.0,5.97676187
2026-04-25 03:25:00,77564.9,77565.0,77536.1,77545.2,3.91071414
2026-04-25 03:30:00,77545.2,77579.1,77545.1,77579.1,3.36453636
2026-04-25 03:35:00,77579.1,77619.2,77576.1,77619.2,1.47685138
2026-04-25 03:40:00,77619.2,77678.4,77619.2,77668.8,9.97551064
2026-04-25 03:45:00,77666.6,77699.8,77666.6,77679.8,2.56898159
2026-04-25 03:50:00,77679.9,77686.6,77658.1,77663.8,2.94119649
2026-04-25 03:55:00,77663.8,77663.8,77629.8,77663.4,10.86206731
2026-04-25 04:00:00,77663.4,77675.0,77647.0,77647.1,1.29290282
2026-04-25 04:05:00,77647.0,77671.1,77616.7,77671.1,11.59194514
2026-04-25 04:10:00,77676.2,77693.5,77659.3,77672.2,1.08013112
2026-04-25 04:15:00,77672.1,77685.7,77653.9,77654.0,4.40512516
2026-04-25 04:20:00,77654.0,77656.4,77630.5,77652.3,2.07852853
2026-04-25 04:25:00,77652.4,77656.3,77635.9,77635.9,0.28996451
2026-04-25 04:30:00,77636.0,77636.3,77625.9,77626.0,1.44007781
2026-04-25 04:35:00,77626.0,77626.0,77589.2,77602.9,2.27090623
2026-04-25 04:40:00,77602.8,77607.4,77594.5,77604.0,1.55902859
2026-04-25 04:45:00,77604.1,77604.1,77596.0,77596.1,1.34006723
2026-04-25 04:50:00,77596.0,77612.6,77596.0,77600.9,5.03096292
2026-04-25 04:55:00,77600.4,77628.1,77600.4,77614.1,5.00981893
2026-04-25 05:00:00,77614.1,77614.1,77477.7,77479.3,13.75790882
2026-04-25 05:05:00,77479.4,77529.4,77479.4,77529.4,8.64486693
2026-04-25 05:10:00,77529.3,77529.3,77491.5,77505.7,12.63413174
2026-04-25 05:15:00,77505.7,77512.4,77499.0,77512.4,5.69626572
2026-04-25 05:20:00,77512.4,77536.2,77512.3,77519.3,0.87861922
2026-04-25 05:25:00,77519.3,77522.3,77489.0,77489.0,13.17762779
2026-04-25 05:30:00,77489.1,77519.2,77489.0,77509.8,1.15949659
2026-04-25 05:35:00,77509.8,77535.5,77509.8,77535.4,0.99287388
2026-04-25 05:40:00,77535.5,77551.4,77530.3,77530.4,0.98773648
2026-04-25 05:45:00,77530.3,77550.0,77523.7,77523.8,0.95215078
2026-04-25 05:50:00,77523.8,77527.2,77517.3,77517.4,1.46184665
2026-04-25 05:55:00,77517.4,77517.4,77510.1,77516.3,0.34973165
2026-04-25 06:00:00,77516.4,77534.5,77516.3,77534.5,0.8974998
2026-04-25 06:05:00,77534.5,77563.3,77534.4,77563.3,1.0884597
2026-04-25 06:10:00,77563.3,77563.3,77536.3,77545.2,2.00740774
2026-04-25 06:15:00,77545.1,77545.3,77527.8,77527.8,1.29767595
2026-04-25 06:20:00,77527.9,77527.9,77487.0,77487.0,10.10081835
2026-04-25 06:25:00,77487.0,77496.2,77481.3,77481.4,1.9970947
2026-04-25 06:30:00,77481.4,77539.2,77481.4,77529.5,2.25902475
2026-04-25 06:35:00,77532.3,77543.8,77508.6,77543.7,9.45500014
2026-04-25 06:40:00,77543.7,77557.4,77522.0,77522.0,2.10575259
2026-04-25 06:45:00,77522.1,77538.7,77521.7,77537.7,5.31934299
2026-04-25 06:50:00,77537.8,77586.6,77523.8,77523.8,5.90536174
2026-04-25 06:55:00,77523.9,77534.0,77500.1,77500.1,1.25429358
2026-04-25 07:00:00,77500.1,77500.1,77437.5,77462.5,16.86747332
2026-04-25 07:05:00,77462.5,77478.2,77457.0,77457.0,3.40762781
2026-04-25 07:10:00,77456.9,77481.9,77456.9,77481.8,1.85512716
2026-04-25 07:15:00,77481.8,77504.9,77476.5,77504.9,0.68331784
2026-04-25 07:20:00,77504.8,77520.0,77499.7,77519.9,5.66399429
2026-04-25 07:25:00,77519.9,77533.9,77503.0,77533.8,21.22931278
2026-04-25 07:30:00,77533.8,77559.6,77508.2,77559.5,9.65417473
2026-04-25 07:35:00,77559.5,77570.3,77526.5,77559.0,6.92708946
2026-04-25 07:40:00,77557.2,77557.3,77531.3,77531.3,6.25906464
2026-04-25 07:45:00,77531.3,77534.7,77507.5,77520.4,5.7895233
2026-04-25 07:50:00,77520.3,77535.5,77520.3,77535.4,13.3266751
2026-04-25 07:55:00,77535.4,77560.0,77496.4,77496.5,17.05831679
2026-04-25 08:00:00,77496.4,77526.3,77484.2,77508.0,6.99154231
2026-04-25 08:05:00,77508.1,77566.3,77508.1,77566.2,10.74672366
2026-04-25 08:10:00,77566.3,77578.3,77547.8,77547.8,25.1130651
2026-04-25 08:15:00,77547.8,77561.1,77538.3,77538.4,5.05136459
2026-04-25 08:20:00,77538.3,77574.9,77537.7,77537.7,7.20758799
2026-04-25 08:25:00,77537.8,77570.4,77537.7,77560.7,4.62137666
2026-04-25 08:30:00,77560.7,77647.7,77560.7,77638.4,12.15257568
2026-04-25 08:35:00,77638.3,77650.0,77635.7,77635.8,4.77724743
2026-04-25 08:40:00,77635.8,77646.6,77623.4,77630.5,5.33331585
2026-04-25 08:45:00,77630.5,77630.5,77603.3,77615.9,4.82836305
2026-04-25 08:50:00,77615.1,77615.1,77611.0,77614.8,5.40767945
2026-04-25 08:55:00,77614.8,77635.2,77610.4,77635.1,4.35583457
2026-04-25 09:00:00,77635.2,77656.4,77600.0,77605.2,5.08259485
2026-04-25 09:05:00,77605.2,77619.5,77605.1,77616.8,4.35643054
2026-04-25 09:10:00,77616.8,77634.7,77614.5,77623.9,2.10961144
2026-04-25 09:15:00,77623.9,77627.6,77611.4,77611.6,4.49624495
2026-04-25 09:20:00,77611.6,77616.6,77580.9,77604.3,3.35968469
2026-04-25 09:25:00,77604.4,77617.0,77582.2,77582.2,2.98713186
2026-04-25 09:30:00,77582.2,77602.5,77582.2,77602.5,0.95397845
2026-04-25 09:35:00,77602.4,77757.3,77602.4,77717.8,18.86379488
2026-04-25 09:40:00,77717.8,77728.0,77688.6,77728.0,4.38010587
2026-04-25 09:45:00,77728.0,77760.0,77710.0,77751.9,5.40277447
2026-04-25 09:50:00,77751.9,77760.0,77729.1,77759.9,3.01747755
2026-04-25 09:55:00,77759.9,77770.0,77704.4,77707.3,5.22836431
2026-04-25 10:00:00,77707.3,77788.8,77707.2,77758.7,12.46722659
2026-04-25 10:05:00,77758.6,77782.1,77743.6,77755.5,4.56563131
2026-04-25 10:10:00,77755.4,77771.1,77755.4,77758.2,1.28875403
2026-04-25 10:15:00,77758.2,77781.6,77756.0,77756.0,2.53907744
2026-04-25 10:20:00,77756.1,77807.0,77756.0,77804.7,18.70457417
2026-04-25 10:25:00,77804.8,77853.1,77804.7,77816.9,43.52448052
2026-04-25 10:30:00,77816.9,77880.0,77816.8,77866.6,13.6022384
2026-04-25 10:35:00,77866.5,77866.5,77829.2,77844.7,7.2945692
2026-04-25 10:40:00,77844.7,77845.8,77771.2,77807.9,18.80598492
2026-04-25 10:45:00,77808.0,77823.3,77778.6,77778.6,2.43722847
2026-04-25 10:50:00,77778.7,77815.8,77770.7,77790.4,9.75786822
2026-04-25 10:55:00,77790.3,77798.8,77775.6,77784.1,4.52349729
2026-04-25 11:00:00,77784.1,77784.1,77757.0,77771.0,22.57265444
2026-04-25 11:05:00,77771.1,77776.7,77743.6,77748.4,7.47138051
2026-04-25 11:10:00,77748.3,77758.1,77739.2,77743.0,11.87078679
2026-04-25 11:15:00,77743.0,77758.0,77721.0,77736.1,9.88256231
2026-04-25 11:20:00,77736.1,77736.1,77644.0,77676.0,14.55649634
2026-04-25 11:25:00,77676.1,77679.9,77669.0,77677.5,2.75878611
2026-04-25 11:30:00,77677.4,77677.5,77645.6,77659.9,7.32963486
2026-04-25 11:35:00,77660.0,77673.6,77635.8,77660.6,7.26035173
2026-04-25 11:40:00,77660.6,77683.6,77649.0,77649.0,2.18527481
2026-04-25 11:45:00,77649.1,77662.1,77613.1,77662.1,8.83401827
2026-04-25 11:50:00,77662.1,77700.0,77651.7,77651.8,2.74134811
2026-04-25 11:55:00,77651.8,77686.6,77651.7,77686.6,1.3592757
2026-04-25 12:00:00,77689.5,77689.5,77629.0,77644.1,2.41928922
2026-04-25 12:05:00,77644.0,77718.7,77644.0,77678.1,16.6543741
2026-04-25 12:10:00,77678.1,77703.5,77678.1,77687.4,4.17266496
2026-04-25 12:15:00,77687.4,77712.1,77675.4,77675.5,2.70253276
2026-04-25 12:20:00,77675.5,77700.0,77675.4,77699.9,1.09635825
2026-04-25 12:25:00,77700.0,77700.0,77614.4,77614.4,3.52439196
2026-04-25 12:30:00,77614.4,77619.0,77556.2,77611.0,2.94007238
2026-04-25 12:35:00,77611.0,77617.9,77564.0,77564.0,14.94484785
2026-04-25 12:40:00,77564.0,77580.6,77525.7,77552.8,71.89905435
2026-04-25 12:45:00,77552.7,77564.8,77517.3,77532.0,82.40117358
2026-04-25 12:50:00,77532.0,77573.8,77531.9,77565.7,9.96953709
2026-04-25 12:55:00,77565.8,77565.8,77532.0,77550.0,11.12753114
2026-04-25 13:00:00,77550.0,77578.4,77550.0,77578.4,2.41675132
2026-04-25 13:05:00,77578.3,77602.1,77578.3,77602.0,14.82287567
2026-04-25 13:10:00,77602.0,77636.5,77600.0,77636.4,3.24541968
2026-04-25 13:15:00,77636.4,77636.5,77601.9,77611.9,1.9038476
2026-04-25 13:20:00,77612.0,77636.8,77606.2,77624.7,8.21421703
2026-04-25 13:25:00,77624.7,77624.7,77600.4,77609.4,7.76629272
2026-04-25 13:30:00,77609.5,77617.7,77601.6,77601.7,2.19204335
2026-04-25 13:35:00,77601.6,77617.7,77592.2,77617.6,6.00107387
2026-04-25 13:40:00,77617.6,77668.8,77617.6,77668.7,19.02259683
2026-04-25 13:45:00,77668.8,77709.5,77640.4,77656.7,4.45007319
2026-04-25 13:50:00,77656.7,77683.6,77639.3,77681.5,11.52690639
2026-04-25 13:55:00,77681.4,77705.5,77681.4,77682.7,2.36625261
2026-04-25 14:00:00,77682.8,77741.4,77631.2,77631.3,10.04212837
2026-04-25 14:05:00,77631.3,77672.3,77617.8,77654.0,5.16555978
2026-04-25 14:10:00,77654.0,77691.0,77634.3,77691.0,8.62097878
2026-04-25 14:15:00,77691.0,77694.8,77658.0,77658.0,3.54245634
2026-04-25 14:20:00,77658.0,77698.7,77655.3,77665.5,40.27641048
2026-04-25 14:25:00,77665.6,77734.0,77665.6,77721.6,18.36782789
2026-04-25 14:30:00,77721.6,77734.0,77713.2,77713.2,5.01185882
2026-04-25 14:35:00,77713.2,77734.0,77701.4,77733.9,9.05984055
2026-04-25 14:40:00,77733.9,77738.0,77718.6,77724.5,6.37780539
2026-04-25 14:45:00,77724.5,77744.0,77716.6,77727.9,30.3012099
2026-04-25 14:50:00,77725.1,77725.1,77659.6,77672.0,8.2989393
2026-04-25 14:55:00,77672.0,77672.1,77641.6,77654.6,3.77224059
2026-04-25 15:00:00,77654.7,77666.3,77646.5,77664.4,11.05940866
2026-04-25 15:05:00,77664.5,77689.2,77651.1,77659.9,28.84233148
2026-04-25 15:10:00,77659.9,77670.0,77655.7,77666.8,2.00732015
2026-04-25 15:15:00,77666.9,77677.8,77666.8,77677.6,3.0638913
2026-04-25 15:20:00,77677.7,77697.6,77677.6,77697.5,5.3194688
2026-04-25 15:25:00,77697.6,77714.0,77689.4,77696.2,3.53947432
2026-04-25 15:30:00,77696.3,77700.0,77676.3,77700.0,1.3849296
2026-04-25 15:35:00,77700.0,77715.6,77688.8,77688.9,2.10829153
2026-04-25 15:40:00,77688.9,77694.1,77660.1,77660.1,1.26064997
2026-04-25 15:45:00,77660.1,77660.1,77500.0,77500.0,27.91864938
2026-04-25 15:50:00,77500.0,77519.9,77312.5,77322.8,62.58360269
2026-04-25 15:55:00,77322.9,77403.9,77306.1,77332.0,47.9815053
2026-04-25 16:00:00,77332.0,77417.8,77300.0,77404.6,20.32855616
2026-04-25 16:05:00,77404.6,77443.5,77350.1,77406.3,7.01542571
2026-04-25 16:10:00,77406.3,77448.7,77368.7,77448.6,6.43025622
2026-04-25 16:15:00,77448.6,77455.1,77409.1,77409.2,4.75939509
2026-04-25 16:20:00,77409.2,77430.6,77409.2,77414.7,3.69507844
2026-04-25 16:25:00,77414.6,77423.7,77330.0,77391.6,27.98769287
2026-04-25 16:30:00,77391.5,77413.2,77324.4,77375.7,10.9571689
2026-04-25 16:35:00,77375.8,77432.1,77129.5,77269.7,79.21085812
2026-04-25 16:40:00,77269.7,77381.6,77256.7,77369.3,28.06759983
2026-04-25 16:45:00,77375.0,77399.2,77331.6,77394.1,7.03245803
2026-04-25 16:50:00,77394.2,77410.8,77384.4,77386.0,1.81866906
2026-04-25 16:55:00,77386.0,77404.3,77364.6,77404.3,1.77054997
2026-04-25 17:00:00,77404.3,77404.3,77370.4,77382.6,4.42835352
2026-04-25 17:05:00,77382.6,77382.6,77362.5,77366.5,9.34917565
2026-04-25 17:10:00,77366.5,77366.5,77355.5,77356.1,2.89359748
2026-04-25 17:15:00,77356.1,77356.1,77300.0,77326.1,3.13904218
2026-04-25 17:20:00,77326.1,77405.1,77326.0,77372.9,6.1420861
2026-04-25 17:25:00,77372.9,77406.7,77316.8,77325.9,2.36387917
2026-04-25 17:30:00,77325.9,77335.1,77252.3,77279.2,9.44116529
2026-04-25 17:35:00,77279.2,77337.4,77279.2,77331.5,2.57885815
2026-04-25 17:40:00,77331.5,77331.5,77312.4,77312.5,1.72370374
2026-04-25 17:45:00,77312.5,77312.5,77253.2,77253.3,3.25385782
2026-04-25 17:50:00,77253.3,77253.3,77231.7,77231.8,8.74560157
2026-04-25 17:55:00,77231.8,77265.8,77215.1,77250.1,9.78960026
2026-04-25 18:00:00,77250.1,77338.5,77218.0,77294.7,7.23908849
2026-04-25 18:05:00,77294.8,77299.3,77261.6,77289.0,5.14139889
2026-04-25 18:10:00,77289.0,77306.5,77273.3,77287.4,5.42187219
2026-04-25 18:15:00,77287.4,77300.0,77285.1,77287.8,4.02487288
2026-04-25 18:20:00,77287.8,77304.4,77264.0,77289.9,6.56127015
2026-04-25 18:25:00,77289.9,77329.8,77289.8,77323.0,10.52151879
2026-04-25 18:30:00,77323.1,77378.2,77323.1,77369.2,23.754518
2026-04-25 18:35:00,77369.3,77394.5,77352.6,77352.7,2.80053988
2026-04-25 18:40:00,77352.7,77361.1,77312.0,77312.0,3.74761571
2026-04-25 18:45:00,77311.9,77363.1,77310.0,77315.4,3.75737302
2026-04-25 18:50:00,77315.4,77335.3,77300.0,77300.0,4.60705888
2026-04-25 18:55:00,77300.1,77329.1,77274.8,77297.3,57.4897422
2026-04-25 19:00:00,77297.3,77312.6,77285.8,77302.0,7.81857103
2026-04-25 19:05:00,77302.1,77312.5,77273.9,77300.6,1.38708295
2026-04-25 19:10:00,77300.6,77342.9,77291.4,77324.7,28.0095136
2026-04-25 19:15:00,77324.6,77340.0,77323.9,77339.9,0.59403303
2026-04-25 19:20:00,77339.9,77350.0,77317.3,77348.6,1.26049606
2026-04-25 19:25:00,77345.7,77345.7,77251.2,77260.2,1.08780239
2026-04-25 19:30:00,77260.2,77260.2,77222.0,77234.8,1.28361534
2026-04-25 19:35:00,77235.2,77261.3,77222.0,77222.0,1.06266389
2026-04-25 19:40:00,77222.1,77244.4,77200.0,77200.0,2.25476231
2026-04-25 19:45:00,77200.0,77241.1,77198.4,77241.0,16.56875521
2026-04-25 19:50:00,77241.1,77281.5,77241.0,77281.4,0.92113005
2026-04-25 19:55:00,77281.5,77333.1,77281.5,77324.8,4.20602987
2026-04-25 20:00:00,77324.9,77354.1,77311.7,77318.3,6.71510218
2026-04-25 20:05:00,77318.9,77345.0,77308.9,77344.9,1.94080148
2026-04-25 20:10:00,77344.9,77375.0,77344.9,77358.2,0.93715477
2026-04-25 20:15:00,77358.2,77380.0,77345.7,77379.9,1.70221639
2026-04-25 20:20:00,77379.9,77428.5,77379.9,77420.3,3.85304084
2026-04-25 20:25:00,77420.3,77422.9,77382.4,77422.8,9.24212457
2026-04-25 20:30:00,77422.8,77430.1,77397.7,77407.1,3.61419254
2026-04-25 20:35:00,77407.1,77416.0,77401.9,77401.9,3.50417518
2026-04-25 20:40:00,77402.0,77416.6,77402.0,77403.5,0.55428862
2026-04-25 20:45:00,77403.5,77414.8,77403.4,77412.4,0.39007645
2026-04-25 20:50:00,77412.5,77429.8,77401.0,77429.7,0.96436688
2026-04-25 20:55:00,77429.7,77477.7,77429.7,77471.9,7.2628333
2026-04-25 21:00:00,77472.0,77520.5,77471.9,77509.9,7.70810196
2026-04-25 21:05:00,77509.9,77531.2,77492.1,77509.9,4.77681605
2026-04-25 21:10:00,77510.0,77520.0,77464.0,77489.1,26.85930737
2026-04-25 21:15:00,77489.0,77507.5,77487.8,77487.9,0.81429775
2026-04-25 21:20:00,77487.8,77515.0,77487.8,77508.0,1.08950244
2026-04-25 21:25:00,77507.9,77508.5,77480.0,77508.5,4.86534508
2026-04-25 21:30:00,77508.5,77515.0,77457.1,77457.1,0.97113289
2026-04-25 21:35:00,77457.2,77464.6,77444.4,77448.5,3.98032679
2026-04-25 21:40:00,77448.4,77459.1,77398.6,77459.1,2.66199874
2026-04-25 21:45:00,77459.0,77500.0,77459.0,77482.4,0.52818074
2026-04-25 21:50:00,77480.6,77527.8,77458.1,77515.0,1.61047265
2026-04-25 21:55:00,77515.0,77524.1,77487.7,77522.3,1.71110783
2026-04-25 22:00:00,77522.4,77527.0,77492.8,77524.6,2.47517829
2026-04-25 22:05:00,77524.5,77552.0,77509.8,77536.7,2.23209858
2026-04-25 22:10:00,77536.7,77536.7,77501.7,77508.3,3.39520548
2026-04-25 22:15:00,77508.3,77516.9,77500.0,77505.6,0.67357779
2026-04-25 22:20:00,77505.6,77532.3,77505.5,77532.2,0.90848492
2026-04-25 22:25:00,77532.2,77569.9,77531.7,77550.0,33.04214967
2026-04-25 22:30:00,77550.0,77625.0,77550.0,77621.3,3.77042544
2026-04-25 22:35:00,77621.3,77625.0,77582.5,77582.5,7.96999119
2026-04-25 22:40:00,77582.6,77589.8,77561.8,77589.7,2.28487384
2026-04-25 22:45:00,77589.8,77589.8,77555.6,77555.6,1.61931607
2026-04-25 22:50:00,77555.6,77555.6,77535.0,77549.4,2.75283022
2026-04-25 22:55:00,77549.5,77567.3,77545.6,77560.5,3.66584752
2026-04-25 23:00:00,77560.6,77582.5,77525.0,77572.2,5.29367963
2026-04-25 23:05:00,77572.1,77609.2,77565.3,77577.6,3.47935165
2026-04-25 23:10:00,77577.7,77590.8,77577.5,77582.1,0.56068807
2026-04-25 23:15:00,77582.1,77592.3,77558.9,77592.3,5.27672688
2026-04-25 23:20:00,77594.0,77597.8,77557.3,77597.8,15.94524207
2026-04-25 23:25:00,77597.7,77597.7,77571.0,77587.9,0.38550212
2026-04-25 23:30:00,77587.9,77611.1,77574.6,77611.1,2.07946932
2026-04-25 23:35:00,77611.1,77627.5,77611.0,77612.4,4.80036279
2026-04-25 23:40:00,77612.4,77644.0,77608.1,77608.1,6.42486765
2026-04-25 23:45:00,77606.8,77615.0,77588.2,77606.4,0.9238571
2026-04-25 23:50:00,77606.4,77610.0,77596.9,77610.0,1.47818115
2026-04-25 23:55:00,77609.9,77619.5,77595.0,77619.5,1.94657915
2026-04-26 00:00:00,77619.5,77637.2,77582.3,77625.8,4.29688483
2026-04-26 00:05:00,77631.8,77634.6,77525.0,77548.9,13.50603211
2026-04-26 00:10:00,77548.9,77557.6,77517.3,77552.7,2.72838039
2026-04-26 00:15:00,77552.7,77552.7,77477.2,77487.1,54.95318052
2026-04-26 00:20:00,77487.1,77497.2,77474.4,77474.5,4.27371331
2026-04-26 00:25:00,77474.4,77480.8,77466.3,77466.3,2.08820293
2026-04-26 00:30:00,77466.4,77514.8,77439.3,77505.4,3.34317889
2026-04-26 00:35:00,77505.0,77512.8,77494.5,77494.7,1.84798776
2026-04-26 00:40:00,77494.8,77550.0,77494.8,77545.0,3.87574883
2026-04-26 00:45:00,77545.0,77555.0,77533.5,77541.1,3.83530348
2026-04-26 00:50:00,77541.1,77590.0,77524.5,77524.5,4.00536898
2026-04-26 00:55:00,77524.5,77524.6,77455.6,77473.3,9.80382124
2026-04-26 01:00:00,77487.4,77518.7,77483.2,77512.2,5.21108129
2026-04-26 01:05:00,77512.2,77512.2,77497.1,77512.2,1.53411295
2026-04-26 01:10:00,77512.2,77516.0,77502.1,77502.4,2.74663572
2026-04-26 01:15:00,77502.4,77536.2,77490.0,77490.1,3.50359522
2026-04-26 01:20:00,77490.0,77552.8,77490.0,77546.4,1.53370747
2026-04-26 01:25:00,77546.4,77564.3,77501.8,77504.3,1.67774577
2026-04-26 01:30:00,77504.3,77510.8,77498.9,77510.8,0.91777732
2026-04-26 01:35:00,77510.7,77547.4,77510.7,77547.4,2.12918127
2026-04-26 01:40:00,77547.7,77559.2,77513.6,77555.6,6.25567598
2026-04-26 01:45:00,77555.5,77555.5,77496.2,77498.9,2.20025598
2026-04-26 01:50:00,77498.8,77544.4,77498.8,77524.8,3.32733225
2026-04-26 01:55:00,77524.7,77524.7,77443.7,77450.0,6.42381747
2026-04-26 02:00:00,77450.0,77492.5,77449.9,77492.4,1.44028278
2026-04-26 02:05:00,77492.5,77508.7,77486.3,77508.6,1.73787541
2026-04-26 02:10:00,77508.7,77562.7,77496.7,77562.6,1.18713583
2026-04-26 02:15:00,77562.7,77587.6,77520.0,77539.9,29.19949539
2026-04-26 02:20:00,77540.0,77573.4,77507.5,77556.8,20.5865594
2026-04-26 02:25:00,77556.7,77556.7,77548.7,77552.5,3.18741265
2026-04-26 02:30:00,77552.4,77573.3,77552.4,77553.5,1.18183993
2026-04-26 02:35:00,77552.5,77552.5,77543.9,77543.9,0.27999763
2026-04-26 02:40:00,77543.9,77544.0,77512.5,77514.0,0.71403606
2026-04-26 02:45:00,77514.0,77514.0,77466.9,77488.9,0.8044815
2026-04-26 02:50:00,77488.8,77513.8,77488.8,77508.6,0.71135083
2026-04-26 02:55:00,77508.6,77510.5,77485.6,77510.5,5.03905749
2026-04-26 03:00:00,77510.5,77510.5,77483.5,77485.6,2.22333716
2026-04-26 03:05:00,77485.7,77498.7,77477.9,77498.7,3.25921671
2026-04-26 03:10:00,77498.7,77522.7,77488.7,77522.7,4.96541211
2026-04-26 03:15:00,77522.9,77539.2,77520.0,77520.1,3.11281458
2026-04-26 03:20:00,77520.1,77527.3,77505.2,77514.2,10.08675573
2026-04-26 03:25:00,77514.3,77514.3,77422.0,77429.5,3.31687975
2026-04-26 03:30:00,77429.5,77429.5,77354.1,77365.6,9.3442988
2026-04-26 03:35:00,77367.6,77367.6,77322.2,77348.9,5.21223815
2026-04-26 03:40:00,77349.0,77377.5,77348.9,77377.4,3.11048447
2026-04-26 03:45:00,77377.4,77379.9,77358.1,77379.8,3.70271355
2026-04-26 03:50:00,77379.9,77398.1,77375.0,77378.9,8.06448514
2026-04-26 03:55:00,77378.8,77418.8,77378.8,77389.1,11.08699793
2026-04-26 04:00:00,77389.1,77415.3,77374.9,77386.6,4.44961534
2026-04-26 04:05:00,77386.7,77439.8,77386.6,77439.7,7.01059001
2026-04-26 04:10:00,77439.8,77488.7,77433.0,77470.8,1.74494042
2026-04-26 04:15:00,77470.8,77488.5,77462.9,77479.7,2.92365761
2026-04-26 04:20:00,77479.7,77492.3,77479.7,77492.3,2.58140296
2026-04-26 04:25:00,77492.3,77492.4,77466.0,77471.7,0.77352001
2026-04-26 04:30:00,77471.6,77471.7,77428.0,77435.3,1.26579717
2026-04-26 04:35:00,77435.3,77457.3,77435.2,77454.6,0.99815147
2026-04-26 04:40:00,77454.7,77516.4,77453.9,77510.3,10.28134721
2026-04-26 04:45:00,77510.2,77799.9,77510.2,77734.9,54.86470513
2026-04-26 04:50:00,77734.9,77834.0,77685.6,77788.7,50.6148103
2026-04-26 04:55:00,77788.7,77788.7,77741.8,77771.5,4.12051225
2026-04-26 05:00:00,77771.6,77776.7,77717.5,77722.2,5.21682889
2026-04-26 05:05:00,77722.2,77823.8,77722.2,77797.6,19.6301428
2026-04-26 05:10:00,77797.6,78154.7,77792.8,78132.0,113.97589327
2026-04-26 05:15:00,78131.9,78183.4,78024.5,78128.8,49.47938628
2026-04-26 05:20:00,78127.9,78154.9,78036.0,78048.5,7.28496333
2026-04-26 05:25:00,78048.6,78200.0,78033.7,78085.9,14.33550277
2026-04-26 05:30:00,78085.9,78187.2,78042.1,78077.9,13.76796702
2026-04-26 05:35:00,78077.9,78080.0,78017.6,78050.8,5.0793551
2026-04-26 05:40:00,78052.1,78068.6,78027.2,78046.3,1.7939418
2026-04-26 05:45:00,78046.2,78055.2,77990.0,78043.0,6.52417509
2026-04-26 05:50:00,78042.3,78046.2,78000.0,78006.1,6.4530325
2026-04-26 05:55:00,78006.1,78006.1,77975.1,77980.2,2.39664666
2026-04-26 06:00:00,77980.3,78040.0,77980.3,78040.0,40.1520284
2026-04-26 06:05:00,78040.0,78040.0,77994.5,77994.6,2.00189518
2026-04-26 06:10:00,77994.6,78029.6,77986.4,78015.3,10.05125914
2026-04-26 06:15:00,78015.2,78015.2,77919.6,77933.2,5.30018989
2026-04-26 06:20:00,77933.3,77956.3,77912.9,77931.7,13.06530413
2026-04-26 06:25:00,77931.8,77983.0,77924.2,77944.7,3.70516159
2026-04-26 06:30:00,77944.7,77953.1,77935.6,77935.7,1.85479512
2026-04-26 06:35:00,77935.7,77975.1,77921.8,77973.4,3.61906882
2026-04-26 06:40:00,77973.4,78045.6,77973.4,78008.2,4.2037501
2026-04-26 06:45:00,78008.2,78008.3,77925.3,77925.3,2.54050735
2026-04-26 06:50:00,77925.3,77996.4,77889.0,77968.4,16.29943585
2026-04-26 06:55:00,77968.4,78012.5,77962.9,78000.8,6.24598376
2026-04-26 07:00:00,78000.8,78023.7,77994.9,77994.9,9.10883202
2026-04-26 07:05:00,77994.9,78011.8,77990.0,77990.1,2.13650773
2026-04-26 07:10:00,77990.1,78010.1,77990.0,78010.1,5.74324938
2026-04-26 07:15:00,78010.1,78025.0,77982.8,78001.4,1.55488726
2026-04-26 07:20:00,78001.4,78033.6,78001.4,78015.9,8.0534017
2026-04-26 07:25:00,78016.0,78016.0,77988.8,77988.9,2.12502374
2026-04-26 07:30:00,77988.9,77996.1,77964.3,77969.2,0.825045
2026-04-26 07:35:00,77969.1,77983.7,77966.6,77976.7,1.82506983
2026-04-26 07:40:00,77976.6,77980.3,77965.6,77970.0,3.59676896
2026-04-26 07:45:00,77969.9,77991.2,77969.9,77983.3,2.97469635
2026-04-26 07:50:00,77983.4,78068.4,77980.0,78058.1,7.8153067
2026-04-26 07:55:00,78058.0,78122.1,78058.0,78100.4,15.77468963
2026-04-26 08:00:00,78100.3,78114.8,78080.1,78111.1,5.693271
2026-04-26 08:05:00,78111.1,78139.0,78058.0,78080.0,19.20246364
2026-04-26 08:10:00,78079.9,78080.0,78032.9,78079.0,5.21088927
2026-04-26 08:15:00,78079.1,78079.1,78034.1,78046.2,8.7047152
2026-04-26 08:20:00,78046.2,78046.3,78024.7,78042.8,1.09588221
2026-04-26 08:25:00,78042.8,78093.2,78042.8,78093.2,7.11470456
2026-04-26 08:30:00,78090.7,78129.8,78060.1,78128.7,6.95522025
2026-04-26 08:35:00,78128.7,78212.1,78128.6,78142.0,9.62839382
2026-04-26 08:40:00,78142.1,78150.2,78016.3,78039.5,9.89745815
2026-04-26 08:45:00,78039.5,78039.6,78025.3,78030.4,1.49062022
2026-04-26 08:50:00,78030.4,78047.6,78000.0,78047.6,14.20976685
2026-04-26 08:55:00,78047.5,78047.6,78019.1,78029.9,5.56314442
2026-04-26 09:00:00,78030.0,78030.0,77981.4,77997.2,3.26577194
2026-04-26 09:05:00,77997.3,78012.4,77968.7,77979.9,1.48571785
2026-04-26 09:10:00,77980.0,78006.1,77979.9,78006.0,1.73626288
2026-04-26 09:15:00,78006.1,78013.0,77987.9,77988.0,4.08922408
2026-04-26 09:20:00,77988.0,78013.0,77987.9,78013.0,3.88804753
2026-04-26 09:25:00,78013.0,78053.0,78006.2,78006.3,4.24634422
2026-04-26 09:30:00,78006.2,78006.3,77960.0,77969.5,12.54358348
2026-04-26 09:35:00,77969.6,77971.2,77944.4,77950.1,1.88423677
2026-04-26 09:40:00,77950.2,77984.0,77921.3,77974.5,3.99308172
2026-04-26 09:45:00,77974.4,77974.5,77943.8,77964.4,3.64688642
2026-04-26 09:50:00,77964.5,77997.8,77964.4,77985.4,2.98784605
2026-04-26 09:55:00,77985.3,78003.8,77985.3,78003.7,2.54532464
2026-04-26 10:00:00,78003.8,78003.8,77952.2,77965.8,3.92995401
2026-04-26 10:05:00,77965.8,78047.6,77965.8,78029.9,12.76671831
2026-04-26 10:10:00,78030.0,78042.9,78020.5,78036.7,3.9622261
2026-04-26 10:15:00,78036.7,78036.8,78015.8,78031.3,0.83253896
2026-04-26 10:20:00,78031.2,78031.3,78018.2,78018.2,1.29955284
2026-04-26 10:25:00,78018.3,78030.2,78000.3,78006.7,1.12912874
2026-04-26 10:30:00,78006.8,78006.8,77992.6,78001.0,0.91279454
2026-04-26 10:35:00,78000.9,78015.8,78000.9,78001.2,1.07852305
2026-04-26 10:40:00,78001.3,78008.1,77955.2,77982.5,27.98760566
2026-04-26 10:45:00,77982.5,78002.1,77971.7,77973.2,3.31207388
2026-04-26 10:50:00,77973.2,77980.6,77965.1,77978.7,1.76380424
2026-04-26 10:55:00,77978.7,77995.0,77978.6,77994.9,0.73684287
2026-04-26 11:00:00,77995.0,78064.5,77994.9,78023.7,7.75508433
2026-04-26 11:05:00,78023.8,78055.4,78023.7,78047.3,1.45539134
2026-04-26 11:10:00,78047.2,78098.5,78046.8,78046.8,4.35839768
2026-04-26 11:15:00,78046.9,78047.2,78026.8,78039.1,0.91978621
2026-04-26 11:20:00,78039.1,78100.0,78039.1,78099.9,18.49150245
2026-04-26 11:25:00,78100.0,78152.1,78100.0,78123.2,4.00377335
2026-04-26 11:30:00,78123.3,78140.0,78068.0,78096.2,2.60145425
2026-04-26 11:35:00,78096.2,78096.3,78066.3,78072.2,1.03006396
2026-04-26 11:40:00,78072.2,78072.3,78072.0,78072.1,0.59123996
2026-04-26 11:45:00,78072.0,78087.4,78041.6,78087.3,2.33493729
2026-04-26 11:50:00,78087.3,78108.9,78087.3,78098.2,1.47919706
2026-04-26 11:55:00,78098.3,78112.7,78086.6,78086.7,2.59979682
2026-04-26 12:00:00,78086.6,78093.6,78053.3,78053.3,2.28596721
2026-04-26 12:05:00,78052.2,78067.8,78040.5,78040.6,2.70803358
2026-04-26 12:10:00,78040.5,78040.6,77970.0,77970.0,2.74179179
2026-04-26 12:15:00,77970.0,77985.3,77960.0,77975.5,1.56615658
2026-04-26 12:20:00,77975.4,78012.5,77975.4,77985.4,12.70322853
2026-04-26 12:25:00,77985.3,77998.2,77951.3,77958.1,65.8293587
2026-04-26 12:30:00,77958.1,77967.3,77947.9,77957.0,35.05513253
2026-04-26 12:35:00,77956.9,77976.4,77956.9,77970.7,10.91375346
2026-04-26 12:40:00,77970.6,77970.6,77929.1,77929.2,50.7583443
2026-04-26 12:45:00,77929.2,77929.2,77752.9,77818.5,62.00470584
2026-04-26 12:50:00,77818.5,77868.2,77816.6,77821.0,65.31736073
2026-04-26 12:55:00,77821.0,77847.9,77789.1,77814.5,86.58317063
2026-04-26 13:00:00,77814.5,77836.3,77778.7,77819.9,81.22754837
2026-04-26 13:05:00,77819.9,77886.0,77796.3,77885.9,85.95306723
2026-04-26 13:10:00,77886.0,77925.7,77871.4,77888.4,8.67094596
2026-04-26 13:15:00,77888.4,77928.1,77852.3,77880.7,5.67612371
2026-04-26 13:20:00,77880.7,77889.3,77844.0,77844.0,6.53623337
2026-04-26 13:25:00,77844.1,77868.8,77801.9,77868.7,2.24795901
2026-04-26 13:30:00,77868.8,77957.5,77856.8,77957.4,5.14811455
2026-04-26 13:35:00,77957.4,77970.5,77913.1,77970.4,10.76074472
2026-04-26 13:40:00,77970.4,77971.5,77935.0,77971.5,2.76198881
2026-04-26 13:45:00,77971.5,77980.1,77928.0,77931.8,4.55060174
2026-04-26 13:50:00,77931.8,77943.9,77900.0,77943.9,5.02971194
2026-04-26 13:55:00,77943.8,77963.4,77914.4,77963.4,1.98561094
2026-04-26 14:00:00,77963.3,77963.4,77910.1,77921.5,6.34668415
2026-04-26 14:05:00,77921.6,77945.6,77866.8,77945.5,9.84593972
2026-04-26 14:10:00,77945.5,77959.7,77916.1,77948.3,12.73899296
2026-04-26 14:15:00,77948.2,78023.4,77920.8,78009.3,4.0825559
2026-04-26 14:20:00,78009.3,78167.6,78009.3,78050.1,29.26370376
2026-04-26 14:25:00,78050.0,78078.7,78021.1,78059.4,8.23419188
2026-04-26 14:30:00,78059.5,78074.4,78000.1,78066.3,6.69711524
2026-04-26 14:35:00,78066.2,78073.5,78030.2,78073.4,3.04935965
2026-04-26 14:40:00,78073.4,78125.1,78033.8,78047.7,6.13523205
2026-04-26 14:45:00,78047.7,78047.8,77984.2,78016.9,6.44253488
2026-04-26 14:50:00,78016.8,78150.0,78016.8,78115.0,21.83891899
