timestamp,open,high,low,close,volume
2026-04-19 14:57:00,2339.45,2339.6,2336.91,2337.88,190.035218
2026-04-19 15:00:00,2337.93,2338.22,2332.55,2334.09,159.881541
2026-04-19 15:03:00,2334.19,2338.72,2334.19,2336.6,133.411218
2026-04-19 15:06:00,2336.6,2337.03,2334.8,2336.8,74.573321
2026-04-19 15:09:00,2336.8,2336.99,2335.19,2335.95,99.368343
2026-04-19 15:12:00,2335.94,2337.21,2335.93,2336.29,82.721801
2026-04-19 15:15:00,2336.28,2339.79,2336.11,2339.38,302.539269
2026-04-19 15:18:00,2339.42,2341.51,2337.37,2337.37,487.850609
2026-04-19 15:21:00,2337.32,2337.32,2332.15,2334.14,438.305086
2026-04-19 15:24:00,2334.15,2336.47,2334.0,2334.42,149.412215
2026-04-19 15:27:00,2334.53,2335.77,2334.17,2334.96,58.501034
2026-04-19 15:30:00,2334.98,2335.77,2330.46,2332.05,180.717032
2026-04-19 15:33:00,2332.04,2332.04,2318.0,2319.14,1255.25726
2026-04-19 15:36:00,2319.14,2324.34,2315.02,2322.46,809.385033
2026-04-19 15:39:00,2322.46,2326.84,2322.21,2326.56,167.24838
2026-04-19 15:42:00,2326.55,2326.73,2324.04,2324.99,58.317361
2026-04-19 15:45:00,2324.99,2327.72,2323.6,2325.83,92.032228
2026-04-19 15:48:00,2325.83,2329.58,2325.21,2326.72,97.757381
2026-04-19 15:51:00,2326.5,2329.0,2326.2,2328.54,81.181463
2026-04-19 15:54:00,2328.57,2331.65,2328.57,2330.97,222.951722
2026-04-19 15:57:00,2330.87,2330.87,2328.82,2330.45,47.821469
2026-04-19 16:00:00,2330.53,2330.53,2324.36,2324.61,130.249522
2026-04-19 16:03:00,2324.37,2331.48,2324.18,2329.08,133.044481
2026-04-19 16:06:00,2329.08,2329.17,2325.75,2328.51,402.099962
2026-04-19 16:09:00,2328.5,2328.7,2324.36,2326.51,93.620924
2026-04-19 16:12:00,2326.51,2327.43,2325.23,2325.47,130.616153
2026-04-19 16:15:00,2325.33,2327.79,2324.09,2324.09,91.569038
2026-04-19 16:18:00,2324.03,2324.94,2321.06,2321.42,134.296423
2026-04-19 16:21:00,2321.37,2322.39,2318.2,2321.96,340.873532
2026-04-19 16:24:00,2321.89,2325.0,2321.47,2324.12,62.465513
2026-04-19 16:27:00,2324.15,2324.53,2319.0,2320.19,78.443488
2026-04-19 16:30:00,2320.19,2322.04,2318.5,2321.66,78.345896
2026-04-19 16:33:00,2321.66,2325.56,2321.66,2324.12,57.894914
2026-04-19 16:36:00,2324.11,2324.38,2322.39,2324.29,83.442075
2026-04-19 16:39:00,2324.16,2324.26,2318.5,2318.73,79.889672
2026-04-19 16:42:00,2318.73,2320.14,2316.78,2319.03,261.838292
2026-04-19 16:45:00,2318.8,2322.6,2318.45,2320.23,102.733238
2026-04-19 16:48:00,2320.23,2322.61,2319.67,2319.92,54.950786
2026-04-19 16:51:00,2319.92,2321.22,2311.88,2313.56,440.734992
2026-04-19 16:54:00,2313.37,2313.37,2304.42,2308.51,1322.265348
2026-04-19 16:57:00,2308.51,2313.67,2306.43,2311.63,557.775746
2026-04-19 17:00:00,2311.86,2311.86,2307.58,2310.13,360.891724
2026-04-19 17:03:00,2310.17,2312.37,2295.64,2301.31,2069.305413
2026-04-19 17:06:00,2301.31,2304.95,2298.97,2304.62,354.445778
2026-04-19 17:09:00,2304.6,2306.2,2301.35,2304.83,133.351468
2026-04-19 17:12:00,2304.65,2308.0,2304.62,2307.95,141.783027
2026-04-19 17:15:00,2307.95,2310.07,2307.3,2309.9,160.541302
2026-04-19 17:18:00,2309.9,2313.61,2309.74,2313.39,122.446964
2026-04-19 17:21:00,2313.39,2317.37,2311.62,2312.18,699.513428
2026-04-19 17:24:00,2312.17,2312.65,2308.35,2311.06,144.683226
2026-04-19 17:27:00,2311.07,2312.46,2310.56,2312.46,116.179224
2026-04-19 17:30:00,2312.5,2316.04,2311.77,2313.57,75.372876
2026-04-19 17:33:00,2313.56,2313.56,2304.3,2307.25,217.269926
2026-04-19 17:36:00,2307.25,2311.41,2307.25,2310.69,119.158017
2026-04-19 17:39:00,2310.4,2311.41,2308.05,2308.97,77.119182
2026-04-19 17:42:00,2308.96,2310.35,2308.32,2309.6,15.853364
2026-04-19 17:45:00,2309.53,2311.11,2307.07,2307.07,122.912031
2026-04-19 17:48:00,2307.22,2308.12,2302.38,2302.38,498.255153
2026-04-19 17:51:00,2302.38,2303.59,2293.93,2301.56,1392.046108
2026-04-19 17:54:00,2301.57,2301.66,2297.09,2299.92,247.758501
2026-04-19 17:57:00,2299.8,2300.29,2295.59,2296.49,742.577669
2026-04-19 18:00:00,2296.55,2300.54,2290.0,2298.73,1160.636337
2026-04-19 18:03:00,2298.73,2299.0,2291.67,2293.97,658.27968
2026-04-19 18:06:00,2294.25,2296.01,2292.78,2295.47,270.579333
2026-04-19 18:09:00,2295.48,2300.47,2295.48,2297.08,404.629619
2026-04-19 18:12:00,2297.07,2299.79,2295.02,2297.24,343.708205
2026-04-19 18:15:00,2297.24,2299.32,2295.46,2297.79,215.941542
2026-04-19 18:18:00,2297.79,2298.87,2293.81,2295.04,204.167144
2026-04-19 18:21:00,2295.04,2296.93,2293.29,2293.74,321.736891
2026-04-19 18:24:00,2293.74,2298.52,2290.19,2297.85,802.876988
2026-04-19 18:27:00,2297.85,2301.84,2295.27,2297.95,841.60178
2026-04-19 18:30:00,2297.96,2299.3,2295.85,2296.35,236.632858
2026-04-19 18:33:00,2296.55,2296.55,2292.03,2294.79,407.466058
2026-04-19 18:36:00,2294.8,2295.2,2292.4,2293.56,389.168755
2026-04-19 18:39:00,2293.67,2295.07,2292.3,2293.18,242.064223
2026-04-19 18:42:00,2293.37,2293.37,2290.71,2292.12,333.399518
2026-04-19 18:45:00,2292.11,2292.42,2287.53,2291.57,872.443311
2026-04-19 18:48:00,2291.58,2296.0,2290.67,2295.46,219.836001
2026-04-19 18:51:00,2295.45,2296.54,2293.76,2294.33,177.431762
2026-04-19 18:54:00,2294.29,2294.64,2292.46,2294.25,205.696438
2026-04-19 18:57:00,2294.24,2296.25,2293.85,2295.81,181.627071
2026-04-19 19:00:00,2295.91,2301.94,2295.91,2300.19,623.653487
2026-04-19 19:03:00,2300.19,2301.41,2297.24,2301.15,216.35568
2026-04-19 19:06:00,2301.29,2301.29,2297.93,2299.48,173.81941
2026-04-19 19:09:00,2299.4,2301.63,2298.76,2298.76,159.447957
2026-04-19 19:12:00,2298.76,2301.49,2297.46,2299.82,287.299093
2026-04-19 19:15:00,2299.94,2300.96,2299.1,2300.88,132.669918
2026-04-19 19:18:00,2300.7,2304.92,2298.37,2304.17,314.162666
2026-04-19 19:21:00,2304.23,2304.23,2296.47,2296.65,396.961944
2026-04-19 19:24:00,2296.65,2298.79,2294.27,2298.78,391.500481
2026-04-19 19:27:00,2298.79,2300.76,2298.56,2299.27,172.96896
2026-04-19 19:30:00,2299.24,2302.76,2298.7,2299.26,256.150628
2026-04-19 19:33:00,2299.05,2299.27,2296.79,2297.08,176.77565
2026-04-19 19:36:00,2297.06,2298.04,2295.81,2297.79,158.510796
2026-04-19 19:39:00,2297.57,2299.67,2297.04,2299.54,195.496413
2026-04-19 19:42:00,2299.15,2299.67,2296.96,2296.96,166.729579
2026-04-19 19:45:00,2296.97,2299.88,2296.87,2299.53,131.161441
2026-04-19 19:48:00,2299.69,2299.75,2298.21,2299.4,119.661906
2026-04-19 19:51:00,2299.29,2299.9,2297.53,2299.4,200.147767
2026-04-19 19:54:00,2299.4,2300.0,2297.63,2300.0,213.417437
2026-04-19 19:57:00,2300.0,2300.72,2298.66,2299.82,264.134632
2026-04-19 20:00:00,2299.78,2300.4,2292.51,2293.19,475.342236
2026-04-19 20:03:00,2293.18,2294.09,2290.22,2291.81,957.199946
2026-04-19 20:06:00,2291.9,2294.35,2291.44,2292.5,218.503063
2026-04-19 20:09:00,2292.47,2296.05,2292.47,2295.72,231.157743
2026-04-19 20:12:00,2295.91,2295.92,2292.24,2294.94,249.161559
2026-04-19 20:15:00,2294.93,2294.94,2291.01,2292.11,247.838442
2026-04-19 20:18:00,2292.36,2292.74,2289.51,2290.85,244.421577
2026-04-19 20:21:00,2290.86,2291.8,2288.57,2290.39,311.9678
2026-04-19 20:24:00,2290.28,2292.1,2289.52,2292.1,172.640471
2026-04-19 20:27:00,2292.09,2293.4,2291.71,2292.43,129.43819
2026-04-19 20:30:00,2292.43,2296.49,2291.35,2294.76,159.416946
2026-04-19 20:33:00,2294.63,2297.22,2294.31,2296.73,260.329995
2026-04-19 20:36:00,2296.58,2296.58,2294.09,2294.6,203.384204
2026-04-19 20:39:00,2294.6,2294.6,2285.36,2287.19,1037.531221
2026-04-19 20:42:00,2287.21,2288.13,2278.0,2281.88,2001.558739
2026-04-19 20:45:00,2281.97,2285.17,2280.06,2280.21,879.135392
2026-04-19 20:48:00,2280.19,2281.99,2273.18,2281.04,1887.726967
2026-04-19 20:51:00,2280.96,2285.57,2280.81,2284.66,412.195501
2026-04-19 20:54:00,2284.74,2285.74,2281.8,2282.52,103.573725
2026-04-19 20:57:00,2282.52,2283.99,2280.06,2280.72,41.677896
2026-04-19 21:00:00,2280.43,2283.83,2279.15,2282.11,532.71894
2026-04-19 21:03:00,2282.01,2282.97,2280.02,2282.97,97.082632
2026-04-19 21:06:00,2282.73,2284.2,2281.64,2283.22,103.412734
2026-04-19 21:09:00,2283.14,2284.95,2281.66,2281.66,82.802525
2026-04-19 21:12:00,2281.92,2286.8,2281.91,2285.73,1138.361932
2026-04-19 21:15:00,2285.73,2285.73,2281.71,2281.71,131.032618
2026-04-19 21:18:00,2281.71,2282.73,2279.71,2282.57,70.824369
2026-04-19 21:21:00,2282.57,2284.28,2282.52,2283.02,34.940398
2026-04-19 21:24:00,2283.02,2286.28,2283.02,2285.6,88.083659
2026-04-19 21:27:00,2285.57,2287.69,2285.01,2286.64,115.893854
2026-04-19 21:30:00,2286.63,2289.0,2286.4,2286.78,118.931182
2026-04-19 21:33:00,2286.59,2287.76,2285.82,2287.24,34.355611
2026-04-19 21:36:00,2287.25,2290.47,2287.25,2289.69,110.757766
2026-04-19 21:39:00,2289.7,2290.22,2287.93,2289.51,31.037409
2026-04-19 21:42:00,2289.5,2290.0,2287.62,2287.91,67.434712
2026-04-19 21:45:00,2287.8,2291.01,2287.62,2288.82,436.460384
2026-04-19 21:48:00,2288.86,2288.86,2282.49,2283.3,107.300201
2026-04-19 21:51:00,2283.31,2283.9,2275.51,2279.19,453.578244
2026-04-19 21:54:00,2279.07,2279.64,2275.19,2279.64,152.383426
2026-04-19 21:57:00,2279.2,2279.88,2275.19,2276.37,81.355412
2026-04-19 22:00:00,2276.0,2277.46,2252.05,2258.19,7056.403094
2026-04-19 22:03:00,2258.0,2264.99,2255.81,2261.4,790.933073
2026-04-19 22:06:00,2261.6,2271.19,2261.6,2267.18,858.568108
2026-04-19 22:09:00,2267.35,2269.39,2261.3,2261.85,618.145955
2026-04-19 22:12:00,2261.64,2265.68,2260.05,2260.45,317.43265
2026-04-19 22:15:00,2260.45,2260.74,2252.94,2259.82,1287.096629
2026-04-19 22:18:00,2259.68,2262.47,2255.44,2257.23,323.899549
2026-04-19 22:21:00,2257.07,2258.94,2254.51,2255.6,513.792579
2026-04-19 22:24:00,2255.87,2262.0,2255.87,2260.73,115.818886
2026-04-19 22:27:00,2260.73,2266.59,2260.72,2263.51,228.79937
2026-04-19 22:30:00,2263.5,2269.79,2262.62,2269.79,187.48289
2026-04-19 22:33:00,2269.8,2270.99,2264.05,2269.02,521.881515
2026-04-19 22:36:00,2269.03,2273.0,2268.59,2272.25,640.657052
2026-04-19 22:39:00,2272.26,2272.77,2270.11,2271.73,206.864114
2026-04-19 22:42:00,2271.73,2275.16,2270.75,2273.84,589.497364
2026-04-19 22:45:00,2273.75,2275.73,2271.12,2271.19,631.336849
2026-04-19 22:48:00,2271.2,2273.01,2270.48,2272.92,146.076923
2026-04-19 22:51:00,2272.92,2275.67,2272.65,2273.52,248.620059
2026-04-19 22:54:00,2273.35,2276.12,2272.66,2273.76,112.661267
2026-04-19 22:57:00,2273.56,2274.8,2270.0,2270.27,117.818725
2026-04-19 23:00:00,2270.18,2270.18,2261.09,2261.52,484.822903
2026-04-19 23:03:00,2261.42,2264.09,2260.51,2263.04,229.776242
2026-04-19 23:06:00,2262.99,2264.34,2260.69,2263.99,157.02196
2026-04-19 23:09:00,2264.15,2264.21,2260.56,2263.6,279.996051
2026-04-19 23:12:00,2263.61,2265.28,2262.04,2265.19,153.211992
2026-04-19 23:15:00,2265.19,2265.19,2256.57,2261.61,460.556122
2026-04-19 23:18:00,2261.82,2265.97,2261.82,2265.17,388.445368
2026-04-19 23:21:00,2265.17,2266.24,2261.85,2265.42,201.424187
2026-04-19 23:24:00,2265.42,2266.0,2262.55,2265.12,213.683492
2026-04-19 23:27:00,2265.14,2265.67,2263.62,2264.69,252.141362
2026-04-19 23:30:00,2264.7,2266.51,2262.83,2263.61,195.400722
2026-04-19 23:33:00,2263.59,2265.68,2262.99,2265.68,81.738194
2026-04-19 23:36:00,2265.68,2269.22,2265.68,2265.81,119.689361
2026-04-19 23:39:00,2265.81,2268.46,2265.81,2267.17,131.426065
2026-04-19 23:42:00,2267.29,2268.69,2265.61,2267.83,91.014479
2026-04-19 23:45:00,2267.85,2267.85,2264.6,2265.75,62.789127
2026-04-19 23:48:00,2265.75,2267.74,2265.35,2266.91,121.118353
2026-04-19 23:51:00,2266.91,2271.1,2266.16,2266.16,274.821764
2026-04-19 23:54:00,2266.12,2267.6,2264.46,2264.65,89.604238
2026-04-19 23:57:00,2264.84,2265.25,2262.55,2263.6,47.204315
2026-04-20 00:00:00,2263.62,2266.69,2259.79,2266.68,387.658492
2026-04-20 00:03:00,2266.69,2275.8,2266.27,2268.52,646.933867
2026-04-20 00:06:00,2268.95,2271.2,2267.9,2269.66,231.572581
2026-04-20 00:09:00,2269.66,2272.01,2268.54,2271.85,157.240618
2026-04-20 00:12:00,2271.5,2272.3,2269.32,2269.32,78.325005
2026-04-20 00:15:00,2269.21,2275.42,2269.21,2273.88,340.293829
2026-04-20 00:18:00,2273.65,2274.98,2271.38,2272.17,107.99246
2026-04-20 00:21:00,2272.2,2277.16,2271.2,2275.4,424.036584
2026-04-20 00:24:00,2275.1,2277.96,2274.36,2274.46,399.694357
2026-04-20 00:27:00,2274.46,2278.07,2273.89,2276.47,331.020011
2026-04-20 00:30:00,2276.48,2279.41,2275.01,2278.07,189.153121
2026-04-20 00:33:00,2278.08,2279.58,2277.36,2277.36,462.820383
2026-04-20 00:36:00,2277.36,2277.36,2273.94,2276.1,130.73272
2026-04-20 00:39:00,2276.0,2276.93,2274.72,2276.17,58.445294
2026-04-20 00:42:00,2276.17,2278.0,2275.05,2275.87,83.782897
2026-04-20 00:45:00,2275.87,2277.14,2275.0,2276.82,43.071011
2026-04-20 00:48:00,2276.81,2281.24,2276.68,2281.24,154.651196
2026-04-20 00:51:00,2281.13,2283.19,2280.36,2283.02,178.458055
2026-04-20 00:54:00,2283.01,2283.01,2280.08,2280.52,146.099345
2026-04-20 00:57:00,2280.66,2283.0,2279.65,2279.83,104.137852
2026-04-20 01:00:00,2279.73,2283.25,2279.23,2283.0,43.194877
2026-04-20 01:03:00,2283.0,2283.33,2280.21,2281.14,131.015414
2026-04-20 01:06:00,2281.06,2284.51,2278.93,2284.28,196.846172
2026-04-20 01:09:00,2284.28,2285.15,2280.81,2283.53,157.834922
2026-04-20 01:12:00,2283.39,2284.93,2282.76,2284.93,119.337027
2026-04-20 01:15:00,2284.93,2285.0,2281.48,2281.56,75.198566
2026-04-20 01:18:00,2281.55,2282.6,2280.0,2280.01,260.60513
2026-04-20 01:21:00,2280.01,2280.01,2278.3,2278.34,102.449278
2026-04-20 01:24:00,2278.32,2280.41,2278.32,2280.33,30.836523
2026-04-20 01:27:00,2280.22,2281.02,2279.61,2280.95,45.238746
2026-04-20 01:30:00,2280.96,2292.98,2280.96,2291.52,519.319907
2026-04-20 01:33:00,2291.53,2294.43,2288.41,2290.54,529.057722
2026-04-20 01:36:00,2290.54,2291.49,2289.14,2290.31,523.479337
2026-04-20 01:39:00,2290.31,2293.2,2289.13,2292.8,204.111982
2026-04-20 01:42:00,2292.88,2293.2,2290.3,2291.79,769.842871
2026-04-20 01:45:00,2291.79,2292.97,2290.5,2290.5,825.498238
2026-04-20 01:48:00,2290.51,2291.98,2290.42,2290.51,99.013668
2026-04-20 01:51:00,2290.43,2291.8,2289.32,2290.84,347.239284
2026-04-20 01:54:00,2290.84,2291.52,2288.0,2288.46,453.384698
2026-04-20 01:57:00,2288.07,2288.07,2285.54,2286.14,156.842401
2026-04-20 02:00:00,2286.16,2287.04,2281.93,2284.35,150.477622
2026-04-20 02:03:00,2284.24,2286.87,2283.33,2283.44,290.742178
2026-04-20 02:06:00,2283.55,2283.79,2281.92,2283.79,126.317058
2026-04-20 02:09:00,2283.61,2284.36,2280.92,2281.05,38.683455
2026-04-20 02:12:00,2281.05,2281.05,2272.63,2275.62,542.863106
2026-04-20 02:15:00,2275.62,2278.62,2272.0,2278.62,179.486909
2026-04-20 02:18:00,2278.56,2279.27,2275.69,2277.79,142.224022
2026-04-20 02:21:00,2277.79,2277.96,2275.14,2277.94,170.364925
2026-04-20 02:24:00,2277.95,2279.0,2276.42,2276.74,177.346286
2026-04-20 02:27:00,2276.74,2279.05,2276.44,2277.54,163.537636
2026-04-20 02:30:00,2277.55,2279.28,2277.25,2277.26,40.782629
2026-04-20 02:33:00,2277.25,2278.05,2275.89,2277.8,78.173533
2026-04-20 02:36:00,2277.8,2279.47,2277.38,2277.71,73.859983
2026-04-20 02:39:00,2277.71,2278.48,2276.93,2277.0,78.107712
2026-04-20 02:42:00,2277.0,2278.9,2275.79,2278.89,101.443181
2026-04-20 02:45:00,2278.89,2278.89,2276.1,2276.1,55.12501
2026-04-20 02:48:00,2276.18,2281.35,2276.18,2280.36,429.564363
2026-04-20 02:51:00,2280.36,2280.83,2279.1,2279.11,54.384157
2026-04-20 02:54:00,2279.1,2280.43,2278.0,2278.22,38.461194
2026-04-20 02:57:00,2278.08,2279.6,2277.55,2277.56,41.567616
2026-04-20 03:00:00,2277.6,2278.54,2276.22,2277.66,66.327968
2026-04-20 03:03:00,2277.66,2277.84,2276.25,2276.41,53.686604
2026-04-20 03:06:00,2276.41,2277.73,2276.18,2277.52,47.834047
2026-04-20 03:09:00,2277.53,2279.98,2277.5,2279.15,72.392959
2026-04-20 03:12:00,2279.15,2282.14,2279.15,2282.14,81.25887
2026-04-20 03:15:00,2282.13,2283.74,2279.32,2279.32,109.985834
2026-04-20 03:18:00,2279.33,2281.58,2278.75,2281.46,104.758176
2026-04-20 03:21:00,2281.47,2283.17,2280.04,2280.81,99.386731
2026-04-20 03:24:00,2280.81,2282.48,2280.8,2281.27,29.036916
2026-04-20 03:27:00,2281.28,2281.49,2280.06,2280.3,28.007313
2026-04-20 03:30:00,2280.31,2281.21,2279.15,2279.9,55.492311
2026-04-20 03:33:00,2279.91,2281.77,2279.11,2280.29,196.446138
2026-04-20 03:36:00,2280.3,2280.74,2279.53,2280.25,34.027767
2026-04-20 03:39:00,2280.25,2281.53,2280.25,2281.03,33.90666
2026-04-20 03:42:00,2281.03,2282.27,2280.99,2281.56,65.793466
2026-04-20 03:45:00,2281.56,2281.92,2280.21,2280.56,39.347928
2026-04-20 03:48:00,2280.56,2282.02,2280.56,2281.45,40.027882
2026-04-20 03:51:00,2281.41,2283.75,2280.55,2283.31,76.415755
2026-04-20 03:54:00,2283.3,2288.76,2283.3,2287.03,407.178377
2026-04-20 03:57:00,2287.03,2287.67,2286.27,2286.28,99.868998
2026-04-20 04:00:00,2286.27,2286.28,2284.03,2284.03,84.836539
2026-04-20 04:03:00,2283.98,2285.57,2282.0,2282.08,81.322519
2026-04-20 04:06:00,2282.08,2283.97,2282.06,2283.59,79.397735
2026-04-20 04:09:00,2283.6,2284.91,2283.21,2283.21,72.345446
2026-04-20 04:12:00,2283.21,2284.59,2283.15,2283.15,58.010855
2026-04-20 04:15:00,2283.16,2284.82,2283.16,2283.39,42.800881
2026-04-20 04:18:00,2283.4,2284.08,2280.23,2280.42,83.066538
2026-04-20 04:21:00,2280.42,2281.1,2280.0,2281.09,84.466507
2026-04-20 04:24:00,2281.09,2282.38,2280.83,2282.09,74.324331
2026-04-20 04:27:00,2282.1,2282.23,2281.76,2281.91,21.570803
2026-04-20 04:30:00,2281.92,2281.92,2280.0,2280.2,66.523497
2026-04-20 04:33:00,2280.2,2281.29,2280.0,2280.03,45.883001
2026-04-20 04:36:00,2280.02,2280.25,2279.5,2279.91,45.758683
2026-04-20 04:39:00,2279.91,2280.31,2279.41,2279.41,213.63131
2026-04-20 04:42:00,2279.41,2280.0,2278.76,2279.81,183.317014
2026-04-20 04:45:00,2279.8,2284.71,2279.8,2283.49,59.28616
2026-04-20 04:48:00,2283.5,2284.66,2282.0,2284.18,46.66555
2026-04-20 04:51:00,2284.19,2285.0,2282.72,2285.0,61.24634
2026-04-20 04:54:00,2285.0,2285.32,2282.46,2283.16,51.551332
2026-04-20 04:57:00,2283.16,2283.8,2282.93,2283.54,45.989444
2026-04-20 05:00:00,2283.53,2283.54,2279.85,2279.85,53.542675
2026-04-20 05:03:00,2279.85,2279.92,2278.33,2278.65,43.143633
2026-04-20 05:06:00,2278.65,2278.65,2273.51,2273.77,289.268424
2026-04-20 05:09:00,2273.61,2274.19,2269.27,2270.96,468.907752
2026-04-20 05:12:00,2270.82,2273.51,2269.24,2273.21,117.135993
2026-04-20 05:15:00,2273.09,2273.09,2269.9,2270.25,166.952727
2026-04-20 05:18:00,2270.26,2270.59,2266.52,2266.71,294.914983
2026-04-20 05:21:00,2266.7,2269.12,2266.69,2267.31,163.208896
2026-04-20 05:24:00,2267.31,2267.74,2264.5,2265.75,197.169315
2026-04-20 05:27:00,2265.76,2267.33,2265.0,2266.03,102.728899
2026-04-20 05:30:00,2265.87,2268.29,2264.78,2268.04,130.264358
2026-04-20 05:33:00,2267.97,2268.7,2266.33,2268.45,42.934765
2026-04-20 05:36:00,2268.46,2269.59,2266.26,2266.35,78.000937
2026-04-20 05:39:00,2266.27,2267.21,2266.07,2266.66,51.742709
2026-04-20 05:42:00,2266.84,2268.38,2264.51,2264.51,134.366071
2026-04-20 05:45:00,2264.5,2267.29,2263.08,2267.29,75.104701
2026-04-20 05:48:00,2267.08,2269.73,2266.8,2269.04,114.641585
2026-04-20 05:51:00,2269.03,2269.4,2267.73,2269.31,49.157631
2026-04-20 05:54:00,2269.4,2272.34,2269.4,2271.56,65.970121
2026-04-20 05:57:00,2271.56,2271.56,2269.81,2270.32,28.720822
2026-04-20 06:00:00,2270.33,2273.88,2270.32,2273.0,107.500068
2026-04-20 06:03:00,2273.02,2276.38,2272.9,2274.8,159.951487
2026-04-20 06:06:00,2274.81,2275.31,2273.31,2273.79,49.705044
2026-04-20 06:09:00,2273.79,2274.35,2270.51,2270.84,96.039743
2026-04-20 06:12:00,2270.88,2272.01,2270.5,2270.93,31.291044
2026-04-20 06:15:00,2270.93,2271.03,2268.81,2271.03,116.563858
2026-04-20 06:18:00,2271.07,2274.11,2271.07,2273.47,21.537009
2026-04-20 06:21:00,2273.47,2273.69,2272.29,2272.38,30.844693
2026-04-20 06:24:00,2272.45,2274.67,2272.45,2274.67,84.286908
2026-04-20 06:27:00,2274.67,2275.6,2274.05,2274.48,30.97235
2026-04-20 06:30:00,2274.8,2278.49,2274.8,2278.49,157.850249
2026-04-20 06:33:00,2278.49,2280.35,2278.26,2279.49,179.739315
2026-04-20 06:36:00,2279.49,2279.6,2277.34,2277.64,81.325373
2026-04-20 06:39:00,2277.9,2289.19,2277.42,2284.81,885.342499
2026-04-20 06:42:00,2284.82,2287.14,2282.33,2284.67,118.75403
2026-04-20 06:45:00,2284.66,2286.08,2282.02,2285.66,79.516715
2026-04-20 06:48:00,2285.66,2286.75,2282.17,2282.17,54.008366
2026-04-20 06:51:00,2282.17,2283.49,2281.29,2283.29,98.005663
2026-04-20 06:54:00,2283.3,2286.14,2280.71,2285.0,157.892892
2026-04-20 06:57:00,2284.74,2287.49,2283.52,2285.94,102.438622
2026-04-20 07:00:00,2285.95,2288.79,2285.26,2287.13,133.10602
2026-04-20 07:03:00,2287.05,2288.9,2284.87,2284.91,107.711106
2026-04-20 07:06:00,2285.09,2286.36,2283.01,2285.54,62.004249
2026-04-20 07:09:00,2285.53,2286.96,2285.0,2286.61,18.615348
2026-04-20 07:12:00,2286.6,2288.71,2286.18,2287.13,163.168867
2026-04-20 07:15:00,2287.12,2288.56,2285.03,2288.56,109.460473
2026-04-20 07:18:00,2288.55,2297.42,2287.4,2295.19,758.791597
2026-04-20 07:21:00,2295.2,2325.0,2294.69,2321.48,3164.679888
2026-04-20 07:24:00,2321.31,2332.55,2313.29,2313.32,1798.566956
2026-04-20 07:27:00,2313.67,2318.94,2311.59,2314.86,371.144524
2026-04-20 07:30:00,2314.7,2317.17,2302.31,2309.62,1126.607683
2026-04-20 07:33:00,2309.62,2309.62,2302.35,2303.79,375.392985
2026-04-20 07:36:00,2303.78,2303.94,2294.9,2299.24,852.698995
2026-04-20 07:39:00,2299.24,2300.92,2298.05,2298.09,295.187428
2026-04-20 07:42:00,2298.09,2300.0,2296.73,2297.79,317.569588
2026-04-20 07:45:00,2297.78,2302.37,2295.01,2300.99,258.893197
2026-04-20 07:48:00,2300.94,2302.08,2288.24,2292.2,916.65163
2026-04-20 07:51:00,2292.49,2293.87,2289.15,2289.64,334.6182
2026-04-20 07:54:00,2289.61,2294.32,2286.25,2294.03,255.548242
2026-04-20 07:57:00,2294.02,2298.54,2293.63,2298.13,244.38961
2026-04-20 08:00:00,2298.24,2298.57,2292.85,2293.24,187.824807
2026-04-20 08:03:00,2293.4,2294.67,2291.1,2293.15,170.637951
2026-04-20 08:06:00,2293.14,2295.52,2291.77,2293.65,280.833223
2026-04-20 08:09:00,2293.74,2296.78,2292.61,2296.26,134.555184
2026-04-20 08:12:00,2296.26,2301.59,2295.65,2300.02,300.340228
2026-04-20 08:15:00,2300.03,2303.09,2299.71,2302.97,112.819478
2026-04-20 08:18:00,2302.98,2308.13,2302.8,2305.08,247.151879
2026-04-20 08:21:00,2304.87,2307.35,2301.22,2301.44,288.451104
2026-04-20 08:24:00,2301.72,2302.69,2293.4,2294.84,256.682203
2026-04-20 08:27:00,2294.84,2299.39,2294.41,2299.39,50.201466
2026-04-20 08:30:00,2299.39,2300.84,2296.03,2300.84,157.863197
2026-04-20 08:33:00,2300.84,2300.84,2295.94,2297.36,110.13428
2026-04-20 08:36:00,2297.36,2298.06,2295.0,2295.0,325.130176
2026-04-20 08:39:00,2294.91,2295.14,2293.09,2294.33,83.759557
2026-04-20 08:42:00,2294.39,2296.1,2294.1,2295.37,54.300239
2026-04-20 08:45:00,2295.41,2296.68,2292.5,2294.39,221.713042
2026-04-20 08:48:00,2294.47,2296.0,2293.32,2294.33,127.569624
2026-04-20 08:51:00,2294.31,2294.31,2289.93,2292.44,131.281987
2026-04-20 08:54:00,2292.34,2294.22,2291.48,2292.81,38.125467
2026-04-20 08:57:00,2292.97,2295.11,2292.97,2294.04,30.319056
2026-04-20 09:00:00,2294.05,2295.77,2293.26,2294.1,31.847493
2026-04-20 09:03:00,2294.02,2296.62,2293.2,2296.62,47.699369
2026-04-20 09:06:00,2296.66,2306.25,2296.66,2302.0,522.738221
2026-04-20 09:09:00,2301.8,2302.81,2298.71,2300.0,107.738897
2026-04-20 09:12:00,2300.0,2305.78,2300.0,2303.61,157.819883
2026-04-20 09:15:00,2303.61,2305.4,2302.56,2305.4,287.251946
2026-04-20 09:18:00,2305.44,2306.49,2303.12,2304.71,118.525492
2026-04-20 09:21:00,2304.71,2307.22,2302.05,2304.19,144.316814
2026-04-20 09:24:00,2304.2,2306.22,2303.46,2306.22,79.132122
2026-04-20 09:27:00,2306.21,2306.4,2303.54,2304.61,27.14408
2026-04-20 09:30:00,2304.6,2306.25,2304.04,2305.11,44.868154
2026-04-20 09:33:00,2305.11,2305.81,2303.66,2305.11,69.503409
2026-04-20 09:36:00,2305.18,2312.19,2304.84,2311.43,282.835476
2026-04-20 09:39:00,2311.4,2312.6,2308.75,2312.6,135.095248
2026-04-20 09:42:00,2312.6,2314.45,2310.82,2311.04,114.237227
2026-04-20 09:45:00,2311.05,2313.27,2310.14,2312.63,71.796739
2026-04-20 09:48:00,2312.72,2313.17,2309.41,2310.42,206.525274
2026-04-20 09:51:00,2310.44,2310.44,2307.54,2308.68,285.382291
2026-04-20 09:54:00,2308.69,2312.42,2308.69,2311.85,89.02005
2026-04-20 09:57:00,2311.86,2312.07,2306.38,2308.97,176.122325
2026-04-20 10:00:00,2308.97,2312.59,2308.16,2312.59,74.859761
2026-04-20 10:03:00,2312.6,2315.0,2312.46,2314.75,73.999097
2026-04-20 10:06:00,2314.78,2315.95,2312.72,2313.84,443.096906
2026-04-20 10:09:00,2313.9,2318.32,2313.9,2317.12,244.570123
2026-04-20 10:12:00,2317.0,2317.1,2314.42,2315.68,185.567919
2026-04-20 10:15:00,2315.65,2319.39,2315.0,2318.88,103.717479
2026-04-20 10:18:00,2318.62,2320.0,2315.94,2315.94,205.698166
2026-04-20 10:21:00,2315.95,2317.99,2315.01,2315.16,69.846444
2026-04-20 10:24:00,2315.11,2316.48,2315.0,2315.35,30.945313
2026-04-20 10:27:00,2315.36,2316.06,2314.4,2315.37,77.467133
2026-04-20 10:30:00,2315.37,2315.37,2309.52,2309.66,274.220083
2026-04-20 10:33:00,2309.65,2310.41,2306.84,2307.09,229.293971
2026-04-20 10:36:00,2307.13,2309.37,2307.13,2307.51,187.138071
2026-04-20 10:39:00,2307.6,2309.23,2307.25,2307.8,19.882847
2026-04-20 10:42:00,2307.87,2309.51,2307.53,2308.71,40.537491
2026-04-20 10:45:00,2308.71,2309.68,2307.6,2309.3,50.259748
2026-04-20 10:48:00,2309.12,2309.25,2307.2,2308.87,94.367413
2026-04-20 10:51:00,2308.87,2309.08,2306.79,2307.2,30.18413
2026-04-20 10:54:00,2307.2,2308.22,2304.5,2305.04,159.739804
2026-04-20 10:57:00,2305.09,2305.09,2303.2,2303.28,118.058537
2026-04-20 11:00:00,2303.28,2304.82,2299.28,2304.8,473.739049
2026-04-20 11:03:00,2304.79,2306.39,2303.21,2305.4,184.400612
2026-04-20 11:06:00,2305.41,2307.95,2305.41,2307.47,64.107135
2026-04-20 11:09:00,2307.47,2307.96,2304.88,2305.04,49.294809
2026-04-20 11:12:00,2305.01,2309.09,2305.01,2309.09,99.7079
2026-04-20 11:15:00,2309.09,2311.52,2309.09,2309.39,89.099013
2026-04-20 11:18:00,2309.38,2309.88,2304.87,2304.88,65.498215
2026-04-20 11:21:00,2304.87,2306.39,2303.61,2305.71,97.819685
2026-04-20 11:24:00,2305.71,2309.32,2305.71,2307.97,111.600362
2026-04-20 11:27:00,2307.97,2308.67,2306.22,2306.36,43.252247
2026-04-20 11:30:00,2306.36,2306.8,2302.4,2304.29,145.599246
2026-04-20 11:33:00,2304.2,2308.91,2304.2,2306.71,73.529937
2026-04-20 11:36:00,2306.7,2309.21,2305.08,2308.45,59.876508
2026-04-20 11:39:00,2308.44,2309.56,2307.5,2308.28,50.808268
2026-04-20 11:42:00,2308.22,2309.24,2307.04,2307.92,36.310567
2026-04-20 11:45:00,2308.06,2312.27,2307.96,2311.2,364.525138
2026-04-20 11:48:00,2311.19,2311.55,2309.01,2310.2,43.386486
2026-04-20 11:51:00,2310.18,2310.18,2306.99,2308.76,75.937976
2026-04-20 11:54:00,2308.76,2310.88,2308.14,2309.22,31.893893
2026-04-20 11:57:00,2309.21,2309.21,2307.51,2308.23,30.427003
2026-04-20 12:00:00,2308.23,2308.33,2304.5,2306.35,142.190044
2026-04-20 12:03:00,2306.23,2310.8,2304.53,2310.8,105.745009
2026-04-20 12:06:00,2310.81,2313.02,2310.2,2311.25,84.015588
2026-04-20 12:09:00,2311.25,2314.15,2311.25,2311.66,112.428312
2026-04-20 12:12:00,2311.64,2314.18,2311.64,2312.48,92.136223
2026-04-20 12:15:00,2312.47,2315.67,2310.01,2314.88,89.586848
2026-04-20 12:18:00,2314.74,2323.32,2314.12,2320.55,356.34938
2026-04-20 12:21:00,2320.56,2321.79,2315.0,2315.23,432.062002
2026-04-20 12:24:00,2315.51,2318.44,2314.73,2315.37,985.128547
2026-04-20 12:27:00,2315.37,2316.54,2314.51,2315.48,33.696556
2026-04-20 12:30:00,2315.49,2318.31,2314.57,2316.21,111.628903
2026-04-20 12:33:00,2316.14,2316.34,2314.11,2316.03,50.7123
2026-04-20 12:36:00,2316.03,2316.2,2307.7,2308.51,285.078515
2026-04-20 12:39:00,2308.71,2313.13,2306.45,2309.58,435.309086
2026-04-20 12:42:00,2309.58,2312.0,2308.6,2311.45,176.223749
2026-04-20 12:45:00,2311.56,2314.67,2311.56,2313.92,91.376091
2026-04-20 12:48:00,2313.93,2317.0,2313.5,2317.0,81.872399
2026-04-20 12:51:00,2317.0,2317.68,2313.94,2316.96,131.042512
2026-04-20 12:54:00,2316.93,2317.72,2315.36,2316.02,86.71488
2026-04-20 12:57:00,2316.02,2319.65,2316.02,2318.86,164.61492
2026-04-20 13:00:00,2318.86,2319.82,2315.0,2315.0,262.529641
2026-04-20 13:03:00,2315.0,2316.77,2313.51,2316.55,181.676819
2026-04-20 13:06:00,2316.5,2326.72,2314.64,2322.02,1021.325023
2026-04-20 13:09:00,2321.81,2325.97,2319.33,2321.78,317.940385
2026-04-20 13:12:00,2321.68,2321.96,2318.01,2319.42,101.099478
2026-04-20 13:15:00,2319.42,2321.69,2314.82,2315.29,102.375295
2026-04-20 13:18:00,2315.2,2315.29,2312.61,2314.68,175.99807
2026-04-20 13:21:00,2314.68,2315.98,2312.98,2314.65,189.942972
2026-04-20 13:24:00,2314.63,2314.63,2310.12,2311.62,134.687437
2026-04-20 13:27:00,2311.69,2316.66,2311.69,2316.66,87.327718
2026-04-20 13:30:00,2316.66,2318.0,2301.82,2311.61,826.289368
2026-04-20 13:33:00,2311.64,2317.08,2310.0,2315.88,1906.478289
2026-04-20 13:36:00,2315.68,2319.2,2312.83,2314.2,469.618189
2026-04-20 13:39:00,2314.35,2315.44,2309.5,2313.2,164.749804
2026-04-20 13:42:00,2313.09,2314.06,2309.17,2312.6,93.150756
2026-04-20 13:45:00,2312.52,2316.98,2311.1,2313.91,218.393472
2026-04-20 13:48:00,2313.9,2313.9,2303.55,2305.01,447.498393
2026-04-20 13:51:00,2305.01,2307.2,2302.19,2304.86,208.789342
2026-04-20 13:54:00,2304.86,2313.19,2304.46,2312.47,159.880025
2026-04-20 13:57:00,2312.47,2315.8,2309.66,2310.81,458.986343
2026-04-20 14:00:00,2310.8,2310.86,2302.87,2305.63,303.604813
2026-04-20 14:03:00,2305.69,2309.69,2303.29,2308.97,179.375642
2026-04-20 14:06:00,2309.14,2310.8,2297.1,2298.13,1136.45569
2026-04-20 14:09:00,2298.13,2304.99,2297.05,2299.15,309.123463
2026-04-20 14:12:00,2299.35,2301.4,2297.03,2300.35,282.339116
2026-04-20 14:15:00,2300.24,2308.21,2298.53,2304.38,326.57275
2026-04-20 14:18:00,2304.39,2314.5,2302.93,2312.31,918.650514
2026-04-20 14:21:00,2312.22,2318.94,2311.6,2315.08,511.687199
2026-04-20 14:24:00,2314.88,2322.1,2312.6,2317.41,385.473025
2026-04-20 14:27:00,2317.71,2318.39,2307.7,2311.05,193.875233
2026-04-20 14:30:00,2310.89,2314.63,2309.18,2313.35,177.951924
2026-04-20 14:33:00,2312.91,2313.52,2307.14,2307.88,183.647832
2026-04-20 14:36:00,2307.93,2310.6,2306.5,2307.68,122.522564
2026-04-20 14:39:00,2307.67,2308.22,2295.5,2297.16,666.278841
2026-04-20 14:42:00,2297.17,2304.0,2297.03,2302.86,125.462496
2026-04-20 14:45:00,2302.69,2305.42,2301.21,2302.19,279.104626
2026-04-20 14:48:00,2302.26,2307.69,2299.11,2304.58,159.253171
2026-04-20 14:51:00,2304.3,2304.3,2290.43,2295.62,2285.300088
2026-04-20 14:54:00,2295.39,2295.81,2282.86,2284.94,1370.151813
2026-04-20 14:57:00,2284.72,2290.88,2284.72,2290.84,1502.230052
2026-04-20 15:00:00,2290.84,2293.68,2287.53,2290.0,468.259954
2026-04-20 15:03:00,2290.0,2290.0,2275.0,2284.06,1631.625139
2026-04-20 15:06:00,2284.11,2285.96,2278.44,2285.5,680.623594
2026-04-20 15:09:00,2285.29,2294.42,2283.95,2292.8,402.387948
2026-04-20 15:12:00,2292.8,2293.34,2286.2,2292.71,1059.650905
2026-04-20 15:15:00,2292.71,2297.38,2292.2,2296.27,325.611894
2026-04-20 15:18:00,2296.14,2299.23,2295.41,2296.06,233.614469
2026-04-20 15:21:00,2296.16,2313.45,2295.61,2308.99,2033.585366
2026-04-20 15:24:00,2309.16,2316.4,2308.15,2313.61,734.303715
2026-04-20 15:27:00,2313.2,2319.22,2312.07,2317.65,441.217925
2026-04-20 15:30:00,2317.4,2317.4,2309.09,2309.56,411.269157
2026-04-20 15:33:00,2309.53,2312.83,2306.67,2312.49,561.100379
2026-04-20 15:36:00,2312.45,2312.45,2308.01,2310.92,146.597977
2026-04-20 15:39:00,2310.85,2313.12,2308.15,2310.93,55.711526
2026-04-20 15:42:00,2310.8,2310.8,2307.09,2307.76,112.325062
2026-04-20 15:45:00,2307.68,2311.73,2305.55,2310.21,353.230078
2026-04-20 15:48:00,2310.32,2312.3,2306.1,2307.79,83.562568
2026-04-20 15:51:00,2307.8,2310.44,2306.16,2308.59,156.999486
2026-04-20 15:54:00,2308.63,2312.49,2308.63,2309.67,54.169528
2026-04-20 15:57:00,2309.96,2314.28,2309.5,2313.85,249.191784
2026-04-20 16:00:00,2314.02,2314.69,2308.17,2310.96,123.037582
2026-04-20 16:03:00,2311.04,2311.04,2307.2,2308.6,101.257843
2026-04-20 16:06:00,2308.6,2310.77,2306.21,2307.12,172.756663
2026-04-20 16:09:00,2307.11,2309.99,2306.56,2309.84,167.845194
2026-04-20 16:12:00,2309.94,2310.64,2307.64,2307.71,75.370036
2026-04-20 16:15:00,2307.71,2307.95,2300.02,2304.21,350.363568
2026-04-20 16:18:00,2304.18,2308.48,2302.76,2305.38,68.425066
2026-04-20 16:21:00,2305.38,2307.69,2302.08,2307.21,49.834879
2026-04-20 16:24:00,2307.2,2308.42,2302.45,2303.03,100.628264
2026-04-20 16:27:00,2303.04,2305.75,2303.03,2303.68,125.054264
2026-04-20 16:30:00,2303.69,2305.96,2301.54,2304.9,246.721295
2026-04-20 16:33:00,2304.9,2306.0,2300.28,2300.28,197.341935
2026-04-20 16:36:00,2300.28,2302.51,2300.0,2301.58,42.39143
2026-04-20 16:39:00,2301.85,2308.71,2300.66,2307.51,95.759143
2026-04-20 16:42:00,2307.38,2307.95,2305.27,2306.53,51.213325
2026-04-20 16:45:00,2306.58,2309.13,2305.03,2306.21,66.780818
2026-04-20 16:48:00,2306.31,2306.59,2299.55,2299.56,249.876118
2026-04-20 16:51:00,2299.79,2303.24,2299.63,2300.54,46.489648
2026-04-20 16:54:00,2300.57,2301.84,2299.83,2301.26,86.785528
2026-04-20 16:57:00,2301.4,2301.53,2298.62,2300.01,64.28294
2026-04-20 17:00:00,2300.01,2305.87,2297.81,2303.17,283.853404
2026-04-20 17:03:00,2303.01,2306.39,2301.57,2306.23,155.754589
2026-04-20 17:06:00,2306.2,2312.49,2305.75,2311.53,199.370382
2026-04-20 17:09:00,2311.65,2313.81,2310.11,2313.75,215.882457
2026-04-20 17:12:00,2313.75,2315.41,2312.65,2313.48,108.099832
2026-04-20 17:15:00,2313.35,2314.76,2310.85,2314.76,149.618064
2026-04-20 17:18:00,2314.79,2322.53,2314.79,2315.58,863.533876
2026-04-20 17:21:00,2315.62,2318.08,2314.28,2317.0,129.815594
2026-04-20 17:24:00,2317.06,2317.24,2313.84,2315.28,230.672749
2026-04-20 17:27:00,2315.29,2315.79,2313.33,2314.19,38.141957
2026-04-20 17:30:00,2314.18,2314.85,2308.42,2309.0,233.815707
2026-04-20 17:33:00,2309.02,2313.01,2308.0,2312.02,151.497672
2026-04-20 17:36:00,2311.9,2313.35,2310.74,2313.3,45.172597
2026-04-20 17:39:00,2313.31,2318.72,2313.04,2313.46,216.251833
2026-04-20 17:42:00,2313.48,2317.13,2313.05,2313.05,174.4249
2026-04-20 17:45:00,2313.14,2313.58,2311.03,2312.36,25.721196
2026-04-20 17:48:00,2312.42,2322.07,2312.36,2321.27,380.994695
2026-04-20 17:51:00,2321.28,2321.6,2316.17,2316.26,193.437831
2026-04-20 17:54:00,2316.27,2318.71,2315.62,2318.32,229.482554
2026-04-20 17:57:00,2318.32,2319.28,2316.34,2317.1,66.17605
2026-04-20 18:00:00,2317.11,2326.56,2317.11,2325.7,745.596889
2026-04-20 18:03:00,2325.71,2331.46,2322.94,2328.46,917.764612
2026-04-20 18:06:00,2328.45,2330.12,2325.0,2326.87,236.21385
2026-04-20 18:09:00,2326.86,2332.0,2326.06,2329.89,676.999961
2026-04-20 18:12:00,2329.96,2332.99,2329.39,2331.39,305.026761
2026-04-20 18:15:00,2331.67,2332.3,2329.85,2331.31,166.619252
2026-04-20 18:18:00,2331.31,2335.78,2331.0,2331.01,364.323927
2026-04-20 18:21:00,2331.18,2333.07,2329.94,2331.49,225.934525
2026-04-20 18:24:00,2331.48,2331.68,2327.5,2328.22,360.270989
2026-04-20 18:27:00,2328.31,2330.0,2327.0,2328.47,181.054
2026-04-20 18:30:00,2328.48,2328.98,2325.36,2327.75,105.819913
2026-04-20 18:33:00,2327.68,2331.35,2327.38,2328.83,198.774126
2026-04-20 18:36:00,2328.84,2330.97,2324.5,2324.85,235.728516
2026-04-20 18:39:00,2324.78,2340.53,2324.77,2335.7,1074.467837
2026-04-20 18:42:00,2335.87,2342.0,2333.88,2335.28,598.196924
2026-04-20 18:45:00,2335.27,2335.27,2330.57,2331.0,144.03461
2026-04-20 18:48:00,2330.99,2337.02,2329.34,2335.75,227.666686
2026-04-20 18:51:00,2335.7,2338.24,2334.95,2337.2,472.036386
2026-04-20 18:54:00,2337.31,2344.03,2333.71,2335.33,1491.674846
2026-04-20 18:57:00,2335.33,2335.7,2333.71,2334.53,104.332114
2026-04-20 19:00:00,2334.54,2335.9,2332.36,2333.18,218.911349
2026-04-20 19:03:00,2333.6,2334.63,2330.0,2332.45,208.997235
2026-04-20 19:06:00,2332.59,2335.99,2332.58,2335.82,159.8041
2026-04-20 19:09:00,2335.82,2335.82,2333.22,2334.96,127.989039
2026-04-20 19:12:00,2334.96,2335.72,2332.34,2333.9,147.500767
2026-04-20 19:15:00,2333.69,2333.7,2329.46,2330.37,164.757243
2026-04-20 19:18:00,2330.45,2331.22,2329.2,2329.79,57.299085
2026-04-20 19:21:00,2329.79,2330.58,2327.1,2327.3,228.020316
2026-04-20 19:24:00,2327.3,2328.19,2327.1,2327.77,51.743196
2026-04-20 19:27:00,2327.61,2330.34,2327.13,2329.25,42.455837
2026-04-20 19:30:00,2329.14,2330.39,2327.29,2328.46,73.025338
2026-04-20 19:33:00,2328.46,2329.95,2327.33,2329.57,168.524627
2026-04-20 19:36:00,2329.58,2330.58,2328.55,2328.74,39.312179
2026-04-20 19:39:00,2328.73,2330.31,2328.06,2328.11,93.317861
2026-04-20 19:42:00,2328.39,2329.18,2327.88,2328.47,25.049049
2026-04-20 19:45:00,2328.47,2329.5,2327.19,2329.01,192.145467
2026-04-20 19:48:00,2329.01,2330.22,2327.34,2327.87,171.820898
2026-04-20 19:51:00,2327.86,2329.58,2327.42,2328.9,448.298441
2026-04-20 19:54:00,2328.91,2333.74,2328.91,2333.74,126.186313
2026-04-20 19:57:00,2333.75,2333.75,2331.27,2331.62,103.64576
2026-04-20 20:00:00,2331.65,2333.14,2328.56,2331.38,397.117792
2026-04-20 20:03:00,2331.39,2333.99,2329.66,2329.67,98.904197
2026-04-20 20:06:00,2329.67,2332.93,2329.44,2332.27,270.246679
2026-04-20 20:09:00,2332.14,2332.14,2329.44,2332.13,151.20894
2026-04-20 20:12:00,2332.14,2333.21,2331.7,2331.7,38.054736
2026-04-20 20:15:00,2331.67,2337.15,2330.44,2334.8,697.189368
2026-04-20 20:18:00,2334.8,2338.46,2334.8,2335.04,318.740331
2026-04-20 20:21:00,2334.93,2340.28,2334.83,2335.07,194.548348
2026-04-20 20:24:00,2335.0,2335.54,2333.14,2333.16,106.815481
2026-04-20 20:27:00,2333.17,2334.03,2330.86,2331.11,122.719514
2026-04-20 20:30:00,2331.11,2331.52,2328.71,2329.0,73.384779
2026-04-20 20:33:00,2329.0,2331.53,2328.67,2331.48,88.466107
2026-04-20 20:36:00,2331.52,2331.53,2329.53,2329.53,56.972157
2026-04-20 20:39:00,2329.5,2329.5,2328.01,2328.79,51.399531
2026-04-20 20:42:00,2328.78,2328.82,2327.75,2327.76,91.633296
2026-04-20 20:45:00,2327.75,2331.63,2325.21,2330.21,594.096837
2026-04-20 20:48:00,2330.21,2336.99,2328.77,2335.23,425.15705
2026-04-20 20:51:00,2335.23,2336.62,2333.89,2335.89,155.377137
2026-04-20 20:54:00,2335.87,2337.14,2335.17,2336.81,153.052187
2026-04-20 20:57:00,2336.82,2339.47,2336.82,2337.3,313.338817
2026-04-20 21:00:00,2337.3,2341.42,2335.04,2340.78,248.701186
2026-04-20 21:03:00,2340.77,2344.95,2337.5,2344.31,851.946606
2026-04-20 21:06:00,2344.44,2346.67,2334.11,2334.44,709.975614
2026-04-20 21:09:00,2334.44,2334.61,2322.12,2322.5,947.122973
2026-04-20 21:12:00,2322.5,2325.19,2320.0,2324.91,965.773674
2026-04-20 21:15:00,2324.91,2326.54,2323.68,2324.96,186.076859
2026-04-20 21:18:00,2324.95,2325.08,2315.52,2320.59,766.437367
2026-04-20 21:21:00,2320.59,2321.86,2319.7,2320.81,155.611743
2026-04-20 21:24:00,2320.68,2321.5,2317.49,2318.94,140.135511
2026-04-20 21:27:00,2319.0,2320.54,2319.0,2319.43,73.465345
2026-04-20 21:30:00,2319.42,2319.43,2315.01,2316.79,167.795447
2026-04-20 21:33:00,2316.73,2320.5,2316.72,2319.09,65.978589
2026-04-20 21:36:00,2319.09,2322.17,2317.99,2320.48,147.759505
2026-04-20 21:39:00,2320.46,2320.86,2317.41,2318.17,91.396138
2026-04-20 21:42:00,2318.17,2320.26,2317.16,2317.28,70.185322
2026-04-20 21:45:00,2317.39,2319.99,2316.8,2318.22,133.598022
2026-04-20 21:48:00,2318.23,2319.71,2317.99,2319.59,11.216285
2026-04-20 21:51:00,2319.65,2322.16,2319.46,2321.3,66.130888
2026-04-20 21:54:00,2321.31,2322.11,2320.03,2321.08,42.053518
2026-04-20 21:57:00,2321.05,2322.63,2320.1,2321.45,35.903141
2026-04-20 22:00:00,2321.46,2325.73,2321.46,2323.28,134.950853
2026-04-20 22:03:00,2323.51,2325.8,2322.53,2325.79,59.887724
2026-04-20 22:06:00,2325.8,2328.39,2324.43,2324.54,120.27966
2026-04-20 22:09:00,2324.54,2325.2,2324.09,2324.12,30.006932
2026-04-20 22:12:00,2324.09,2324.96,2322.8,2323.15,33.583226
2026-04-20 22:15:00,2323.19,2324.77,2320.88,2320.88,54.204312
2026-04-20 22:18:00,2320.88,2320.88,2316.68,2317.8,160.676436
2026-04-20 22:21:00,2317.8,2319.19,2317.1,2318.08,85.519205
2026-04-20 22:24:00,2318.08,2320.69,2318.08,2319.26,47.234736
2026-04-20 22:27:00,2319.25,2320.42,2318.54,2318.87,115.533922
2026-04-20 22:30:00,2318.87,2321.54,2318.01,2321.44,249.916954
2026-04-20 22:33:00,2321.41,2325.61,2321.31,2323.24,53.917007
2026-04-20 22:36:00,2323.25,2324.4,2321.41,2321.41,118.091035
2026-04-20 22:39:00,2321.4,2322.83,2319.48,2319.6,77.049407
2026-04-20 22:42:00,2319.71,2320.83,2317.5,2320.78,143.319962
2026-04-20 22:45:00,2320.77,2320.77,2319.61,2320.4,26.921304
2026-04-20 22:48:00,2320.4,2320.73,2318.29,2319.99,43.313668
2026-04-20 22:51:00,2319.99,2319.99,2318.05,2318.05,46.488175
2026-04-20 22:54:00,2318.06,2319.59,2318.03,2318.74,77.482229
2026-04-20 22:57:00,2318.75,2320.59,2318.74,2319.55,36.369914
2026-04-20 23:00:00,2319.55,2319.55,2312.0,2313.03,785.8023
2026-04-20 23:03:00,2312.93,2314.82,2310.24,2311.04,192.420445
2026-04-20 23:06:00,2311.17,2312.98,2310.94,2311.44,132.538436
2026-04-20 23:09:00,2311.43,2314.49,2310.99,2312.04,190.824494
2026-04-20 23:12:00,2312.04,2312.61,2311.12,2311.69,37.919036
2026-04-20 23:15:00,2311.68,2312.13,2308.76,2311.56,182.862027
2026-04-20 23:18:00,2311.56,2311.94,2309.33,2311.34,49.611365
2026-04-20 23:21:00,2311.42,2313.15,2311.3,2311.74,59.479206
2026-04-20 23:24:00,2311.7,2312.46,2311.3,2311.3,55.655537
2026-04-20 23:27:00,2311.27,2311.27,2307.1,2309.54,257.710183
2026-04-20 23:30:00,2309.55,2310.77,2308.01,2309.68,145.885953
2026-04-20 23:33:00,2309.69,2312.1,2309.69,2311.39,47.903708
2026-04-20 23:36:00,2311.39,2314.65,2311.36,2313.94,42.066461
2026-04-20 23:39:00,2313.94,2314.88,2312.49,2314.7,21.915999
2026-04-20 23:42:00,2314.53,2314.53,2312.8,2312.8,33.272559
2026-04-20 23:45:00,2312.81,2313.86,2310.95,2312.14,147.499633
2026-04-20 23:48:00,2312.14,2315.55,2311.83,2314.09,73.884947
2026-04-20 23:51:00,2314.16,2314.67,2313.77,2313.84,28.217594
2026-04-20 23:54:00,2314.1,2314.64,2313.37,2314.47,46.317269
2026-04-20 23:57:00,2314.46,2315.07,2313.56,2313.62,36.110116
2026-04-21 00:00:00,2313.58,2318.02,2313.58,2317.4,92.403296
2026-04-21 00:03:00,2317.28,2317.28,2314.24,2316.11,50.362971
2026-04-21 00:06:00,2316.2,2316.41,2311.53,2313.16,381.059502
2026-04-21 00:09:00,2313.17,2315.0,2311.74,2315.0,58.458162
2026-04-21 00:12:00,2314.99,2317.17,2313.71,2315.62,36.003964
2026-04-21 00:15:00,2315.61,2316.94,2314.05,2316.48,113.970776
2026-04-21 00:18:00,2316.2,2316.2,2314.02,2314.02,21.386922
2026-04-21 00:21:00,2314.02,2316.64,2314.02,2316.64,57.679723
2026-04-21 00:24:00,2316.63,2316.98,2312.77,2313.48,22.310057
2026-04-21 00:27:00,2313.5,2316.37,2313.5,2316.02,86.24358
2026-04-21 00:30:00,2316.04,2317.9,2314.48,2314.81,46.089242
2026-04-21 00:33:00,2314.81,2318.69,2314.48,2317.9,51.842859
2026-04-21 00:36:00,2317.9,2317.9,2316.34,2316.72,34.735927
2026-04-21 00:39:00,2316.55,2318.9,2316.39,2318.48,98.115386
2026-04-21 00:42:00,2318.34,2318.34,2316.27,2316.27,27.662107
2026-04-21 00:45:00,2316.41,2323.19,2316.41,2322.41,224.921045
2026-04-21 00:48:00,2322.18,2324.59,2319.33,2319.57,118.448279
2026-04-21 00:51:00,2319.48,2319.69,2316.82,2318.0,57.133767
2026-04-21 00:54:00,2318.01,2321.59,2317.94,2321.58,42.501123
2026-04-21 00:57:00,2321.59,2322.01,2320.42,2321.99,33.05368
2026-04-21 01:00:00,2321.99,2321.99,2319.33,2319.68,81.926114
2026-04-21 01:03:00,2319.66,2322.14,2319.66,2321.71,28.099091
2026-04-21 01:06:00,2321.69,2326.86,2321.69,2323.44,252.272755
2026-04-21 01:09:00,2323.45,2323.79,2321.8,2322.28,101.559174
2026-04-21 01:12:00,2322.24,2323.59,2321.08,2322.83,55.394285
2026-04-21 01:15:00,2322.8,2322.8,2318.59,2320.43,53.165338
2026-04-21 01:18:00,2320.44,2321.0,2319.2,2319.27,8.374515
2026-04-21 01:21:00,2319.32,2320.39,2319.21,2320.0,60.754376
2026-04-21 01:24:00,2319.77,2319.77,2318.33,2318.33,72.72706
2026-04-21 01:27:00,2318.33,2323.55,2318.33,2322.9,179.845273
2026-04-21 01:30:00,2322.9,2326.24,2322.9,2325.61,109.461966
2026-04-21 01:33:00,2325.71,2326.06,2322.91,2323.63,47.842605
2026-04-21 01:36:00,2323.63,2323.63,2320.3,2322.25,28.978087
2026-04-21 01:39:00,2322.1,2322.1,2319.71,2321.34,28.620222
2026-04-21 01:42:00,2321.34,2321.99,2320.16,2321.99,22.467903
2026-04-21 01:45:00,2322.0,2322.0,2319.68,2321.38,25.958652
2026-04-21 01:48:00,2321.39,2321.65,2319.96,2320.59,54.914321
2026-04-21 01:51:00,2320.6,2320.6,2314.91,2315.15,128.379522
2026-04-21 01:54:00,2315.15,2315.57,2313.39,2313.74,156.145697
2026-04-21 01:57:00,2313.73,2315.27,2312.6,2315.0,25.669873
2026-04-21 02:00:00,2315.0,2315.5,2309.69,2309.79,379.745338
2026-04-21 02:03:00,2309.77,2311.99,2309.77,2311.16,42.64344
2026-04-21 02:06:00,2311.14,2311.36,2308.39,2309.0,102.286997
2026-04-21 02:09:00,2309.0,2312.16,2309.0,2310.96,111.393997
2026-04-21 02:12:00,2310.8,2311.24,2309.03,2310.31,114.238856
2026-04-21 02:15:00,2310.14,2310.91,2309.0,2309.69,81.114159
2026-04-21 02:18:00,2309.73,2311.86,2309.62,2310.52,64.246872
2026-04-21 02:21:00,2310.66,2311.28,2308.44,2309.26,28.940162
2026-04-21 02:24:00,2309.3,2309.6,2306.32,2308.18,125.098461
2026-04-21 02:27:00,2308.18,2312.28,2307.98,2310.2,65.609778
2026-04-21 02:30:00,2310.34,2313.19,2310.34,2311.9,20.085463
2026-04-21 02:33:00,2311.94,2311.94,2310.09,2310.16,29.79916
2026-04-21 02:36:00,2310.16,2311.97,2310.0,2310.36,13.474945
2026-04-21 02:39:00,2310.36,2311.19,2309.71,2311.19,19.969611
2026-04-21 02:42:00,2311.12,2312.03,2308.02,2308.16,103.488338
2026-04-21 02:45:00,2308.16,2309.41,2307.0,2308.5,57.517097
2026-04-21 02:48:00,2308.6,2309.11,2307.74,2308.79,33.397202
2026-04-21 02:51:00,2308.79,2308.8,2308.17,2308.57,27.004643
2026-04-21 02:54:00,2308.56,2309.07,2307.83,2308.68,25.191121
2026-04-21 02:57:00,2308.76,2309.85,2308.3,2308.3,29.147654
2026-04-21 03:00:00,2308.3,2308.36,2300.0,2302.5,926.435401
2026-04-21 03:03:00,2302.51,2306.24,2302.35,2304.38,73.017686
2026-04-21 03:06:00,2304.54,2306.07,2304.54,2305.51,20.201068
2026-04-21 03:09:00,2305.5,2306.24,2304.41,2306.13,45.273272
2026-04-21 03:12:00,2306.12,2306.13,2303.01,2303.88,61.691045
2026-04-21 03:15:00,2303.84,2306.28,2303.47,2305.71,14.311121
2026-04-21 03:18:00,2305.71,2305.71,2301.0,2301.92,118.559159
2026-04-21 03:21:00,2301.94,2302.88,2300.0,2302.88,202.51424
2026-04-21 03:24:00,2302.87,2304.9,2302.07,2304.9,35.571984
2026-04-21 03:27:00,2305.0,2308.43,2305.0,2306.4,182.338934
2026-04-21 03:30:00,2306.21,2309.57,2306.21,2308.51,161.865168
2026-04-21 03:33:00,2308.68,2309.49,2306.72,2307.23,48.118845
2026-04-21 03:36:00,2307.32,2307.33,2304.07,2304.28,109.163919
2026-04-21 03:39:00,2304.21,2305.7,2304.05,2304.37,30.512643
2026-04-21 03:42:00,2304.37,2307.37,2304.37,2306.73,71.60549
2026-04-21 03:45:00,2306.74,2307.67,2306.65,2307.63,20.55211
2026-04-21 03:48:00,2307.63,2311.34,2307.18,2310.92,238.793658
2026-04-21 03:51:00,2310.91,2312.83,2310.91,2311.92,115.133575
2026-04-21 03:54:00,2311.92,2312.41,2310.81,2311.49,88.036519
2026-04-21 03:57:00,2311.3,2312.35,2310.97,2311.52,84.617102
2026-04-21 04:00:00,2311.52,2313.18,2310.47,2311.38,128.63198
2026-04-21 04:03:00,2311.39,2312.03,2309.61,2309.85,26.153345
2026-04-21 04:06:00,2309.77,2310.18,2308.66,2309.28,37.079397
2026-04-21 04:09:00,2309.29,2309.98,2307.86,2308.36,64.894107
2026-04-21 04:12:00,2308.35,2308.35,2306.1,2306.17,91.654975
2026-04-21 04:15:00,2306.09,2308.26,2306.09,2307.3,23.663029
2026-04-21 04:18:00,2307.25,2307.25,2305.0,2305.76,86.514385
2026-04-21 04:21:00,2305.7,2306.33,2304.3,2306.33,22.428478
2026-04-21 04:24:00,2306.33,2306.84,2305.73,2306.65,31.556778
2026-04-21 04:27:00,2306.48,2310.51,2306.48,2308.1,293.840038
2026-04-21 04:30:00,2308.11,2308.82,2307.61,2307.93,20.566975
2026-04-21 04:33:00,2308.03,2308.51,2305.01,2308.18,56.683595
2026-04-21 04:36:00,2308.2,2310.07,2308.16,2310.07,31.108429
2026-04-21 04:39:00,2309.85,2309.85,2308.52,2308.91,20.784036
2026-04-21 04:42:00,2308.92,2310.02,2307.71,2309.8,81.952276
2026-04-21 04:45:00,2309.91,2311.16,2309.66,2310.86,22.187138
2026-04-21 04:48:00,2311.0,2311.75,2310.6,2311.42,23.416982
2026-04-21 04:51:00,2311.41,2314.44,2311.41,2313.25,82.786407
2026-04-21 04:54:00,2313.25,2315.0,2312.73,2314.21,74.051489
2026-04-21 04:57:00,2314.28,2316.12,2314.28,2314.87,198.259101
2026-04-21 05:00:00,2314.71,2317.69,2314.36,2314.8,86.903984
2026-04-21 05:03:00,2315.0,2317.0,2315.0,2316.72,23.536189
2026-04-21 05:06:00,2316.72,2319.99,2316.72,2319.85,191.737354
2026-04-21 05:09:00,2319.98,2320.7,2315.5,2316.37,302.046288
2026-04-21 05:12:00,2316.22,2318.1,2315.7,2316.85,143.14009
2026-04-21 05:15:00,2316.78,2317.36,2315.09,2315.39,50.042991
2026-04-21 05:18:00,2315.39,2316.69,2315.0,2316.69,14.26241
2026-04-21 05:21:00,2316.8,2318.41,2315.83,2318.41,44.577684
2026-04-21 05:24:00,2318.4,2319.17,2317.7,2318.42,183.818449
2026-04-21 05:27:00,2318.42,2319.0,2315.55,2317.73,88.150199
2026-04-21 05:30:00,2317.72,2318.01,2314.92,2315.3,40.723295
2026-04-21 05:33:00,2315.31,2317.04,2315.03,2315.9,40.867764
2026-04-21 05:36:00,2315.9,2316.28,2315.3,2315.75,7.161917
2026-04-21 05:39:00,2315.75,2316.04,2314.57,2315.6,75.388245
2026-04-21 05:42:00,2315.62,2316.0,2314.56,2314.82,20.197179
2026-04-21 05:45:00,2314.81,2314.81,2313.04,2313.65,79.308679
2026-04-21 05:48:00,2313.65,2314.18,2312.69,2313.01,35.250023
2026-04-21 05:51:00,2313.01,2314.57,2312.76,2314.04,18.016183
2026-04-21 05:54:00,2314.0,2315.45,2313.63,2315.31,66.14117
2026-04-21 05:57:00,2315.03,2315.03,2313.77,2314.29,166.442847
2026-04-21 06:00:00,2314.07,2314.65,2311.01,2311.01,94.317426
2026-04-21 06:03:00,2311.0,2311.4,2310.2,2310.53,50.320575
2026-04-21 06:06:00,2310.65,2311.68,2310.51,2310.91,21.685848
2026-04-21 06:09:00,2310.97,2312.38,2310.65,2311.96,111.646511
2026-04-21 06:12:00,2311.96,2311.96,2310.48,2310.73,38.575011
2026-04-21 06:15:00,2310.99,2311.44,2310.06,2310.76,43.078992
2026-04-21 06:18:00,2310.76,2310.76,2308.0,2308.24,49.5535
2026-04-21 06:21:00,2308.3,2310.72,2308.29,2309.74,52.249897
2026-04-21 06:24:00,2309.59,2310.11,2308.77,2309.53,59.464295
2026-04-21 06:27:00,2309.53,2310.68,2309.53,2310.07,32.895416
2026-04-21 06:30:00,2310.08,2316.5,2309.95,2314.67,50.834588
2026-04-21 06:33:00,2314.65,2327.07,2314.45,2325.71,825.349869
2026-04-21 06:36:00,2325.72,2326.17,2319.72,2319.72,82.578766
2026-04-21 06:39:00,2319.78,2321.32,2319.72,2321.11,102.561689
2026-04-21 06:42:00,2321.19,2322.87,2319.76,2320.01,48.030192
2026-04-21 06:45:00,2320.02,2320.22,2318.75,2319.71,44.296475
2026-04-21 06:48:00,2319.75,2321.07,2319.41,2320.44,62.223547
2026-04-21 06:51:00,2320.44,2320.68,2318.18,2318.45,57.751353
2026-04-21 06:54:00,2318.41,2319.0,2317.01,2318.01,33.174767
2026-04-21 06:57:00,2318.01,2318.65,2317.57,2317.58,58.251164
2026-04-21 07:00:00,2317.58,2317.98,2311.69,2312.51,321.180077
2026-04-21 07:03:00,2312.55,2314.1,2312.14,2313.83,52.729166
2026-04-21 07:06:00,2313.84,2314.84,2313.35,2313.63,27.176541
2026-04-21 07:09:00,2313.61,2316.43,2313.01,2315.34,38.139956
2026-04-21 07:12:00,2315.35,2315.82,2313.99,2314.28,45.062922
2026-04-21 07:15:00,2314.28,2315.78,2312.95,2313.99,50.843796
2026-04-21 07:18:00,2314.02,2318.19,2314.02,2317.33,84.861443
2026-04-21 07:21:00,2317.32,2318.18,2315.95,2317.64,68.189847
2026-04-21 07:24:00,2317.64,2324.53,2317.64,2321.52,348.45227
2026-04-21 07:27:00,2321.51,2321.62,2319.84,2321.34,235.817316
2026-04-21 07:30:00,2321.37,2322.63,2316.87,2317.9,311.621199
2026-04-21 07:33:00,2317.64,2318.8,2315.8,2318.71,223.501171
2026-04-21 07:36:00,2318.7,2321.99,2318.7,2321.2,53.299912
2026-04-21 07:39:00,2320.87,2323.71,2320.35,2322.66,77.986728
2026-04-21 07:42:00,2323.1,2323.8,2321.52,2321.52,155.699934
2026-04-21 07:45:00,2321.53,2321.53,2319.21,2319.28,83.475423
2026-04-21 07:48:00,2319.28,2324.5,2319.05,2322.54,721.848461
2026-04-21 07:51:00,2322.54,2322.54,2320.35,2320.35,197.2659
2026-04-21 07:54:00,2320.35,2320.36,2318.22,2318.98,193.094009
2026-04-21 07:57:00,2318.98,2319.54,2318.21,2318.21,74.845517
2026-04-21 08:00:00,2318.21,2319.59,2316.89,2318.46,162.668151
2026-04-21 08:03:00,2318.46,2320.56,2318.36,2320.18,70.736007
2026-04-21 08:06:00,2320.33,2321.48,2317.38,2319.33,58.301913
2026-04-21 08:09:00,2319.36,2319.8,2316.2,2316.2,38.834111
2026-04-21 08:12:00,2316.14,2316.98,2313.6,2316.08,326.622006
2026-04-21 08:15:00,2316.08,2317.77,2315.32,2316.87,215.112781
2026-04-21 08:18:00,2316.87,2320.57,2316.21,2320.38,89.832522
2026-04-21 08:21:00,2320.38,2322.49,2319.71,2322.49,176.398054
2026-04-21 08:24:00,2322.49,2322.93,2320.73,2322.25,77.59964
2026-04-21 08:27:00,2322.25,2323.84,2322.11,2322.74,142.641488
2026-04-21 08:30:00,2322.68,2323.39,2321.24,2321.24,64.037761
2026-04-21 08:33:00,2321.22,2322.22,2319.7,2320.48,66.853308
2026-04-21 08:36:00,2320.45,2320.78,2319.24,2320.66,83.305548
2026-04-21 08:39:00,2320.65,2324.0,2320.23,2324.0,174.754131
2026-04-21 08:42:00,2324.0,2328.6,2324.0,2326.54,544.078507
2026-04-21 08:45:00,2326.52,2338.88,2325.5,2334.62,926.386229
2026-04-21 08:48:00,2334.3,2337.19,2326.5,2327.15,473.728805
2026-04-21 08:51:00,2327.0,2328.04,2323.34,2323.34,385.831648
2026-04-21 08:54:00,2323.33,2324.48,2321.01,2323.01,162.699216
2026-04-21 08:57:00,2322.89,2324.83,2322.89,2323.4,104.581129
2026-04-21 09:00:00,2323.38,2324.96,2319.86,2319.87,265.707008
2026-04-21 09:03:00,2319.87,2323.18,2319.87,2322.13,62.485246
2026-04-21 09:06:00,2322.14,2322.64,2320.8,2322.59,48.213536
2026-04-21 09:09:00,2322.44,2324.98,2321.64,2324.53,76.585351
2026-04-21 09:12:00,2324.53,2324.53,2323.2,2324.24,39.158429
2026-04-21 09:15:00,2324.23,2326.64,2324.23,2325.14,179.395178
2026-04-21 09:18:00,2325.15,2326.49,2325.15,2326.4,45.16112
2026-04-21 09:21:00,2326.4,2327.5,2325.47,2325.78,84.077397
2026-04-21 09:24:00,2325.76,2325.76,2320.41,2321.23,88.195326
2026-04-21 09:27:00,2321.22,2321.22,2317.82,2319.61,227.684479
2026-04-21 09:30:00,2319.61,2320.95,2318.28,2320.76,195.056333
2026-04-21 09:33:00,2320.75,2322.0,2319.54,2320.53,108.860112
2026-04-21 09:36:00,2320.53,2322.91,2320.53,2322.62,113.400156
2026-04-21 09:39:00,2322.61,2324.77,2321.93,2324.37,153.420418
2026-04-21 09:42:00,2324.37,2324.99,2323.56,2324.99,98.260177
2026-04-21 09:45:00,2325.0,2325.83,2323.51,2323.51,137.169863
2026-04-21 09:48:00,2323.62,2324.98,2322.58,2324.79,65.639169
2026-04-21 09:51:00,2324.65,2324.98,2323.23,2323.24,81.076205
2026-04-21 09:54:00,2323.24,2325.16,2323.0,2325.01,55.162304
2026-04-21 09:57:00,2324.93,2326.13,2324.93,2325.46,62.066724
2026-04-21 10:00:00,2325.56,2327.6,2325.33,2327.06,78.529354
2026-04-21 10:03:00,2327.06,2328.55,2327.03,2328.54,63.684444
2026-04-21 10:06:00,2328.54,2330.6,2327.65,2330.6,152.018476
2026-04-21 10:09:00,2330.62,2330.62,2327.11,2327.57,63.405256
2026-04-21 10:12:00,2327.58,2327.9,2326.77,2327.77,32.275204
2026-04-21 10:15:00,2327.76,2328.74,2325.49,2328.72,40.026905
2026-04-21 10:18:00,2328.73,2329.07,2326.03,2326.37,46.190665
2026-04-21 10:21:00,2326.2,2330.84,2324.79,2330.22,71.224399
2026-04-21 10:24:00,2330.24,2330.6,2327.6,2329.48,169.163948
2026-04-21 10:27:00,2329.64,2329.88,2327.68,2327.95,41.743616
2026-04-21 10:30:00,2328.0,2329.32,2327.21,2328.67,48.478781
2026-04-21 10:33:00,2328.67,2329.02,2328.19,2328.61,27.009941
2026-04-21 10:36:00,2328.61,2329.29,2328.6,2328.61,50.191976
2026-04-21 10:39:00,2328.61,2328.9,2328.21,2328.26,276.908629
2026-04-21 10:42:00,2328.25,2333.71,2327.36,2333.42,733.340954
2026-04-21 10:45:00,2333.43,2335.58,2331.34,2334.8,378.781662
2026-04-21 10:48:00,2334.65,2336.46,2333.61,2335.15,129.44399
2026-04-21 10:51:00,2335.14,2337.15,2333.81,2333.98,134.196467
2026-04-21 10:54:00,2333.94,2335.54,2333.71,2334.51,83.010096
2026-04-21 10:57:00,2334.5,2334.5,2330.79,2330.91,158.050364
2026-04-21 11:00:00,2330.92,2331.32,2329.42,2330.33,124.220864
2026-04-21 11:03:00,2330.32,2330.47,2328.81,2329.22,156.030982
2026-04-21 11:06:00,2329.22,2330.88,2329.22,2330.09,59.635042
2026-04-21 11:09:00,2330.08,2330.08,2317.75,2319.6,1523.497827
2026-04-21 11:12:00,2319.37,2319.56,2315.68,2317.45,973.661154
2026-04-21 11:15:00,2317.85,2320.19,2316.56,2320.19,215.65328
2026-04-21 11:18:00,2320.23,2322.85,2320.12,2322.85,83.243693
2026-04-21 11:21:00,2322.85,2327.6,2322.85,2326.99,99.246342
2026-04-21 11:24:00,2327.04,2329.94,2325.49,2326.48,121.215939
2026-04-21 11:27:00,2326.47,2326.64,2326.0,2326.64,49.057928
2026-04-21 11:30:00,2326.64,2328.13,2326.22,2327.23,73.567489
2026-04-21 11:33:00,2327.31,2327.94,2324.59,2324.69,54.696638
2026-04-21 11:36:00,2324.79,2326.37,2324.63,2324.64,23.607847
2026-04-21 11:39:00,2324.64,2325.2,2324.32,2324.88,33.130213
2026-04-21 11:42:00,2324.78,2324.94,2322.18,2322.38,89.732492
2026-04-21 11:45:00,2322.39,2322.78,2321.17,2322.0,53.602553
2026-04-21 11:48:00,2322.01,2322.01,2319.82,2321.99,197.683003
2026-04-21 11:51:00,2322.0,2322.31,2321.28,2321.45,45.46785
2026-04-21 11:54:00,2321.45,2321.45,2318.0,2319.03,83.056761
2026-04-21 11:57:00,2319.03,2321.74,2319.03,2320.0,105.979175
2026-04-21 12:00:00,2320.0,2324.96,2319.95,2321.53,311.635776
2026-04-21 12:03:00,2321.52,2321.52,2318.83,2320.49,60.570227
2026-04-21 12:06:00,2320.4,2322.34,2319.98,2321.14,128.971699
2026-04-21 12:09:00,2321.02,2321.02,2318.26,2318.26,91.103649
2026-04-21 12:12:00,2318.25,2320.31,2315.2,2316.48,526.193826
2026-04-21 12:15:00,2316.48,2317.27,2314.46,2316.06,327.335355
2026-04-21 12:18:00,2316.06,2317.81,2315.48,2316.26,129.102119
2026-04-21 12:21:00,2316.27,2317.46,2315.51,2316.71,42.468999
2026-04-21 12:24:00,2316.7,2317.3,2315.01,2317.0,155.356264
2026-04-21 12:27:00,2317.0,2318.43,2316.53,2317.96,58.205254
2026-04-21 12:30:00,2317.96,2319.12,2314.28,2317.79,248.334196
2026-04-21 12:33:00,2317.8,2321.26,2317.8,2318.62,83.625762
2026-04-21 12:36:00,2318.61,2320.0,2310.06,2314.1,246.25631
2026-04-21 12:39:00,2314.14,2314.14,2302.0,2305.6,1162.985804
2026-04-21 12:42:00,2305.6,2305.76,2294.13,2298.48,1441.68446
2026-04-21 12:45:00,2298.66,2302.35,2293.86,2301.61,554.331533
2026-04-21 12:48:00,2301.75,2303.99,2298.43,2303.63,776.720673
2026-04-21 12:51:00,2303.63,2305.7,2302.4,2305.41,154.338153
2026-04-21 12:54:00,2305.41,2308.88,2304.41,2306.3,247.881298
2026-04-21 12:57:00,2306.31,2311.62,2306.31,2308.26,178.264908
2026-04-21 13:00:00,2308.26,2309.56,2306.22,2306.93,331.540245
2026-04-21 13:03:00,2306.92,2307.26,2303.5,2306.07,103.753974
2026-04-21 13:06:00,2305.86,2307.6,2305.36,2306.79,77.751235
2026-04-21 13:09:00,2306.9,2308.4,2304.48,2306.57,64.454797
2026-04-21 13:12:00,2306.56,2307.31,2305.23,2305.44,92.446823
2026-04-21 13:15:00,2305.43,2307.28,2304.45,2307.28,37.264591
2026-04-21 13:18:00,2307.31,2307.55,2306.21,2306.72,59.178516
2026-04-21 13:21:00,2306.98,2307.95,2305.41,2306.96,141.400987
2026-04-21 13:24:00,2306.99,2311.09,2306.4,2308.85,336.879802
2026-04-21 13:27:00,2308.76,2308.95,2306.22,2307.75,132.677459
2026-04-21 13:30:00,2307.75,2308.41,2302.5,2307.0,523.040669
2026-04-21 13:33:00,2306.85,2307.79,2302.01,2305.09,332.526683
2026-04-21 13:36:00,2305.11,2308.14,2303.25,2305.08,260.256261
2026-04-21 13:39:00,2304.99,2306.92,2300.81,2306.09,326.38501
2026-04-21 13:42:00,2306.28,2317.22,2306.28,2310.87,587.205407
2026-04-21 13:45:00,2310.81,2312.95,2307.8,2309.89,329.966782
2026-04-21 13:48:00,2309.89,2310.67,2307.69,2309.7,183.609562
2026-04-21 13:51:00,2309.69,2313.8,2308.62,2311.77,244.75751
2026-04-21 13:54:00,2311.75,2314.6,2308.67,2312.97,206.586292
2026-04-21 13:57:00,2312.92,2314.21,2311.15,2312.65,170.112502
2026-04-21 14:00:00,2312.97,2313.95,2305.95,2307.35,335.267085
2026-04-21 14:03:00,2307.34,2309.34,2305.05,2308.28,219.510321
2026-04-21 14:06:00,2308.27,2308.98,2304.21,2308.39,236.194892
2026-04-21 14:09:00,2308.39,2309.64,2304.96,2308.73,252.684505
2026-04-21 14:12:00,2308.6,2308.6,2305.4,2306.03,151.164393
2026-04-21 14:15:00,2306.11,2323.3,2306.11,2316.73,1386.033718
2026-04-21 14:18:00,2316.74,2319.8,2312.33,2314.28,317.574778
2026-04-21 14:21:00,2314.25,2317.5,2311.54,2312.56,119.969139
2026-04-21 14:24:00,2312.55,2317.55,2311.92,2316.24,159.253874
2026-04-21 14:27:00,2316.04,2317.31,2312.86,2314.06,186.232139
2026-04-21 14:30:00,2314.05,2317.0,2313.57,2316.32,228.826683
2026-04-21 14:33:00,2316.32,2319.41,2313.89,2319.41,222.813809
2026-04-21 14:36:00,2319.42,2321.74,2316.32,2321.74,590.560862
2026-04-21 14:39:00,2321.74,2327.68,2319.92,2323.13,684.272843
2026-04-21 14:42:00,2323.12,2324.0,2321.61,2322.08,211.900501
2026-04-21 14:45:00,2322.05,2322.76,2312.51,2313.66,342.726752
2026-04-21 14:48:00,2313.65,2314.11,2311.14,2313.15,136.714784
2026-04-21 14:51:00,2313.14,2315.85,2311.01,2315.85,50.262692
2026-04-21 14:54:00,2316.08,2316.08,2306.26,2306.83,156.84688
2026-04-21 14:57:00,2306.86,2306.86,2295.5,2299.32,2067.855184
2026-04-21 15:00:00,2299.4,2303.65,2296.05,2297.13,370.318575
2026-04-21 15:03:00,2297.35,2299.78,2290.32,2295.56,1010.768086
2026-04-21 15:06:00,2295.31,2301.32,2295.17,2300.0,231.35495
2026-04-21 15:09:00,2299.96,2307.98,2299.23,2304.75,678.339827
2026-04-21 15:12:00,2304.57,2307.07,2303.71,2305.48,1413.931158
2026-04-21 15:15:00,2305.64,2308.24,2304.03,2308.24,125.593962
2026-04-21 15:18:00,2308.25,2310.99,2307.53,2307.65,449.184603
2026-04-21 15:21:00,2307.58,2309.59,2303.61,2304.33,127.868726
2026-04-21 15:24:00,2304.33,2304.33,2298.65,2300.13,2174.955625
2026-04-21 15:27:00,2300.13,2303.24,2297.01,2302.39,118.70266
2026-04-21 15:30:00,2302.08,2305.09,2301.37,2304.59,92.773388
2026-04-21 15:33:00,2304.76,2304.91,2298.59,2298.73,198.567084
2026-04-21 15:36:00,2298.81,2303.1,2295.56,2303.1,164.573852
2026-04-21 15:39:00,2303.11,2309.63,2303.11,2303.62,350.384263
2026-04-21 15:42:00,2303.61,2306.73,2302.78,2304.13,194.620703
2026-04-21 15:45:00,2304.23,2308.92,2303.33,2307.96,185.444214
2026-04-21 15:48:00,2308.28,2309.33,2305.34,2307.24,324.399807
2026-04-21 15:51:00,2307.24,2308.39,2305.87,2305.98,51.969749
2026-04-21 15:54:00,2306.02,2306.89,2302.79,2306.89,63.97521
2026-04-21 15:57:00,2307.0,2310.41,2306.97,2310.41,81.110329
2026-04-21 16:00:00,2310.44,2317.37,2310.44,2314.9,411.953167
2026-04-21 16:03:00,2314.73,2317.14,2308.76,2309.66,353.374548
2026-04-21 16:06:00,2309.8,2312.27,2308.25,2310.9,29.847803
2026-04-21 16:09:00,2311.09,2315.67,2310.96,2311.89,103.47032
2026-04-21 16:12:00,2311.9,2315.68,2311.64,2315.52,59.297311
2026-04-21 16:15:00,2315.53,2317.47,2311.97,2315.87,202.881318
2026-04-21 16:18:00,2315.8,2317.13,2312.03,2313.04,115.044849
2026-04-21 16:21:00,2313.06,2314.97,2310.0,2310.16,274.734346
2026-04-21 16:24:00,2310.16,2316.53,2309.5,2316.15,268.053037
2026-04-21 16:27:00,2316.15,2316.54,2312.19,2312.51,95.92949
2026-04-21 16:30:00,2312.21,2317.73,2311.59,2317.73,274.29301
2026-04-21 16:33:00,2317.71,2324.87,2317.01,2321.52,806.779179
2026-04-21 16:36:00,2321.48,2321.48,2317.19,2317.35,140.525074
2026-04-21 16:39:00,2317.35,2320.91,2317.09,2320.25,209.144065
2026-04-21 16:42:00,2320.25,2320.26,2312.5,2313.37,542.158191
2026-04-21 16:45:00,2313.37,2316.35,2313.22,2314.61,104.477401
2026-04-21 16:48:00,2314.68,2317.08,2314.45,2314.65,56.246642
2026-04-21 16:51:00,2314.65,2315.22,2311.72,2313.34,145.267326
2026-04-21 16:54:00,2313.27,2313.27,2311.11,2311.59,96.290302
2026-04-21 16:57:00,2311.66,2311.73,2306.57,2307.52,109.481011
2026-04-21 17:00:00,2307.44,2309.4,2305.63,2308.11,111.172182
2026-04-21 17:03:00,2308.11,2309.14,2302.0,2304.84,191.939235
2026-04-21 17:06:00,2304.71,2306.11,2302.41,2304.37,192.885527
2026-04-21 17:09:00,2304.25,2305.91,2299.67,2300.88,518.578349
2026-04-21 17:12:00,2300.9,2301.7,2296.3,2301.12,338.779518
2026-04-21 17:15:00,2301.09,2301.13,2294.18,2294.6,424.430892
2026-04-21 17:18:00,2294.6,2294.75,2283.46,2293.32,1580.030015
2026-04-21 17:21:00,2293.23,2296.42,2292.16,2294.61,153.137087
2026-04-21 17:24:00,2294.62,2298.0,2294.3,2295.0,112.464819
2026-04-21 17:27:00,2295.0,2296.31,2291.0,2296.08,556.051957
2026-04-21 17:30:00,2295.94,2297.08,2293.45,2294.61,83.374155
2026-04-21 17:33:00,2294.64,2298.25,2294.64,2295.2,305.5626
2026-04-21 17:36:00,2295.3,2306.77,2294.62,2303.61,479.084215
2026-04-21 17:39:00,2303.69,2316.87,2300.84,2313.69,1461.568254
2026-04-21 17:42:00,2313.45,2319.98,2311.92,2314.75,981.324614
2026-04-21 17:45:00,2314.75,2315.52,2309.6,2311.89,127.592541
2026-04-21 17:48:00,2311.89,2313.72,2311.03,2311.29,55.287778
2026-04-21 17:51:00,2311.18,2315.9,2308.81,2309.63,222.791927
2026-04-21 17:54:00,2309.62,2309.62,2303.66,2303.86,135.390885
2026-04-21 17:57:00,2303.86,2306.54,2303.86,2306.27,35.34701
2026-04-21 18:00:00,2306.25,2308.59,2305.15,2307.66,50.234393
2026-04-21 18:03:00,2307.67,2308.6,2304.14,2306.35,75.622699
2026-04-21 18:06:00,2306.3,2307.72,2305.67,2306.03,24.8518
2026-04-21 18:09:00,2306.02,2307.33,2302.1,2304.63,239.061245
2026-04-21 18:12:00,2304.64,2306.12,2304.42,2305.77,69.339004
2026-04-21 18:15:00,2305.9,2309.97,2299.83,2305.93,743.74452
2026-04-21 18:18:00,2305.98,2307.49,2302.64,2303.44,55.347605
2026-04-21 18:21:00,2303.2,2306.07,2302.27,2305.77,49.303234
2026-04-21 18:24:00,2305.84,2306.39,2303.49,2305.19,27.654091
2026-04-21 18:27:00,2305.19,2305.77,2302.3,2305.72,150.377606
2026-04-21 18:30:00,2305.7,2309.69,2305.7,2308.52,92.294269
2026-04-21 18:33:00,2308.51,2310.5,2307.98,2309.83,42.355637
2026-04-21 18:36:00,2309.66,2309.66,2305.3,2307.39,25.952666
2026-04-21 18:39:00,2307.43,2307.43,2304.24,2305.63,19.470312
2026-04-21 18:42:00,2305.62,2307.19,2305.07,2305.91,28.031575
2026-04-21 18:45:00,2305.78,2307.44,2304.47,2305.29,30.386404
2026-04-21 18:48:00,2305.4,2305.7,2302.0,2303.46,51.57771
2026-04-21 18:51:00,2303.44,2304.2,2301.07,2301.4,96.589695
2026-04-21 18:54:00,2301.41,2313.05,2301.08,2308.6,873.504868
2026-04-21 18:57:00,2308.6,2313.33,2308.6,2313.0,83.266906
2026-04-21 19:00:00,2312.99,2318.63,2312.67,2317.61,273.861917
2026-04-21 19:03:00,2317.61,2322.75,2317.5,2320.43,737.089938
2026-04-21 19:06:00,2320.4,2320.4,2317.6,2318.89,72.800111
2026-04-21 19:09:00,2318.89,2320.96,2317.05,2319.93,82.214008
2026-04-21 19:12:00,2319.9,2320.92,2313.84,2315.58,464.880653
2026-04-21 19:15:00,2315.68,2317.88,2312.6,2316.19,337.066312
2026-04-21 19:18:00,2316.19,2319.2,2315.33,2319.2,179.514169
2026-04-21 19:21:00,2319.23,2326.91,2319.09,2326.43,1063.746279
2026-04-21 19:24:00,2326.43,2331.82,2326.43,2329.24,847.48252
2026-04-21 19:27:00,2329.23,2329.23,2324.07,2324.87,167.326562
2026-04-21 19:30:00,2324.88,2324.98,2321.02,2321.23,162.944659
2026-04-21 19:33:00,2321.09,2321.09,2312.28,2312.28,188.576708
2026-04-21 19:36:00,2312.29,2312.92,2301.6,2302.51,1108.722309
2026-04-21 19:39:00,2302.53,2303.83,2296.53,2297.2,835.313221
2026-04-21 19:42:00,2297.53,2298.95,2287.44,2289.37,956.963784
2026-04-21 19:45:00,2289.5,2297.78,2288.65,2296.43,252.143328
2026-04-21 19:48:00,2296.41,2299.97,2294.71,2295.92,177.068007
2026-04-21 19:51:00,2295.89,2296.75,2292.43,2294.59,96.92987
2026-04-21 19:54:00,2294.6,2297.39,2294.41,2296.34,97.472418
2026-04-21 19:57:00,2296.33,2299.0,2295.41,2298.66,167.276138
2026-04-21 20:00:00,2298.69,2302.19,2295.76,2299.21,625.669519
2026-04-21 20:03:00,2299.2,2303.32,2298.46,2300.79,360.69795
2026-04-21 20:06:00,2300.76,2301.25,2298.09,2299.62,137.08057
2026-04-21 20:09:00,2299.37,2321.55,2298.96,2317.1,2630.43416
2026-04-21 20:12:00,2317.75,2321.69,2313.65,2319.1,903.678051
2026-04-21 20:15:00,2318.98,2325.0,2317.5,2322.9,624.85802
2026-04-21 20:18:00,2322.93,2323.11,2317.83,2321.3,993.453188
2026-04-21 20:21:00,2321.26,2321.26,2316.4,2317.42,573.430428
2026-04-21 20:24:00,2317.56,2323.33,2317.35,2323.33,376.906898
2026-04-21 20:27:00,2323.36,2324.39,2317.1,2318.32,362.685819
2026-04-21 20:30:00,2318.59,2326.18,2318.18,2322.49,475.712309
2026-04-21 20:33:00,2322.45,2324.65,2322.1,2324.47,164.971952
2026-04-21 20:36:00,2324.0,2324.44,2318.37,2319.94,264.325713
2026-04-21 20:39:00,2319.86,2320.7,2316.36,2316.68,215.969487
2026-04-21 20:42:00,2316.68,2317.96,2316.12,2316.45,82.28767
2026-04-21 20:45:00,2316.5,2316.55,2311.12,2314.18,275.916547
2026-04-21 20:48:00,2314.25,2317.72,2314.25,2316.64,41.404363
2026-04-21 20:51:00,2316.53,2317.96,2316.39,2317.2,65.269541
2026-04-21 20:54:00,2317.25,2317.96,2316.54,2317.56,55.408502
2026-04-21 20:57:00,2317.62,2320.87,2314.44,2314.44,182.764777
2026-04-21 21:00:00,2314.4,2318.17,2314.3,2314.51,49.927373
2026-04-21 21:03:00,2314.49,2316.2,2313.77,2314.78,26.788516
2026-04-21 21:06:00,2314.78,2314.79,2313.47,2313.72,15.620762
2026-04-21 21:09:00,2313.77,2313.93,2309.65,2311.0,140.492561
2026-04-21 21:12:00,2310.99,2314.26,2310.81,2313.7,140.197898
2026-04-21 21:15:00,2313.7,2314.57,2312.01,2312.02,40.442146
2026-04-21 21:18:00,2312.01,2316.23,2312.01,2316.23,39.9883
2026-04-21 21:21:00,2316.22,2317.23,2315.74,2316.11,21.58865
2026-04-21 21:24:00,2316.09,2316.09,2314.68,2315.43,68.328446
2026-04-21 21:27:00,2315.43,2315.43,2312.01,2312.99,50.877208
2026-04-21 21:30:00,2313.0,2313.28,2312.38,2312.39,20.087607
2026-04-21 21:33:00,2312.38,2315.5,2312.0,2315.44,35.330555
2026-04-21 21:36:00,2315.32,2315.32,2313.01,2314.34,47.310755
2026-04-21 21:39:00,2314.19,2315.1,2313.61,2314.21,41.012985
2026-04-21 21:42:00,2314.1,2314.1,2310.19,2310.19,67.200717
2026-04-21 21:45:00,2310.28,2312.99,2310.13,2312.4,43.185598
2026-04-21 21:48:00,2312.35,2312.9,2311.13,2312.9,41.759177
2026-04-21 21:51:00,2312.96,2312.96,2310.41,2312.0,33.5794
2026-04-21 21:54:00,2312.01,2312.46,2311.05,2312.46,31.162395
2026-04-21 21:57:00,2312.46,2314.08,2311.73,2312.47,36.976237
2026-04-21 22:00:00,2312.43,2314.94,2310.27,2313.78,53.717998
2026-04-21 22:03:00,2313.89,2313.89,2309.87,2312.04,106.06381
2026-04-21 22:06:00,2312.14,2314.61,2310.66,2312.37,47.572689
2026-04-21 22:09:00,2312.38,2314.97,2312.2,2314.34,32.362806
2026-04-21 22:12:00,2314.63,2317.0,2313.93,2315.73,16.216614
2026-04-21 22:15:00,2315.6,2316.0,2312.47,2313.06,44.113038
2026-04-21 22:18:00,2313.16,2313.16,2307.26,2309.46,140.598623
2026-04-21 22:21:00,2309.69,2310.1,2303.89,2306.2,284.87925
2026-04-21 22:24:00,2306.35,2308.38,2306.34,2307.07,17.924217
2026-04-21 22:27:00,2307.25,2307.25,2304.36,2306.95,436.731324
2026-04-21 22:30:00,2307.04,2308.22,2300.74,2305.3,312.151391
2026-04-21 22:33:00,2305.38,2305.61,2302.01,2305.31,116.590185
2026-04-21 22:36:00,2305.29,2308.39,2304.98,2307.58,415.613543
2026-04-21 22:39:00,2307.62,2307.63,2305.66,2306.52,26.871133
2026-04-21 22:42:00,2306.67,2313.39,2306.67,2311.54,285.069455
2026-04-21 22:45:00,2311.54,2312.17,2309.95,2310.26,33.521991
2026-04-21 22:48:00,2310.33,2311.39,2307.5,2308.4,52.847414
2026-04-21 22:51:00,2308.42,2309.43,2308.01,2309.16,31.206959
2026-04-21 22:54:00,2309.17,2311.39,2309.17,2311.35,28.269924
2026-04-21 22:57:00,2311.36,2312.32,2310.5,2311.4,14.855058
2026-04-21 23:00:00,2311.3,2317.47,2310.98,2316.94,162.478699
2026-04-21 23:03:00,2316.94,2321.31,2316.94,2320.3,116.382443
2026-04-21 23:06:00,2320.45,2321.6,2319.79,2321.38,102.563383
2026-04-21 23:09:00,2321.38,2321.38,2318.5,2318.73,27.298496
2026-04-21 23:12:00,2318.72,2318.73,2316.93,2318.14,146.470111
2026-04-21 23:15:00,2318.15,2320.4,2317.55,2318.86,56.150331
2026-04-21 23:18:00,2318.91,2320.9,2317.59,2317.6,50.10402
2026-04-21 23:21:00,2317.6,2318.74,2316.35,2317.1,43.77594
2026-04-21 23:24:00,2317.1,2317.83,2315.75,2315.82,57.20423
2026-04-21 23:27:00,2315.74,2317.23,2315.24,2316.52,108.398952
2026-04-21 23:30:00,2316.57,2319.91,2315.48,2319.27,408.355678
2026-04-21 23:33:00,2319.11,2320.27,2318.68,2319.55,133.363721
2026-04-21 23:36:00,2319.58,2320.81,2319.4,2320.53,210.319124
2026-04-21 23:39:00,2320.52,2323.56,2319.99,2321.67,243.572058
2026-04-21 23:42:00,2321.67,2326.19,2321.34,2324.07,944.255252
2026-04-21 23:45:00,2324.07,2329.71,2323.65,2329.28,762.782593
2026-04-21 23:48:00,2329.28,2330.02,2325.74,2326.93,340.133693
2026-04-21 23:51:00,2326.93,2329.56,2325.59,2325.59,244.838236
2026-04-21 23:54:00,2325.59,2327.18,2325.08,2326.99,83.69091
2026-04-21 23:57:00,2326.99,2328.96,2326.67,2327.58,243.308392
2026-04-22 00:00:00,2327.58,2329.99,2327.03,2327.69,345.037234
2026-04-22 00:03:00,2327.81,2329.41,2325.51,2327.18,321.765904
2026-04-22 00:06:00,2327.19,2329.93,2326.43,2329.36,822.488042
2026-04-22 00:09:00,2329.36,2330.76,2325.1,2328.82,471.075465
2026-04-22 00:12:00,2328.72,2329.1,2327.52,2327.77,148.894648
2026-04-22 00:15:00,2327.77,2327.77,2323.9,2326.42,250.523241
2026-04-22 00:18:00,2326.43,2329.59,2325.96,2329.38,305.792525
2026-04-22 00:21:00,2329.38,2330.26,2326.05,2326.16,151.755576
2026-04-22 00:24:00,2326.16,2326.16,2322.86,2325.86,151.903229
2026-04-22 00:27:00,2325.86,2326.55,2324.46,2324.71,126.103595
2026-04-22 00:30:00,2324.71,2326.12,2324.43,2325.32,236.247944
2026-04-22 00:33:00,2325.33,2325.94,2323.07,2323.66,89.120552
2026-04-22 00:36:00,2323.71,2325.59,2322.19,2325.07,112.177881
2026-04-22 00:39:00,2324.89,2328.62,2324.89,2325.65,30.280879
2026-04-22 00:42:00,2325.59,2327.21,2324.78,2326.8,22.108663
2026-04-22 00:45:00,2326.9,2327.7,2325.84,2326.69,48.613818
2026-04-22 00:48:00,2326.68,2326.68,2323.0,2323.36,38.058237
2026-04-22 00:51:00,2323.36,2324.54,2323.01,2323.56,21.556281
2026-04-22 00:54:00,2323.57,2324.99,2323.02,2324.73,44.104226
2026-04-22 00:57:00,2324.81,2325.75,2323.61,2325.65,107.081511
2026-04-22 01:00:00,2325.58,2327.0,2324.01,2326.7,73.90043
2026-04-22 01:03:00,2326.7,2326.71,2324.61,2325.62,62.614945
2026-04-22 01:06:00,2325.53,2325.78,2324.04,2324.91,18.523733
2026-04-22 01:09:00,2324.85,2325.61,2322.62,2323.7,38.579276
2026-04-22 01:12:00,2323.7,2328.65,2323.7,2327.47,105.449897
2026-04-22 01:15:00,2327.36,2327.36,2324.02,2324.5,28.564465
2026-04-22 01:18:00,2324.46,2324.46,2318.09,2319.98,110.952375
2026-04-22 01:21:00,2320.01,2321.05,2318.01,2320.06,78.198185
2026-04-22 01:24:00,2319.98,2319.98,2316.4,2316.41,145.856032
2026-04-22 01:27:00,2316.82,2317.75,2314.29,2314.29,261.929499
2026-04-22 01:30:00,2314.28,2317.71,2313.22,2316.5,132.372036
2026-04-22 01:33:00,2316.51,2318.49,2316.51,2318.27,21.095252
2026-04-22 01:36:00,2318.35,2320.56,2318.06,2319.81,19.795668
2026-04-22 01:39:00,2319.76,2321.32,2319.52,2320.27,40.690486
2026-04-22 01:42:00,2320.22,2321.91,2319.95,2320.06,43.845503
2026-04-22 01:45:00,2319.95,2321.13,2317.81,2318.44,31.638627
2026-04-22 01:48:00,2318.5,2322.51,2318.5,2321.95,42.216786
2026-04-22 01:51:00,2322.06,2326.0,2320.72,2321.8,495.070577
2026-04-22 01:54:00,2321.8,2324.0,2321.21,2323.4,20.197011
2026-04-22 01:57:00,2323.4,2324.18,2322.58,2322.58,81.296689
2026-04-22 02:00:00,2322.77,2324.21,2321.89,2322.13,44.597284
2026-04-22 02:03:00,2322.22,2322.24,2320.4,2321.4,17.672221
2026-04-22 02:06:00,2321.39,2322.9,2320.44,2322.38,41.85486
2026-04-22 02:09:00,2322.38,2337.78,2322.38,2337.37,1312.626876
2026-04-22 02:12:00,2337.4,2342.26,2334.56,2334.93,754.38073
2026-04-22 02:15:00,2334.94,2348.27,2334.94,2345.6,1633.2386
2026-04-22 02:18:00,2345.49,2353.5,2343.15,2344.38,1506.706862
2026-04-22 02:21:00,2344.62,2345.28,2338.06,2343.19,509.236355
2026-04-22 02:24:00,2343.06,2346.83,2342.6,2346.11,336.329437
2026-04-22 02:27:00,2346.09,2357.0,2345.31,2355.44,1138.347664
2026-04-22 02:30:00,2355.44,2363.22,2350.41,2351.25,1466.787253
2026-04-22 02:33:00,2350.86,2359.68,2349.4,2356.71,544.813745
2026-04-22 02:36:00,2356.72,2356.97,2352.08,2352.62,440.58053
2026-04-22 02:39:00,2352.69,2360.88,2352.01,2359.54,724.902653
2026-04-22 02:42:00,2359.62,2366.0,2359.62,2363.66,1232.139401
2026-04-22 02:45:00,2363.87,2365.84,2358.91,2359.66,326.962894
2026-04-22 02:48:00,2359.77,2362.5,2357.6,2360.79,394.243235
2026-04-22 02:51:00,2360.78,2366.81,2360.15,2362.52,597.608687
2026-04-22 02:54:00,2362.63,2372.79,2362.54,2368.83,2044.043043
2026-04-22 02:57:00,2369.11,2375.85,2369.11,2370.48,979.552818
2026-04-22 03:00:00,2370.51,2374.61,2366.12,2373.8,1063.906358
2026-04-22 03:03:00,2373.68,2378.5,2370.74,2372.26,835.064104
2026-04-22 03:06:00,2372.23,2379.46,2372.13,2373.07,553.629993
2026-04-22 03:09:00,2373.29,2375.0,2372.0,2374.91,297.397695
2026-04-22 03:12:00,2374.9,2375.13,2369.46,2371.03,298.615679
2026-04-22 03:15:00,2371.03,2371.47,2363.8,2364.88,396.955734
2026-04-22 03:18:00,2364.77,2365.8,2362.5,2363.31,328.220923
2026-04-22 03:21:00,2363.32,2366.31,2363.32,2365.13,397.13082
2026-04-22 03:24:00,2365.04,2367.72,2364.37,2367.28,451.838017
2026-04-22 03:27:00,2367.28,2367.28,2364.01,2364.88,51.760209
2026-04-22 03:30:00,2364.93,2365.77,2359.5,2359.85,476.984977
2026-04-22 03:33:00,2359.85,2361.28,2359.17,2360.18,169.395382
2026-04-22 03:36:00,2360.18,2360.7,2358.78,2359.59,123.415335
2026-04-22 03:39:00,2359.59,2361.19,2358.28,2360.86,134.020037
2026-04-22 03:42:00,2360.85,2364.52,2360.81,2364.24,335.936668
2026-04-22 03:45:00,2364.14,2366.23,2361.59,2362.61,217.151209
2026-04-22 03:48:00,2362.62,2365.24,2361.0,2364.8,70.72578
2026-04-22 03:51:00,2364.77,2366.64,2364.33,2364.33,46.767306
2026-04-22 03:54:00,2364.34,2365.94,2363.88,2363.88,89.585209
2026-04-22 03:57:00,2363.76,2366.36,2363.43,2363.82,277.082123
2026-04-22 04:00:00,2363.73,2366.4,2363.73,2365.17,428.95353
2026-04-22 04:03:00,2365.14,2367.0,2363.94,2366.99,140.109286
2026-04-22 04:06:00,2366.71,2366.74,2364.92,2366.24,69.328761
2026-04-22 04:09:00,2366.27,2367.55,2366.27,2366.55,79.354552
2026-04-22 04:12:00,2366.54,2366.56,2362.22,2362.44,154.668641
2026-04-22 04:15:00,2362.51,2362.97,2360.71,2360.71,123.761421
2026-04-22 04:18:00,2360.66,2361.55,2358.39,2358.39,94.841525
2026-04-22 04:21:00,2358.47,2362.57,2358.47,2361.23,98.704142
2026-04-22 04:24:00,2361.24,2361.6,2359.56,2361.24,119.169119
2026-04-22 04:27:00,2361.24,2363.25,2360.95,2362.01,81.577981
2026-04-22 04:30:00,2362.06,2362.72,2360.15,2360.24,134.306606
2026-04-22 04:33:00,2360.19,2361.05,2359.33,2359.96,111.233652
2026-04-22 04:36:00,2359.99,2362.53,2359.63,2362.53,169.481632
2026-04-22 04:39:00,2362.54,2369.44,2362.54,2366.99,542.136132
2026-04-22 04:42:00,2366.99,2368.01,2364.82,2365.01,144.620546
2026-04-22 04:45:00,2365.0,2365.0,2362.96,2364.63,100.40634
2026-04-22 04:48:00,2364.63,2364.82,2362.83,2363.5,63.885347
2026-04-22 04:51:00,2363.57,2364.16,2361.51,2363.0,80.859343
2026-04-22 04:54:00,2363.0,2363.0,2361.41,2362.08,64.370734
2026-04-22 04:57:00,2362.08,2363.93,2361.68,2363.92,54.482087
2026-04-22 05:00:00,2363.93,2364.77,2361.9,2361.99,31.008334
2026-04-22 05:03:00,2362.0,2365.34,2361.99,2364.56,96.237594
2026-04-22 05:06:00,2364.62,2367.35,2364.15,2367.35,66.528974
2026-04-22 05:09:00,2367.36,2368.33,2365.41,2365.41,71.663189
2026-04-22 05:12:00,2365.41,2367.26,2365.37,2366.48,75.947254
2026-04-22 05:15:00,2366.48,2389.27,2366.09,2386.52,3260.06433
2026-04-22 05:18:00,2386.56,2393.0,2381.66,2389.58,1201.211819
2026-04-22 05:21:00,2389.59,2396.38,2387.05,2389.52,1027.265811
2026-04-22 05:24:00,2389.54,2396.77,2389.5,2391.28,853.770572
2026-04-22 05:27:00,2391.28,2391.35,2385.52,2387.68,590.557441
2026-04-22 05:30:00,2387.68,2402.97,2387.68,2401.42,3748.846636
2026-04-22 05:33:00,2401.43,2402.43,2394.27,2400.2,863.51991
2026-04-22 05:36:00,2400.23,2400.3,2391.51,2391.51,409.355357
2026-04-22 05:39:00,2391.51,2396.5,2387.32,2392.3,568.11566
2026-04-22 05:42:00,2392.51,2397.44,2391.43,2397.17,236.538227
2026-04-22 05:45:00,2397.16,2403.15,2394.4,2403.15,1579.752228
2026-04-22 05:48:00,2403.14,2403.37,2397.45,2397.96,1170.094581
2026-04-22 05:51:00,2397.92,2413.33,2397.92,2401.26,6625.942766
2026-04-22 05:54:00,2401.25,2403.19,2399.16,2399.16,454.648788
2026-04-22 05:57:00,2399.15,2399.63,2396.59,2396.83,288.47956
2026-04-22 06:00:00,2396.82,2397.19,2390.03,2392.19,538.011792
2026-04-22 06:03:00,2392.2,2394.52,2392.2,2394.29,278.440573
2026-04-22 06:06:00,2394.33,2395.0,2392.05,2392.81,177.857706
2026-04-22 06:09:00,2392.8,2392.8,2391.08,2391.43,287.326093
2026-04-22 06:12:00,2391.45,2393.83,2391.01,2392.27,225.408532
2026-04-22 06:15:00,2392.28,2394.78,2391.94,2392.42,139.611569
2026-04-22 06:18:00,2392.59,2393.74,2392.26,2393.66,66.839959
2026-04-22 06:21:00,2393.66,2393.67,2392.09,2392.19,52.202568
2026-04-22 06:24:00,2392.2,2392.2,2389.61,2390.53,265.159297
2026-04-22 06:27:00,2390.52,2392.39,2390.01,2392.17,112.699709
2026-04-22 06:30:00,2392.18,2393.72,2391.65,2393.31,86.237958
2026-04-22 06:33:00,2393.39,2394.45,2390.19,2392.09,184.072297
2026-04-22 06:36:00,2392.1,2392.99,2390.53,2391.66,71.548921
2026-04-22 06:39:00,2391.66,2393.3,2391.01,2392.06,199.547264
2026-04-22 06:42:00,2392.06,2392.06,2390.41,2391.43,72.547535
2026-04-22 06:45:00,2391.46,2391.88,2389.62,2391.18,81.412514
2026-04-22 06:48:00,2391.19,2392.67,2391.07,2392.56,162.83623
2026-04-22 06:51:00,2392.56,2393.36,2391.6,2392.01,104.669411
2026-04-22 06:54:00,2392.02,2392.9,2391.11,2391.39,32.023153
2026-04-22 06:57:00,2391.39,2393.36,2391.38,2393.22,75.059531
2026-04-22 07:00:00,2393.22,2394.38,2391.71,2393.52,220.467462
2026-04-22 07:03:00,2393.52,2395.18,2392.9,2394.34,181.295558
2026-04-22 07:06:00,2394.35,2394.35,2392.04,2393.7,105.790445
2026-04-22 07:09:00,2393.7,2394.98,2393.69,2394.53,119.274428
2026-04-22 07:12:00,2394.5,2397.68,2394.16,2397.25,178.797733
2026-04-22 07:15:00,2397.25,2397.25,2392.44,2393.39,139.407202
2026-04-22 07:18:00,2393.52,2393.74,2385.53,2386.91,1249.302666
2026-04-22 07:21:00,2386.91,2388.07,2384.01,2387.47,850.877155
2026-04-22 07:24:00,2387.48,2389.6,2385.63,2388.32,736.887166
2026-04-22 07:27:00,2388.32,2389.17,2385.56,2387.24,158.076216
2026-04-22 07:30:00,2387.25,2388.58,2386.2,2388.39,208.687551
2026-04-22 07:33:00,2388.39,2389.85,2387.15,2389.74,284.217296
2026-04-22 07:36:00,2389.73,2389.84,2387.56,2387.93,215.680996
2026-04-22 07:39:00,2387.92,2388.41,2386.4,2387.46,278.324948
2026-04-22 07:42:00,2387.46,2394.98,2387.38,2394.02,992.301064
2026-04-22 07:45:00,2394.01,2394.43,2391.94,2393.52,214.668082
2026-04-22 07:48:00,2393.52,2393.6,2390.81,2391.55,392.007106
2026-04-22 07:51:00,2391.55,2392.0,2388.79,2388.8,476.874027
2026-04-22 07:54:00,2388.8,2391.36,2387.93,2390.51,515.428418
2026-04-22 07:57:00,2390.5,2391.11,2389.19,2390.05,270.076783
2026-04-22 08:00:00,2390.05,2393.44,2389.4,2391.81,256.799552
2026-04-22 08:03:00,2391.8,2392.05,2388.61,2390.52,148.943991
2026-04-22 08:06:00,2390.52,2391.81,2389.48,2391.41,79.455932
2026-04-22 08:09:00,2391.41,2392.12,2390.68,2391.05,191.63962
2026-04-22 08:12:00,2390.99,2391.49,2389.87,2390.73,127.339201
2026-04-22 08:15:00,2390.73,2391.73,2389.63,2391.73,130.073088
2026-04-22 08:18:00,2391.74,2391.8,2389.92,2390.5,28.532036
2026-04-22 08:21:00,2390.49,2392.29,2387.2,2387.97,165.93428
2026-04-22 08:24:00,2387.97,2388.54,2384.7,2386.98,433.950476
2026-04-22 08:27:00,2386.98,2389.32,2385.49,2385.51,395.001515
2026-04-22 08:30:00,2385.57,2386.78,2384.26,2386.33,94.953952
2026-04-22 08:33:00,2386.43,2387.13,2384.0,2385.96,216.125289
2026-04-22 08:36:00,2385.96,2387.79,2385.0,2385.62,334.105001
2026-04-22 08:39:00,2385.68,2386.44,2383.77,2384.66,102.883394
2026-04-22 08:42:00,2384.81,2385.32,2383.69,2383.69,270.024483
2026-04-22 08:45:00,2383.69,2385.33,2383.69,2384.91,130.593917
2026-04-22 08:48:00,2384.91,2385.91,2383.1,2385.91,281.787619
2026-04-22 08:51:00,2385.84,2389.23,2385.4,2389.07,76.381886
2026-04-22 08:54:00,2389.08,2390.0,2387.37,2387.37,79.504759
2026-04-22 08:57:00,2387.24,2389.95,2386.73,2388.11,277.167006
2026-04-22 09:00:00,2388.0,2390.49,2387.01,2388.82,211.277355
2026-04-22 09:03:00,2388.81,2389.4,2386.77,2388.6,169.771413
2026-04-22 09:06:00,2388.61,2391.49,2386.55,2390.45,83.9233
2026-04-22 09:09:00,2390.59,2393.45,2390.43,2392.06,198.775339
2026-04-22 09:12:00,2391.99,2391.99,2390.95,2391.84,78.538487
2026-04-22 09:15:00,2391.89,2392.94,2391.0,2391.26,82.696687
2026-04-22 09:18:00,2391.27,2391.27,2388.92,2390.86,63.170174
2026-04-22 09:21:00,2390.89,2392.7,2390.39,2391.06,93.581631
2026-04-22 09:24:00,2391.05,2393.36,2390.64,2393.07,56.311395
2026-04-22 09:27:00,2393.07,2394.0,2391.92,2393.55,36.673309
2026-04-22 09:30:00,2393.41,2393.44,2391.87,2393.1,34.270836
2026-04-22 09:33:00,2393.1,2393.1,2390.48,2390.48,70.963385
2026-04-22 09:36:00,2390.49,2390.89,2389.44,2390.83,27.217537
2026-04-22 09:39:00,2390.83,2393.85,2390.6,2392.87,77.731885
2026-04-22 09:42:00,2392.81,2393.8,2391.89,2391.89,13.715537
2026-04-22 09:45:00,2391.89,2391.89,2389.41,2389.93,55.534419
2026-04-22 09:48:00,2389.92,2391.07,2388.9,2390.96,278.822682
2026-04-22 09:51:00,2390.96,2390.96,2384.0,2385.42,359.673199
2026-04-22 09:54:00,2385.43,2386.4,2384.61,2386.39,35.002701
2026-04-22 09:57:00,2386.39,2387.96,2386.35,2387.52,53.02116
2026-04-22 10:00:00,2387.45,2390.0,2386.17,2386.44,172.469043
2026-04-22 10:03:00,2386.44,2388.3,2385.0,2388.3,38.554774
2026-04-22 10:06:00,2388.38,2390.33,2388.27,2388.87,30.610844
2026-04-22 10:09:00,2388.87,2390.3,2386.47,2390.12,86.321037
2026-04-22 10:12:00,2390.12,2390.33,2388.56,2390.08,37.609137
2026-04-22 10:15:00,2390.06,2390.78,2387.85,2387.95,75.43314
2026-04-22 10:18:00,2388.05,2390.99,2388.04,2390.99,33.719377
2026-04-22 10:21:00,2390.69,2391.33,2389.45,2389.62,70.734566
2026-04-22 10:24:00,2389.59,2389.83,2388.83,2389.63,46.546768
2026-04-22 10:27:00,2389.51,2391.53,2389.35,2391.13,83.991279
2026-04-22 10:30:00,2391.02,2392.2,2390.56,2392.2,110.071368
2026-04-22 10:33:00,2392.2,2393.7,2391.53,2393.24,138.630491
2026-04-22 10:36:00,2393.04,2393.04,2391.06,2391.18,34.68134
2026-04-22 10:39:00,2391.13,2391.96,2390.5,2391.68,76.082424
2026-04-22 10:42:00,2391.67,2391.67,2389.63,2390.16,48.214645
2026-04-22 10:45:00,2390.16,2390.44,2389.5,2389.79,40.851595
2026-04-22 10:48:00,2389.79,2391.1,2389.79,2390.17,45.861518
2026-04-22 10:51:00,2390.17,2391.55,2390.01,2391.2,12.38016
2026-04-22 10:54:00,2391.2,2391.2,2389.0,2389.01,91.578297
2026-04-22 10:57:00,2389.01,2390.59,2388.98,2390.46,141.827317
2026-04-22 11:00:00,2390.36,2393.68,2389.53,2392.84,219.041201
2026-04-22 11:03:00,2392.84,2393.16,2390.0,2391.11,116.177754
2026-04-22 11:06:00,2391.2,2391.47,2389.47,2389.47,48.811821
2026-04-22 11:09:00,2389.46,2389.61,2386.64,2389.16,280.839394
2026-04-22 11:12:00,2389.45,2390.81,2388.68,2389.57,67.155335
2026-04-22 11:15:00,2389.71,2391.48,2389.6,2391.08,38.600975
2026-04-22 11:18:00,2391.0,2392.79,2390.75,2391.65,113.675482
2026-04-22 11:21:00,2391.65,2392.79,2390.93,2392.31,76.951982
2026-04-22 11:24:00,2392.3,2392.4,2391.74,2392.15,25.771682
2026-04-22 11:27:00,2392.15,2392.99,2391.71,2392.52,26.924914
2026-04-22 11:30:00,2392.55,2393.97,2392.02,2392.02,57.923453
2026-04-22 11:33:00,2392.03,2397.78,2391.18,2391.49,741.103262
2026-04-22 11:36:00,2391.34,2392.16,2388.82,2391.73,165.387143
2026-04-22 11:39:00,2391.72,2392.78,2390.72,2392.78,70.718816
2026-04-22 11:42:00,2392.79,2394.6,2391.62,2392.52,77.693703
2026-04-22 11:45:00,2392.53,2395.4,2392.53,2392.58,67.877129
2026-04-22 11:48:00,2392.53,2396.18,2392.46,2394.83,94.630744
2026-04-22 11:51:00,2394.92,2400.72,2394.75,2398.2,1061.042127
2026-04-22 11:54:00,2397.97,2398.71,2396.79,2397.39,138.426878
2026-04-22 11:57:00,2397.36,2398.52,2396.31,2398.52,128.496059
2026-04-22 12:00:00,2398.52,2400.44,2396.34,2399.75,297.16232
2026-04-22 12:03:00,2399.87,2402.44,2396.24,2397.03,293.571791
2026-04-22 12:06:00,2397.09,2399.4,2397.09,2399.12,40.885648
2026-04-22 12:09:00,2399.23,2401.42,2398.53,2400.09,196.529657
2026-04-22 12:12:00,2400.09,2404.27,2399.67,2402.19,276.935852
2026-04-22 12:15:00,2402.18,2406.03,2400.61,2401.3,357.066737
2026-04-22 12:18:00,2401.27,2403.61,2400.28,2401.2,285.435438
2026-04-22 12:21:00,2401.2,2402.15,2399.6,2400.55,157.676919
2026-04-22 12:24:00,2400.51,2402.38,2399.22,2400.62,269.091111
2026-04-22 12:27:00,2400.62,2400.96,2396.43,2397.97,387.534071
2026-04-22 12:30:00,2397.96,2398.17,2395.91,2397.19,281.56312
2026-04-22 12:33:00,2397.18,2402.5,2396.88,2400.2,261.82677
2026-04-22 12:36:00,2400.24,2401.71,2398.41,2399.77,104.106847
2026-04-22 12:39:00,2399.76,2401.11,2397.86,2399.55,128.409351
2026-04-22 12:42:00,2399.83,2400.54,2399.01,2400.18,165.580303
2026-04-22 12:45:00,2400.32,2407.27,2400.32,2404.32,532.181264
2026-04-22 12:48:00,2404.31,2404.31,2400.62,2402.63,189.833743
2026-04-22 12:51:00,2402.63,2403.88,2401.69,2402.84,97.379307
2026-04-22 12:54:00,2402.85,2404.67,2402.85,2403.96,55.681052
2026-04-22 12:57:00,2403.96,2406.68,2403.83,2404.8,372.659941
2026-04-22 13:00:00,2404.8,2406.5,2402.01,2405.75,153.852882
2026-04-22 13:03:00,2405.82,2409.0,2405.67,2408.42,404.296631
2026-04-22 13:06:00,2408.39,2409.83,2406.47,2407.01,201.045328
2026-04-22 13:09:00,2407.01,2414.41,2405.18,2408.3,834.174893
2026-04-22 13:12:00,2408.3,2409.8,2407.81,2408.8,135.939415
2026-04-22 13:15:00,2408.8,2410.9,2406.12,2408.0,285.725807
2026-04-22 13:18:00,2407.99,2415.69,2406.67,2410.61,2354.59152
2026-04-22 13:21:00,2410.43,2412.46,2408.41,2411.66,157.919764
2026-04-22 13:24:00,2411.64,2413.0,2409.0,2409.0,186.829741
2026-04-22 13:27:00,2409.0,2410.39,2408.42,2409.35,158.426788
2026-04-22 13:30:00,2409.62,2418.04,2406.51,2407.59,707.322907
2026-04-22 13:33:00,2407.59,2410.76,2402.06,2402.5,1563.578702
2026-04-22 13:36:00,2402.5,2410.2,2401.45,2407.94,928.825254
2026-04-22 13:39:00,2408.0,2413.6,2408.0,2412.27,922.958178
2026-04-22 13:42:00,2412.17,2415.11,2411.63,2413.9,726.60115
2026-04-22 13:45:00,2413.9,2423.93,2413.1,2420.25,3743.737964
2026-04-22 13:48:00,2420.02,2420.02,2411.63,2413.58,926.172448
2026-04-22 13:51:00,2413.75,2415.81,2409.35,2414.74,1109.209226
2026-04-22 13:54:00,2414.83,2415.13,2410.98,2414.75,834.110749
2026-04-22 13:57:00,2414.67,2417.75,2413.74,2417.59,472.295258
2026-04-22 14:00:00,2417.71,2423.17,2415.64,2419.41,669.804105
2026-04-22 14:03:00,2419.37,2420.59,2412.69,2412.77,379.799083
2026-04-22 14:06:00,2412.78,2417.33,2412.02,2415.31,231.079265
2026-04-22 14:09:00,2415.31,2420.37,2415.05,2419.2,453.387555
2026-04-22 14:12:00,2419.13,2424.09,2417.76,2423.1,520.062137
2026-04-22 14:15:00,2423.1,2423.41,2415.5,2415.5,424.749046
2026-04-22 14:18:00,2415.5,2415.5,2410.05,2412.25,523.570185
2026-04-22 14:21:00,2412.25,2420.0,2411.95,2415.71,407.598834
2026-04-22 14:24:00,2415.66,2417.18,2413.0,2415.33,409.349639
2026-04-22 14:27:00,2415.34,2415.89,2410.93,2411.32,1781.74841
2026-04-22 14:30:00,2411.31,2412.35,2393.77,2394.71,1243.80016
2026-04-22 14:33:00,2394.78,2402.19,2392.0,2398.54,718.414819
2026-04-22 14:36:00,2398.54,2403.86,2398.5,2401.35,346.208713
2026-04-22 14:39:00,2401.48,2406.88,2401.48,2403.21,615.683231
2026-04-22 14:42:00,2403.21,2403.8,2394.89,2395.82,440.378237
2026-04-22 14:45:00,2395.71,2400.0,2395.15,2398.33,364.141415
2026-04-22 14:48:00,2398.39,2404.64,2397.24,2403.87,403.868437
2026-04-22 14:51:00,2403.87,2404.63,2398.98,2399.8,502.24793
2026-04-22 14:54:00,2400.07,2402.0,2397.49,2400.64,185.366328
2026-04-22 14:57:00,2400.64,2405.57,2399.97,2403.01,363.349585
2026-04-22 15:00:00,2403.02,2404.0,2396.0,2397.29,242.329324
2026-04-22 15:03:00,2397.28,2399.85,2396.03,2396.89,378.804766
2026-04-22 15:06:00,2397.13,2402.91,2395.0,2401.13,382.075945
2026-04-22 15:09:00,2400.92,2404.0,2398.5,2402.45,360.56563
2026-04-22 15:12:00,2402.41,2402.41,2397.9,2398.5,188.766801
2026-04-22 15:15:00,2398.27,2399.39,2396.25,2397.81,179.892733
2026-04-22 15:18:00,2397.81,2399.38,2395.01,2398.15,260.599493
2026-04-22 15:21:00,2398.1,2400.6,2396.79,2400.21,221.727771
2026-04-22 15:24:00,2400.26,2400.58,2390.51,2395.05,587.203558
2026-04-22 15:27:00,2394.96,2399.93,2393.77,2398.73,400.034583
2026-04-22 15:30:00,2398.84,2404.19,2398.65,2399.66,415.098222
2026-04-22 15:33:00,2399.67,2400.25,2396.5,2396.51,224.875278
2026-04-22 15:36:00,2396.51,2411.16,2395.01,2406.49,1293.19481
2026-04-22 15:39:00,2406.49,2411.39,2406.49,2410.68,576.301794
2026-04-22 15:42:00,2410.66,2412.57,2407.77,2411.77,290.026455
2026-04-22 15:45:00,2411.71,2413.82,2409.64,2410.69,215.17761
2026-04-22 15:48:00,2410.69,2412.73,2407.28,2408.7,280.113733
2026-04-22 15:51:00,2408.55,2409.88,2407.12,2408.26,162.415374
2026-04-22 15:54:00,2408.26,2411.18,2408.1,2408.58,164.50521
2026-04-22 15:57:00,2408.5,2408.51,2402.97,2403.8,204.099488
2026-04-22 16:00:00,2403.8,2409.64,2403.8,2409.62,360.866114
2026-04-22 16:03:00,2409.62,2413.77,2408.45,2410.71,1526.071884
2026-04-22 16:06:00,2411.11,2412.31,2408.98,2409.62,245.572068
2026-04-22 16:09:00,2409.71,2410.02,2401.4,2402.53,287.940364
2026-04-22 16:12:00,2402.53,2405.87,2401.76,2404.65,151.203945
2026-04-22 16:15:00,2404.62,2405.35,2402.0,2402.9,167.976422
2026-04-22 16:18:00,2402.9,2403.65,2399.73,2401.55,146.61132
2026-04-22 16:21:00,2401.46,2402.66,2395.83,2396.5,147.106801
2026-04-22 16:24:00,2396.3,2398.59,2395.01,2396.04,177.267638
2026-04-22 16:27:00,2396.12,2397.46,2392.6,2393.89,445.921901
2026-04-22 16:30:00,2393.98,2393.98,2388.8,2391.28,554.252364
2026-04-22 16:33:00,2391.28,2395.57,2390.95,2394.62,571.250713
2026-04-22 16:36:00,2394.45,2396.26,2392.88,2393.24,174.010362
2026-04-22 16:39:00,2393.5,2396.43,2391.38,2392.46,277.979104
2026-04-22 16:42:00,2392.47,2393.46,2387.61,2390.16,637.217989
2026-04-22 16:45:00,2390.33,2390.78,2386.41,2390.78,172.918619
2026-04-22 16:48:00,2390.77,2391.99,2388.01,2390.34,226.093604
2026-04-22 16:51:00,2390.34,2391.25,2385.22,2388.36,280.4349
2026-04-22 16:54:00,2388.36,2388.63,2384.09,2387.09,858.455641
2026-04-22 16:57:00,2387.09,2387.85,2385.13,2386.18,139.875468
2026-04-22 17:00:00,2386.27,2395.89,2386.27,2391.27,462.8929
2026-04-22 17:03:00,2391.47,2393.75,2391.02,2391.84,66.088229
2026-04-22 17:06:00,2391.83,2393.41,2390.54,2392.23,107.726857
2026-04-22 17:09:00,2392.34,2397.73,2392.34,2395.07,233.909255
2026-04-22 17:12:00,2395.08,2395.89,2393.01,2394.02,110.502539
2026-04-22 17:15:00,2393.65,2394.15,2387.19,2388.3,187.513597
2026-04-22 17:18:00,2388.3,2390.0,2386.91,2389.91,159.994455
2026-04-22 17:21:00,2389.92,2392.39,2389.92,2390.17,110.324305
2026-04-22 17:24:00,2390.02,2392.83,2387.79,2392.57,201.062516
2026-04-22 17:27:00,2392.31,2395.38,2392.12,2392.39,194.814713
2026-04-22 17:30:00,2392.39,2396.0,2391.44,2394.71,254.538027
2026-04-22 17:33:00,2394.72,2395.38,2392.48,2394.59,193.723418
2026-04-22 17:36:00,2394.7,2397.16,2393.86,2396.57,72.007423
2026-04-22 17:39:00,2396.71,2400.21,2396.06,2398.35,426.768396
2026-04-22 17:42:00,2397.96,2399.41,2396.85,2397.63,242.376861
2026-04-22 17:45:00,2397.64,2401.87,2392.15,2400.35,631.637086
2026-04-22 17:48:00,2400.36,2401.06,2398.39,2399.18,182.748423
2026-04-22 17:51:00,2399.62,2402.46,2399.28,2402.38,257.55768
2026-04-22 17:54:00,2402.06,2402.93,2400.34,2400.35,70.508093
2026-04-22 17:57:00,2400.35,2401.04,2398.55,2399.38,381.248769
2026-04-22 18:00:00,2399.39,2404.81,2399.16,2402.72,279.934043
2026-04-22 18:03:00,2402.72,2403.35,2400.71,2400.71,149.719506
2026-04-22 18:06:00,2400.71,2400.8,2398.36,2400.12,142.9385
2026-04-22 18:09:00,2400.12,2400.23,2398.77,2400.11,120.912835
2026-04-22 18:12:00,2400.2,2404.89,2400.2,2401.75,186.200707
2026-04-22 18:15:00,2402.13,2402.53,2399.3,2400.67,76.573833
2026-04-22 18:18:00,2400.67,2402.11,2398.36,2399.15,39.071727
2026-04-22 18:21:00,2399.11,2399.78,2396.77,2398.84,30.873716
2026-04-22 18:24:00,2399.12,2401.88,2398.82,2399.14,90.8696
2026-04-22 18:27:00,2399.13,2399.13,2397.7,2398.06,100.61928
2026-04-22 18:30:00,2398.19,2398.42,2395.25,2397.78,140.654336
2026-04-22 18:33:00,2397.82,2398.45,2396.61,2398.11,56.682417
2026-04-22 18:36:00,2398.08,2399.59,2396.76,2398.5,28.356545
2026-04-22 18:39:00,2398.49,2400.89,2397.57,2399.52,105.972989
2026-04-22 18:42:00,2399.52,2404.1,2398.3,2398.3,359.171666
2026-04-22 18:45:00,2398.31,2400.52,2397.78,2400.52,43.828189
2026-04-22 18:48:00,2400.48,2403.77,2400.48,2403.41,103.949286
2026-04-22 18:51:00,2403.41,2404.51,2401.6,2402.24,90.255752
2026-04-22 18:54:00,2402.22,2402.22,2398.54,2398.54,217.80041
2026-04-22 18:57:00,2398.58,2399.18,2396.08,2397.0,96.056392
2026-04-22 19:00:00,2397.05,2397.8,2390.51,2394.33,288.004776
2026-04-22 19:03:00,2394.48,2394.75,2389.24,2392.77,152.041847
2026-04-22 19:06:00,2392.94,2393.63,2391.11,2391.82,132.654193
2026-04-22 19:09:00,2391.82,2393.6,2391.82,2392.77,54.955636
2026-04-22 19:12:00,2392.7,2395.39,2392.66,2394.97,157.282621
2026-04-22 19:15:00,2394.89,2397.39,2393.95,2395.31,103.349411
2026-04-22 19:18:00,2395.33,2404.12,2395.05,2401.99,481.322104
2026-04-22 19:21:00,2402.0,2406.37,2401.7,2406.37,419.332399
2026-04-22 19:24:00,2406.37,2407.14,2404.3,2406.16,128.85922
2026-04-22 19:27:00,2405.99,2406.32,2403.87,2405.05,115.862184
2026-04-22 19:30:00,2404.96,2405.89,2403.43,2403.93,156.457911
2026-04-22 19:33:00,2403.86,2403.86,2395.56,2395.56,208.385212
2026-04-22 19:36:00,2395.55,2398.18,2392.62,2397.47,257.429305
2026-04-22 19:39:00,2397.64,2397.65,2395.28,2395.35,16.450216
2026-04-22 19:42:00,2395.57,2396.51,2394.92,2396.03,28.305778
2026-04-22 19:45:00,2396.02,2397.94,2394.06,2397.32,188.264866
2026-04-22 19:48:00,2397.32,2398.43,2394.95,2396.03,86.350194
2026-04-22 19:51:00,2396.23,2397.87,2394.18,2396.26,86.915681
2026-04-22 19:54:00,2396.27,2399.11,2395.89,2399.11,66.568471
2026-04-22 19:57:00,2399.11,2400.38,2396.61,2397.73,108.446672
2026-04-22 20:00:00,2397.74,2400.61,2396.94,2399.39,166.661299
2026-04-22 20:03:00,2399.44,2402.29,2398.76,2401.24,195.732416
2026-04-22 20:06:00,2401.24,2401.9,2398.46,2400.85,145.341536
2026-04-22 20:09:00,2400.86,2401.67,2397.7,2398.92,111.393565
2026-04-22 20:12:00,2398.91,2401.4,2398.52,2399.79,127.59318
2026-04-22 20:15:00,2399.8,2399.81,2398.0,2398.51,17.25121
2026-04-22 20:18:00,2398.51,2398.8,2394.42,2395.88,177.3418
2026-04-22 20:21:00,2396.13,2396.6,2391.7,2396.17,293.71449
2026-04-22 20:24:00,2396.39,2398.12,2394.45,2398.12,30.459048
2026-04-22 20:27:00,2398.12,2398.67,2397.24,2397.74,26.290494
2026-04-22 20:30:00,2397.73,2398.99,2397.73,2398.99,17.603053
2026-04-22 20:33:00,2399.0,2399.39,2396.63,2396.7,59.993175
2026-04-22 20:36:00,2396.78,2397.23,2392.06,2395.11,215.961054
2026-04-22 20:39:00,2395.11,2396.16,2394.29,2395.22,56.860506
2026-04-22 20:42:00,2395.22,2395.22,2393.81,2393.81,27.315493
2026-04-22 20:45:00,2393.8,2395.44,2393.16,2395.24,133.137249
2026-04-22 20:48:00,2395.24,2395.42,2392.99,2392.99,38.524252
2026-04-22 20:51:00,2392.99,2393.0,2391.3,2391.41,68.916774
2026-04-22 20:54:00,2391.41,2391.68,2390.9,2391.2,37.970956
2026-04-22 20:57:00,2391.19,2392.7,2390.6,2391.57,194.291377
2026-04-22 21:00:00,2391.57,2395.0,2391.56,2395.0,481.577895
2026-04-22 21:03:00,2394.99,2394.99,2393.31,2394.35,22.738446
2026-04-22 21:06:00,2394.35,2396.0,2394.34,2394.41,238.28991
2026-04-22 21:09:00,2394.41,2394.92,2393.85,2394.65,129.145241
2026-04-22 21:12:00,2394.65,2395.0,2392.49,2393.54,545.763753
2026-04-22 21:15:00,2393.65,2395.0,2393.22,2395.0,21.211222
2026-04-22 21:18:00,2395.0,2395.0,2393.65,2395.0,28.665524
2026-04-22 21:21:00,2395.0,2397.0,2394.79,2396.4,273.846767
2026-04-22 21:24:00,2396.4,2397.58,2396.4,2397.58,425.225636
2026-04-22 21:27:00,2397.57,2397.69,2396.51,2396.52,83.960597
2026-04-22 21:30:00,2396.61,2399.92,2396.61,2399.91,532.897981
2026-04-22 21:33:00,2399.89,2400.47,2398.39,2400.39,93.256718
2026-04-22 21:36:00,2400.39,2402.3,2399.35,2402.06,101.285788
2026-04-22 21:39:00,2402.07,2404.1,2401.72,2403.96,136.852124
2026-04-22 21:42:00,2403.97,2406.04,2403.97,2406.04,85.88124
2026-04-22 21:45:00,2406.04,2406.04,2402.96,2403.52,202.184492
2026-04-22 21:48:00,2403.51,2405.0,2402.64,2403.51,118.631174
2026-04-22 21:51:00,2403.51,2403.62,2401.01,2402.08,73.305822
2026-04-22 21:54:00,2402.08,2404.09,2401.31,2404.09,92.789372
2026-04-22 21:57:00,2404.09,2404.09,2402.58,2402.59,28.240234
2026-04-22 22:00:00,2402.58,2405.0,2401.28,2401.34,75.876516
2026-04-22 22:03:00,2401.33,2402.74,2399.36,2400.22,72.126197
2026-04-22 22:06:00,2400.23,2404.88,2400.23,2404.12,78.704334
2026-04-22 22:09:00,2404.08,2405.25,2402.27,2404.03,152.657926
2026-04-22 22:12:00,2404.02,2405.24,2402.28,2402.57,113.39602
2026-04-22 22:15:00,2402.56,2403.35,2399.03,2401.99,67.884504
2026-04-22 22:18:00,2401.98,2402.08,2398.09,2398.72,87.769664
2026-04-22 22:21:00,2398.78,2400.26,2398.2,2398.2,72.624223
2026-04-22 22:24:00,2398.2,2399.13,2397.05,2397.05,59.22846
2026-04-22 22:27:00,2397.04,2397.38,2395.77,2396.91,57.413198
2026-04-22 22:30:00,2396.91,2399.38,2396.05,2397.7,44.567337
2026-04-22 22:33:00,2397.8,2397.96,2395.54,2397.05,115.281725
2026-04-22 22:36:00,2397.04,2397.58,2394.25,2395.37,81.961235
2026-04-22 22:39:00,2395.48,2396.4,2395.05,2395.77,60.726892
2026-04-22 22:42:00,2395.8,2397.14,2395.36,2395.92,55.102254
2026-04-22 22:45:00,2395.91,2397.66,2395.01,2395.55,135.962243
2026-04-22 22:48:00,2395.55,2395.9,2394.11,2395.39,80.073012
2026-04-22 22:51:00,2395.3,2397.27,2394.94,2395.89,33.029545
2026-04-22 22:54:00,2395.89,2397.19,2395.46,2396.55,49.331947
2026-04-22 22:57:00,2396.54,2400.47,2396.54,2399.87,119.625588
2026-04-22 23:00:00,2399.98,2400.96,2394.22,2395.1,122.583966
2026-04-22 23:03:00,2395.05,2395.05,2393.52,2394.69,94.101956
2026-04-22 23:06:00,2394.71,2395.83,2392.6,2395.83,104.092993
2026-04-22 23:09:00,2395.83,2399.51,2395.41,2398.68,39.655024
2026-04-22 23:12:00,2398.67,2399.0,2397.29,2397.3,57.495466
2026-04-22 23:15:00,2397.29,2398.38,2396.43,2397.58,24.248946
2026-04-22 23:18:00,2397.58,2397.69,2395.44,2395.54,35.197536
2026-04-22 23:21:00,2395.54,2395.54,2387.5,2387.98,719.182769
2026-04-22 23:24:00,2387.99,2387.99,2380.5,2384.12,1094.044539
2026-04-22 23:27:00,2384.12,2386.75,2381.25,2386.11,487.658099
2026-04-22 23:30:00,2386.11,2386.11,2374.0,2378.65,745.294445
2026-04-22 23:33:00,2378.66,2379.18,2376.27,2379.05,471.46768
2026-04-22 23:36:00,2378.93,2380.0,2375.81,2376.79,324.162959
2026-04-22 23:39:00,2376.8,2378.86,2376.35,2376.65,121.295666
2026-04-22 23:42:00,2376.62,2378.4,2375.28,2377.47,219.181659
2026-04-22 23:45:00,2377.48,2380.66,2376.8,2379.81,147.093296
2026-04-22 23:48:00,2379.8,2380.21,2378.42,2379.41,29.096716
2026-04-22 23:51:00,2379.4,2379.4,2376.26,2378.31,68.360481
2026-04-22 23:54:00,2378.3,2378.3,2375.83,2376.99,88.728875
2026-04-22 23:57:00,2376.8,2376.85,2373.92,2374.06,264.24951
2026-04-23 00:00:00,2374.07,2379.09,2374.07,2376.66,307.153191
2026-04-23 00:03:00,2376.62,2378.6,2373.9,2374.35,136.320104
2026-04-23 00:06:00,2374.49,2375.36,2370.0,2372.0,438.442618
2026-04-23 00:09:00,2371.99,2371.99,2362.5,2363.02,1351.691686
2026-04-23 00:12:00,2362.88,2363.37,2359.68,2360.36,1025.084909
2026-04-23 00:15:00,2360.4,2360.57,2343.29,2356.4,2529.872657
2026-04-23 00:18:00,2356.39,2374.57,2353.8,2366.92,1229.996825
2026-04-23 00:21:00,2367.03,2371.4,2364.8,2366.71,477.139844
2026-04-23 00:24:00,2366.57,2372.3,2365.64,2372.3,134.688397
2026-04-23 00:27:00,2372.37,2373.85,2365.5,2373.77,407.660576
2026-04-23 00:30:00,2373.78,2378.12,2369.09,2369.22,406.545896
2026-04-23 00:33:00,2369.22,2372.89,2368.51,2371.88,133.599226
2026-04-23 00:36:00,2371.87,2382.46,2370.96,2376.58,873.859085
2026-04-23 00:39:00,2376.42,2378.84,2375.1,2375.43,111.544708
2026-04-23 00:42:00,2375.42,2376.07,2372.76,2373.8,103.62729
2026-04-23 00:45:00,2373.8,2376.53,2372.51,2372.84,94.055719
2026-04-23 00:48:00,2372.83,2372.83,2368.37,2369.94,182.662
2026-04-23 00:51:00,2370.0,2373.86,2369.4,2372.42,262.323407
2026-04-23 00:54:00,2372.41,2372.54,2370.55,2371.94,122.420254
2026-04-23 00:57:00,2371.98,2372.71,2370.82,2372.71,20.00684
2026-04-23 01:00:00,2372.76,2372.76,2369.1,2370.52,61.961835
2026-04-23 01:03:00,2370.52,2371.39,2367.65,2368.99,148.466202
2026-04-23 01:06:00,2368.98,2372.76,2367.85,2369.04,132.452894
2026-04-23 01:09:00,2369.1,2369.78,2364.24,2365.25,121.385499
2026-04-23 01:12:00,2365.4,2367.57,2365.28,2367.57,253.597348
2026-04-23 01:15:00,2367.58,2367.8,2363.02,2365.99,215.993305
2026-04-23 01:18:00,2365.99,2366.09,2362.92,2364.85,296.32305
2026-04-23 01:21:00,2364.82,2366.09,2362.13,2362.14,51.333734
2026-04-23 01:24:00,2362.14,2366.0,2360.68,2365.38,192.947974
2026-04-23 01:27:00,2365.25,2369.54,2362.82,2363.04,176.56305
2026-04-23 01:30:00,2363.04,2366.62,2361.89,2362.97,145.56098
2026-04-23 01:33:00,2362.94,2364.73,2360.75,2363.65,199.873673
2026-04-23 01:36:00,2363.61,2365.86,2362.51,2364.66,368.693608
2026-04-23 01:39:00,2364.68,2368.32,2364.27,2367.79,109.071251
2026-04-23 01:42:00,2367.78,2369.57,2365.58,2366.81,111.822913
2026-04-23 01:45:00,2366.79,2367.89,2365.6,2365.72,100.954654
2026-04-23 01:48:00,2365.71,2369.57,2364.33,2368.24,123.055323
2026-04-23 01:51:00,2368.24,2369.57,2366.04,2368.46,152.691937
2026-04-23 01:54:00,2368.46,2368.46,2365.56,2366.83,501.570739
2026-04-23 01:57:00,2366.88,2367.14,2365.55,2366.82,72.603239
2026-04-23 02:00:00,2366.89,2366.89,2362.55,2363.63,113.453125
2026-04-23 02:03:00,2363.64,2363.97,2362.11,2362.71,165.015976
2026-04-23 02:06:00,2362.71,2365.0,2361.58,2364.37,821.476572
2026-04-23 02:09:00,2364.36,2365.4,2363.07,2363.17,139.561778
2026-04-23 02:12:00,2363.01,2364.44,2360.42,2360.5,67.342581
2026-04-23 02:15:00,2360.5,2363.05,2357.42,2360.62,210.058683
2026-04-23 02:18:00,2360.67,2362.83,2359.6,2361.47,258.320377
2026-04-23 02:21:00,2361.17,2364.48,2359.58,2361.26,262.890244
2026-04-23 02:24:00,2361.03,2361.26,2348.0,2354.25,1843.196541
2026-04-23 02:27:00,2354.02,2355.4,2352.3,2355.2,235.668163
2026-04-23 02:30:00,2355.21,2356.13,2352.6,2355.45,93.815488
2026-04-23 02:33:00,2355.57,2356.61,2354.0,2356.12,139.138876
2026-04-23 02:36:00,2356.12,2357.77,2345.0,2346.0,841.320688
2026-04-23 02:39:00,2345.8,2350.31,2344.87,2346.11,460.399469
2026-04-23 02:42:00,2346.11,2350.3,2344.0,2348.88,375.766578
2026-04-23 02:45:00,2349.0,2352.63,2348.15,2348.15,343.589028
2026-04-23 02:48:00,2348.15,2352.57,2347.0,2351.92,310.978246
2026-04-23 02:51:00,2352.0,2355.27,2351.99,2353.93,312.178942
2026-04-23 02:54:00,2354.14,2354.27,2350.77,2351.75,229.968795
2026-04-23 02:57:00,2351.75,2353.91,2350.4,2352.16,175.354548
2026-04-23 03:00:00,2352.29,2353.87,2349.42,2352.6,251.225534
2026-04-23 03:03:00,2352.84,2353.17,2348.07,2348.96,118.591998
2026-04-23 03:06:00,2348.87,2349.67,2346.81,2347.34,120.11229
2026-04-23 03:09:00,2347.34,2349.36,2345.05,2346.98,202.12756
2026-04-23 03:12:00,2346.97,2346.97,2341.11,2341.26,731.097586
2026-04-23 03:15:00,2341.24,2344.55,2339.01,2340.89,790.995729
2026-04-23 03:18:00,2340.88,2341.49,2337.1,2337.56,407.493541
2026-04-23 03:21:00,2337.67,2341.2,2337.66,2338.76,197.444658
2026-04-23 03:24:00,2338.76,2339.11,2337.11,2338.08,130.716829
2026-04-23 03:27:00,2338.09,2340.46,2337.91,2339.24,201.517949
2026-04-23 03:30:00,2339.26,2340.65,2335.5,2337.41,610.168147
2026-04-23 03:33:00,2337.42,2337.73,2334.53,2336.58,234.762269
2026-04-23 03:36:00,2336.57,2336.63,2333.0,2333.48,550.845899
2026-04-23 03:39:00,2333.47,2337.06,2331.73,2336.78,359.792675
2026-04-23 03:42:00,2336.77,2338.63,2335.3,2338.59,125.969588
2026-04-23 03:45:00,2338.63,2339.99,2337.29,2337.57,189.69372
2026-04-23 03:48:00,2337.58,2338.34,2335.24,2338.02,243.739532
2026-04-23 03:51:00,2338.04,2340.19,2336.68,2339.29,144.695359
2026-04-23 03:54:00,2339.35,2340.43,2337.11,2338.5,95.207915
2026-04-23 03:57:00,2338.59,2342.59,2338.59,2341.07,315.39803
2026-04-23 04:00:00,2341.07,2341.07,2337.39,2337.97,287.874567
2026-04-23 04:03:00,2337.98,2339.61,2337.31,2337.93,180.603121
2026-04-23 04:06:00,2337.95,2341.99,2336.97,2341.0,547.61649
2026-04-23 04:09:00,2341.24,2344.33,2340.62,2343.61,175.690736
2026-04-23 04:12:00,2343.71,2344.77,2342.08,2343.73,181.369357
2026-04-23 04:15:00,2343.73,2343.83,2341.09,2342.67,138.366932
2026-04-23 04:18:00,2342.67,2345.0,2342.67,2344.77,220.811746
2026-04-23 04:21:00,2344.71,2345.0,2343.81,2343.81,190.076963
2026-04-23 04:24:00,2343.81,2344.09,2341.82,2342.83,190.791183
2026-04-23 04:27:00,2342.83,2344.26,2342.83,2343.35,56.802382
2026-04-23 04:30:00,2343.49,2346.62,2343.35,2346.37,91.01278
2026-04-23 04:33:00,2346.51,2348.15,2346.36,2347.57,268.222826
2026-04-23 04:36:00,2347.58,2347.58,2345.88,2346.27,201.816058
2026-04-23 04:39:00,2346.27,2346.9,2345.5,2346.16,80.9607
2026-04-23 04:42:00,2346.15,2346.55,2345.5,2346.11,49.093583
2026-04-23 04:45:00,2346.11,2347.85,2345.21,2345.3,195.48998
2026-04-23 04:48:00,2345.3,2346.43,2345.03,2345.53,143.455489
2026-04-23 04:51:00,2345.53,2346.94,2345.17,2346.94,91.306733
2026-04-23 04:54:00,2346.94,2348.33,2346.94,2347.41,73.345768
2026-04-23 04:57:00,2347.4,2348.8,2347.26,2347.96,91.130382
2026-04-23 05:00:00,2347.86,2352.94,2347.58,2351.83,342.310103
2026-04-23 05:03:00,2351.51,2352.33,2350.06,2351.18,84.020931
2026-04-23 05:06:00,2351.17,2351.77,2350.7,2351.36,81.861506
2026-04-23 05:09:00,2351.0,2351.86,2350.41,2350.46,73.582552
2026-04-23 05:12:00,2350.47,2351.76,2350.47,2351.12,119.507526
2026-04-23 05:15:00,2351.2,2351.62,2348.31,2348.83,109.154749
2026-04-23 05:18:00,2348.83,2350.88,2348.32,2350.01,76.858836
2026-04-23 05:21:00,2350.01,2350.19,2348.51,2348.73,16.929681
2026-04-23 05:24:00,2348.73,2348.94,2346.0,2346.97,135.947171
2026-04-23 05:27:00,2346.98,2347.13,2346.08,2346.57,86.033099
2026-04-23 05:30:00,2346.56,2346.88,2342.67,2342.83,185.17111
2026-04-23 05:33:00,2342.81,2344.8,2341.93,2343.22,207.879391
2026-04-23 05:36:00,2342.96,2344.06,2340.34,2341.6,482.720966
2026-04-23 05:39:00,2341.6,2343.43,2340.99,2343.43,59.666043
2026-04-23 05:42:00,2343.48,2344.96,2343.48,2344.96,24.319134
2026-04-23 05:45:00,2344.95,2348.0,2344.9,2346.97,81.035209
2026-04-23 05:48:00,2346.99,2349.43,2346.6,2349.43,133.747023
2026-04-23 05:51:00,2349.43,2352.0,2349.28,2351.11,192.643123
2026-04-23 05:54:00,2351.11,2351.64,2348.66,2349.44,194.811588
2026-04-23 05:57:00,2349.44,2349.66,2348.08,2349.06,60.026271
2026-04-23 06:00:00,2349.07,2351.39,2349.07,2351.29,35.061447
2026-04-23 06:03:00,2351.4,2356.37,2350.4,2355.2,635.035332
2026-04-23 06:06:00,2355.15,2357.18,2353.2,2353.63,187.579109
2026-04-23 06:09:00,2353.64,2355.0,2353.64,2354.54,226.594362
2026-04-23 06:12:00,2354.47,2354.85,2351.15,2351.65,229.674105
2026-04-23 06:15:00,2351.66,2353.77,2350.37,2353.49,155.401043
2026-04-23 06:18:00,2353.46,2353.76,2351.88,2352.58,267.781911
2026-04-23 06:21:00,2352.58,2360.0,2352.17,2357.84,788.667379
2026-04-23 06:24:00,2357.74,2358.62,2355.98,2357.14,245.348114
2026-04-23 06:27:00,2356.92,2357.59,2356.0,2356.91,160.624317
2026-04-23 06:30:00,2356.9,2360.0,2356.46,2358.17,399.076029
2026-04-23 06:33:00,2358.16,2358.17,2354.55,2355.32,475.48737
2026-04-23 06:36:00,2355.31,2355.82,2354.29,2355.57,112.272387
2026-04-23 06:39:00,2355.57,2355.77,2354.3,2354.55,75.278547
2026-04-23 06:42:00,2354.55,2354.9,2353.13,2353.74,53.40808
2026-04-23 06:45:00,2353.74,2354.0,2353.07,2353.48,37.087259
2026-04-23 06:48:00,2353.47,2353.48,2349.27,2350.93,384.087109
2026-04-23 06:51:00,2350.93,2355.0,2350.93,2354.58,117.022828
2026-04-23 06:54:00,2354.59,2355.69,2354.0,2354.71,168.726206
2026-04-23 06:57:00,2354.7,2355.49,2354.22,2354.67,60.657276
2026-04-23 07:00:00,2354.67,2356.81,2354.18,2355.87,226.042187
2026-04-23 07:03:00,2355.65,2356.45,2354.87,2355.78,84.528865
2026-04-23 07:06:00,2355.78,2356.93,2355.16,2356.09,89.906764
2026-04-23 07:09:00,2356.09,2356.73,2354.41,2354.76,69.714763
2026-04-23 07:12:00,2354.75,2354.75,2352.6,2353.74,379.651427
2026-04-23 07:15:00,2353.74,2354.08,2350.0,2350.39,1075.654511
2026-04-23 07:18:00,2350.39,2351.67,2349.5,2350.06,219.868342
2026-04-23 07:21:00,2350.06,2351.91,2349.0,2350.76,127.40013
2026-04-23 07:24:00,2350.82,2351.72,2350.19,2350.75,52.371791
2026-04-23 07:27:00,2350.8,2352.19,2350.03,2350.91,23.543282
2026-04-23 07:30:00,2350.91,2351.88,2349.44,2351.47,284.585162
2026-04-23 07:33:00,2351.48,2352.65,2350.77,2352.01,395.298568
2026-04-23 07:36:00,2352.01,2352.53,2346.0,2350.06,649.71578
2026-04-23 07:39:00,2350.0,2351.76,2349.99,2351.75,327.957339
2026-04-23 07:42:00,2351.76,2352.22,2350.41,2352.06,147.178641
2026-04-23 07:45:00,2352.07,2352.68,2349.55,2350.87,272.215136
2026-04-23 07:48:00,2350.87,2353.52,2349.91,2352.16,283.328687
2026-04-23 07:51:00,2352.2,2352.2,2343.92,2343.92,1368.434135
2026-04-23 07:54:00,2343.93,2345.59,2340.68,2344.54,1573.023324
2026-04-23 07:57:00,2344.54,2344.54,2342.01,2344.42,244.584911
2026-04-23 08:00:00,2344.46,2344.81,2341.13,2341.88,194.839244
2026-04-23 08:03:00,2341.97,2342.63,2339.62,2339.95,303.932459
2026-04-23 08:06:00,2339.94,2341.99,2338.63,2340.77,449.612851
2026-04-23 08:09:00,2340.77,2344.27,2340.36,2341.26,94.750455
2026-04-23 08:12:00,2341.36,2344.53,2341.36,2343.34,130.403997
2026-04-23 08:15:00,2343.34,2343.8,2341.59,2343.37,95.093457
2026-04-23 08:18:00,2343.43,2345.0,2341.97,2344.41,49.498889
2026-04-23 08:21:00,2344.41,2344.73,2341.07,2341.31,117.879375
2026-04-23 08:24:00,2341.31,2342.91,2338.39,2340.29,196.692967
2026-04-23 08:27:00,2340.29,2340.76,2338.0,2339.32,215.053834
2026-04-23 08:30:00,2339.32,2339.55,2337.01,2337.47,509.369943
2026-04-23 08:33:00,2337.46,2339.25,2336.01,2338.96,154.980391
2026-04-23 08:36:00,2338.99,2339.37,2336.25,2337.24,40.848989
2026-04-23 08:39:00,2337.29,2337.33,2335.14,2336.75,254.977993
2026-04-23 08:42:00,2336.75,2338.99,2335.28,2336.16,137.602134
2026-04-23 08:45:00,2336.17,2338.29,2335.81,2338.21,56.60816
2026-04-23 08:48:00,2338.3,2339.28,2337.22,2339.16,58.466135
2026-04-23 08:51:00,2339.15,2339.62,2338.31,2339.55,71.852871
2026-04-23 08:54:00,2339.31,2339.99,2339.0,2339.99,98.281238
2026-04-23 08:57:00,2340.0,2341.37,2340.0,2340.29,206.756181
2026-04-23 09:00:00,2340.3,2340.59,2338.0,2338.7,330.793229
2026-04-23 09:03:00,2338.67,2338.67,2328.06,2331.01,2615.54187
2026-04-23 09:06:00,2331.0,2331.18,2325.0,2325.54,729.237732
2026-04-23 09:09:00,2325.7,2328.23,2312.68,2320.4,3546.111708
2026-04-23 09:12:00,2320.21,2322.86,2318.34,2322.52,565.696339
2026-04-23 09:15:00,2322.61,2323.99,2322.26,2323.85,467.589862
2026-04-23 09:18:00,2323.84,2328.32,2323.84,2325.38,648.911726
2026-04-23 09:21:00,2325.38,2327.03,2320.0,2320.96,429.812233
2026-04-23 09:24:00,2320.95,2321.46,2320.0,2321.18,133.852447
2026-04-23 09:27:00,2321.18,2322.09,2321.0,2321.92,98.959356
2026-04-23 09:30:00,2321.93,2322.84,2321.93,2322.36,60.08603
2026-04-23 09:33:00,2322.36,2323.09,2321.61,2321.91,153.368214
2026-04-23 09:36:00,2321.92,2322.82,2321.92,2322.36,98.835945
2026-04-23 09:39:00,2322.36,2326.72,2322.36,2326.23,118.998682
2026-04-23 09:42:00,2326.17,2327.14,2325.47,2325.48,58.92452
2026-04-23 09:45:00,2325.48,2325.95,2316.0,2316.36,538.426754
2026-04-23 09:48:00,2316.35,2318.67,2314.62,2316.61,444.536977
2026-04-23 09:51:00,2316.61,2318.22,2316.32,2316.64,230.145995
2026-04-23 09:54:00,2316.63,2318.21,2316.0,2316.75,112.370212
2026-04-23 09:57:00,2316.75,2318.21,2316.75,2316.75,120.78991
2026-04-23 10:00:00,2316.7,2318.94,2316.0,2318.93,68.551516
2026-04-23 10:03:00,2318.94,2319.62,2306.66,2313.98,1892.281843
2026-04-23 10:06:00,2313.86,2315.11,2306.21,2310.88,832.425373
2026-04-23 10:09:00,2310.8,2311.84,2309.79,2311.25,365.574577
2026-04-23 10:12:00,2311.25,2311.25,2307.52,2308.31,432.098438
2026-04-23 10:15:00,2308.31,2311.05,2308.02,2310.82,183.766051
2026-04-23 10:18:00,2310.57,2314.2,2309.09,2312.6,446.04988
2026-04-23 10:21:00,2312.58,2313.54,2311.0,2312.0,208.01183
2026-04-23 10:24:00,2311.9,2313.91,2311.77,2313.74,108.615125
2026-04-23 10:27:00,2313.75,2314.8,2313.48,2314.19,225.560308
2026-04-23 10:30:00,2314.16,2316.13,2313.61,2313.89,177.334736
2026-04-23 10:33:00,2313.88,2315.2,2312.21,2314.93,277.507699
2026-04-23 10:36:00,2314.92,2314.93,2312.15,2313.81,300.1275
2026-04-23 10:39:00,2313.89,2315.0,2312.0,2312.0,255.420352
2026-04-23 10:42:00,2312.0,2313.47,2312.0,2312.94,38.317081
2026-04-23 10:45:00,2312.95,2316.34,2312.0,2312.17,102.105004
2026-04-23 10:48:00,2312.18,2314.39,2312.0,2314.25,364.307575
2026-04-23 10:51:00,2314.3,2314.67,2312.65,2313.11,84.150197
2026-04-23 10:54:00,2313.19,2314.33,2312.0,2313.96,82.386288
2026-04-23 10:57:00,2313.95,2315.23,2313.39,2314.54,168.123258
2026-04-23 11:00:00,2314.61,2316.67,2314.61,2316.46,129.514185
2026-04-23 11:03:00,2316.47,2318.61,2316.21,2317.27,138.314847
2026-04-23 11:06:00,2317.27,2318.23,2315.69,2317.83,70.582232
2026-04-23 11:09:00,2317.82,2318.06,2316.3,2317.1,163.434553
2026-04-23 11:12:00,2317.1,2318.24,2315.0,2317.4,154.760266
2026-04-23 11:15:00,2317.4,2318.42,2316.55,2318.35,122.704829
2026-04-23 11:18:00,2318.35,2321.8,2318.26,2321.8,118.482187
2026-04-23 11:21:00,2321.8,2321.8,2320.01,2320.58,94.941081
2026-04-23 11:24:00,2320.58,2321.29,2320.0,2320.2,103.805311
2026-04-23 11:27:00,2320.21,2321.99,2319.0,2320.52,275.446074
2026-04-23 11:30:00,2320.53,2320.97,2318.66,2319.27,186.465542
2026-04-23 11:33:00,2319.27,2320.4,2317.17,2320.4,159.142669
2026-04-23 11:36:00,2320.45,2325.39,2320.38,2322.48,393.830322
2026-04-23 11:39:00,2322.71,2324.3,2322.5,2323.99,165.315143
2026-04-23 11:42:00,2323.93,2326.29,2323.6,2325.68,503.189317
2026-04-23 11:45:00,2325.67,2329.7,2325.35,2329.43,389.700414
2026-04-23 11:48:00,2329.43,2329.7,2326.25,2326.26,190.378945
2026-04-23 11:51:00,2326.26,2329.71,2326.0,2328.32,117.979188
2026-04-23 11:54:00,2328.33,2333.01,2328.33,2330.66,487.339474
2026-04-23 11:57:00,2330.66,2331.8,2328.45,2329.62,345.053671
2026-04-23 12:00:00,2329.62,2331.62,2328.74,2331.06,344.597372
2026-04-23 12:03:00,2330.94,2331.77,2328.73,2330.64,458.597838
2026-04-23 12:06:00,2330.9,2335.09,2329.6,2331.6,299.823241
2026-04-23 12:09:00,2331.47,2333.63,2330.44,2332.33,139.709974
2026-04-23 12:12:00,2332.54,2335.57,2331.45,2332.49,253.602662
2026-04-23 12:15:00,2332.36,2332.89,2329.19,2330.24,293.391486
2026-04-23 12:18:00,2330.25,2330.57,2328.0,2328.0,665.903567
2026-04-23 12:21:00,2328.0,2328.83,2326.01,2328.82,287.361823
2026-04-23 12:24:00,2328.83,2331.4,2328.83,2330.64,100.413204
2026-04-23 12:27:00,2330.64,2330.65,2329.0,2330.65,68.330001
2026-04-23 12:30:00,2330.64,2332.12,2329.34,2329.7,144.220638
2026-04-23 12:33:00,2329.69,2331.36,2328.73,2331.1,77.194458
2026-04-23 12:36:00,2330.93,2330.93,2330.0,2330.0,107.211036
2026-04-23 12:39:00,2330.01,2331.4,2330.0,2331.4,54.256252
2026-04-23 12:42:00,2331.5,2333.01,2329.29,2329.3,634.530072
2026-04-23 12:45:00,2329.29,2331.79,2321.0,2323.33,1857.049072
2026-04-23 12:48:00,2323.32,2326.8,2322.99,2324.77,302.433847
2026-04-23 12:51:00,2324.8,2328.52,2324.54,2326.89,138.551246
2026-04-23 12:54:00,2326.9,2329.14,2325.82,2327.63,161.95026
2026-04-23 12:57:00,2327.63,2329.28,2327.05,2329.09,84.816185
2026-04-23 13:00:00,2329.1,2330.44,2327.36,2329.5,134.004428
2026-04-23 13:03:00,2329.6,2332.68,2328.62,2328.92,100.525201
2026-04-23 13:06:00,2329.01,2330.59,2328.07,2328.83,39.759958
2026-04-23 13:09:00,2328.9,2330.69,2328.59,2328.59,61.56367
2026-04-23 13:12:00,2328.6,2328.82,2323.5,2324.74,487.312589
2026-04-23 13:15:00,2325.06,2326.59,2322.77,2322.77,136.903041
2026-04-23 13:18:00,2322.74,2326.07,2321.0,2325.48,322.935785
2026-04-23 13:21:00,2325.49,2326.0,2324.61,2325.5,109.131042
2026-04-23 13:24:00,2325.5,2325.7,2323.81,2325.44,86.593216
2026-04-23 13:27:00,2325.44,2325.44,2322.16,2323.29,67.117319
2026-04-23 13:30:00,2323.29,2326.39,2322.0,2326.15,195.217272
2026-04-23 13:33:00,2326.25,2326.25,2320.0,2323.08,600.38224
2026-04-23 13:36:00,2323.13,2326.51,2321.6,2324.62,141.878451
2026-04-23 13:39:00,2324.62,2325.2,2320.09,2321.98,105.070432
2026-04-23 13:42:00,2322.03,2322.59,2320.19,2320.94,49.312505
2026-04-23 13:45:00,2320.94,2324.12,2317.29,2321.3,375.07474
2026-04-23 13:48:00,2321.36,2323.18,2316.02,2317.65,467.995463
2026-04-23 13:51:00,2317.67,2320.4,2316.0,2317.29,133.851732
2026-04-23 13:54:00,2317.2,2319.06,2314.65,2318.0,433.091417
2026-04-23 13:57:00,2318.0,2321.1,2318.0,2319.86,66.934904
2026-04-23 14:00:00,2319.86,2321.19,2316.2,2321.0,744.20884
2026-04-23 14:03:00,2320.99,2324.92,2319.64,2324.07,231.544754
2026-04-23 14:06:00,2324.07,2324.07,2318.22,2321.76,193.142938
2026-04-23 14:09:00,2321.76,2322.48,2318.23,2319.91,157.631297
2026-04-23 14:12:00,2319.97,2321.38,2318.87,2319.99,60.769089
2026-04-23 14:15:00,2320.0,2323.59,2320.0,2322.92,86.378787
2026-04-23 14:18:00,2322.91,2322.91,2319.02,2321.35,112.519786
2026-04-23 14:21:00,2321.35,2327.22,2321.01,2327.22,130.840184
2026-04-23 14:24:00,2327.22,2330.76,2326.21,2330.76,351.600656
2026-04-23 14:27:00,2330.75,2334.93,2326.5,2327.17,299.698043
2026-04-23 14:30:00,2327.18,2331.54,2327.18,2329.38,171.310962
2026-04-23 14:33:00,2329.92,2330.41,2326.53,2328.54,102.831506
2026-04-23 14:36:00,2328.59,2332.32,2326.99,2327.29,187.492915
2026-04-23 14:39:00,2327.1,2329.4,2326.0,2327.3,93.735488
2026-04-23 14:42:00,2327.51,2331.35,2327.0,2330.8,103.520767
2026-04-23 14:45:00,2331.05,2334.53,2331.01,2331.5,143.14715
2026-04-23 14:48:00,2331.57,2333.45,2328.81,2330.93,76.253878
2026-04-23 14:51:00,2331.0,2334.11,2330.2,2333.27,339.270902
2026-04-23 14:54:00,2333.3,2334.97,2331.56,2334.63,279.612872
2026-04-23 14:57:00,2334.42,2335.15,2332.94,2334.15,377.457183
2026-04-23 15:00:00,2334.27,2335.1,2329.75,2329.96,146.901087
2026-04-23 15:03:00,2330.14,2330.14,2325.8,2327.48,194.935898
2026-04-23 15:06:00,2327.48,2327.48,2324.0,2324.83,153.459815
2026-04-23 15:09:00,2324.83,2329.49,2324.83,2329.49,80.549764
2026-04-23 15:12:00,2329.5,2330.41,2328.04,2329.55,76.055306
2026-04-23 15:15:00,2329.69,2340.0,2328.22,2337.07,905.235729
2026-04-23 15:18:00,2337.19,2339.99,2335.87,2336.83,294.393216
2026-04-23 15:21:00,2336.84,2343.97,2336.64,2341.89,353.070793
2026-04-23 15:24:00,2342.02,2343.01,2337.02,2337.03,259.544922
2026-04-23 15:27:00,2337.17,2337.93,2332.02,2332.28,274.13222
2026-04-23 15:30:00,2332.11,2335.18,2328.57,2334.37,220.841152
2026-04-23 15:33:00,2334.37,2336.25,2333.67,2335.38,92.432069
2026-04-23 15:36:00,2335.39,2336.34,2332.89,2335.91,271.208038
2026-04-23 15:39:00,2335.91,2339.85,2335.91,2338.56,190.887751
2026-04-23 15:42:00,2338.56,2339.67,2336.3,2336.56,284.40924
2026-04-23 15:45:00,2336.56,2336.56,2330.6,2333.35,324.042353
2026-04-23 15:48:00,2333.35,2334.58,2332.06,2332.6,81.263153
2026-04-23 15:51:00,2332.51,2334.23,2330.27,2330.54,194.753868
2026-04-23 15:54:00,2330.44,2333.1,2328.12,2332.25,455.798955
2026-04-23 15:57:00,2332.34,2333.42,2329.93,2333.34,324.3329
2026-04-23 16:00:00,2333.4,2334.34,2331.7,2333.43,205.053053
2026-04-23 16:03:00,2333.44,2333.44,2328.57,2331.19,117.674091
2026-04-23 16:06:00,2331.12,2334.44,2331.12,2331.7,161.249135
2026-04-23 16:09:00,2331.6,2333.66,2330.67,2331.81,109.370655
2026-04-23 16:12:00,2331.9,2334.47,2330.67,2330.68,149.342663
2026-04-23 16:15:00,2330.67,2332.47,2329.81,2330.1,157.252692
2026-04-23 16:18:00,2330.1,2333.4,2330.01,2330.45,184.849726
2026-04-23 16:21:00,2330.67,2333.0,2328.89,2333.0,259.773843
2026-04-23 16:24:00,2333.0,2335.95,2332.89,2334.35,110.090962
2026-04-23 16:27:00,2334.58,2335.66,2330.01,2330.01,206.063026
2026-04-23 16:30:00,2330.0,2332.4,2329.28,2330.56,34.205094
2026-04-23 16:33:00,2330.55,2334.42,2330.55,2334.0,55.330329
2026-04-23 16:36:00,2334.0,2334.0,2330.48,2331.32,344.942318
2026-04-23 16:39:00,2331.22,2331.59,2330.0,2330.76,45.184781
2026-04-23 16:42:00,2330.77,2332.39,2329.8,2330.9,105.064145
2026-04-23 16:45:00,2331.05,2332.4,2329.16,2329.82,118.744461
2026-04-23 16:48:00,2329.81,2330.6,2328.56,2330.0,144.667588
2026-04-23 16:51:00,2330.01,2331.42,2325.11,2326.2,362.88563
2026-04-23 16:54:00,2326.21,2327.09,2323.26,2325.78,417.78364
2026-04-23 16:57:00,2325.79,2327.99,2324.6,2326.1,196.577506
2026-04-23 17:00:00,2326.1,2329.29,2318.42,2320.12,1194.052327
2026-04-23 17:03:00,2320.18,2323.39,2316.48,2320.21,406.670602
2026-04-23 17:06:00,2320.03,2320.22,2316.55,2316.87,214.808693
2026-04-23 17:09:00,2316.91,2317.9,2312.18,2317.5,978.113891
2026-04-23 17:12:00,2317.49,2319.71,2315.93,2318.38,582.939434
2026-04-23 17:15:00,2318.37,2318.37,2305.01,2311.93,2071.491763
2026-04-23 17:18:00,2311.93,2311.93,2307.18,2308.21,733.957164
2026-04-23 17:21:00,2308.36,2312.95,2308.36,2312.73,267.326728
2026-04-23 17:24:00,2312.62,2317.28,2309.88,2315.3,377.07534
2026-04-23 17:27:00,2315.23,2315.7,2308.72,2309.56,526.282709
2026-04-23 17:30:00,2309.57,2311.29,2306.26,2309.02,689.859284
2026-04-23 17:33:00,2309.18,2312.5,2306.87,2310.49,544.747291
2026-04-23 17:36:00,2310.49,2310.49,2297.77,2301.23,2188.41358
2026-04-23 17:39:00,2301.23,2301.92,2288.28,2291.27,1918.794744
2026-04-23 17:42:00,2291.26,2295.56,2288.69,2294.26,759.008473
2026-04-23 17:45:00,2294.67,2294.79,2285.01,2292.14,1511.566992
2026-04-23 17:48:00,2291.99,2296.67,2290.21,2294.74,615.123893
2026-04-23 17:51:00,2295.05,2310.61,2294.27,2304.71,1148.397922
2026-04-23 17:54:00,2304.72,2312.59,2302.19,2309.49,617.31262
2026-04-23 17:57:00,2309.85,2312.13,2307.2,2310.44,460.471221
2026-04-23 18:00:00,2310.54,2315.59,2309.6,2313.3,355.091701
2026-04-23 18:03:00,2313.65,2315.18,2308.28,2313.12,184.879341
2026-04-23 18:06:00,2313.42,2317.55,2312.56,2312.92,223.174901
2026-04-23 18:09:00,2312.66,2319.18,2312.36,2315.99,521.804459
2026-04-23 18:12:00,2315.99,2316.59,2313.46,2313.46,419.11596
2026-04-23 18:15:00,2313.47,2317.26,2313.46,2313.55,379.873411
2026-04-23 18:18:00,2313.62,2315.85,2312.18,2312.51,194.53297
2026-04-23 18:21:00,2312.7,2314.09,2309.28,2312.23,733.424482
2026-04-23 18:24:00,2312.16,2312.31,2308.9,2309.09,289.662924
2026-04-23 18:27:00,2309.1,2310.91,2308.41,2309.93,133.736286
2026-04-23 18:30:00,2309.92,2314.39,2309.92,2311.3,105.366496
2026-04-23 18:33:00,2311.29,2314.07,2310.81,2312.67,104.362657
2026-04-23 18:36:00,2312.68,2316.36,2312.39,2314.18,228.519394
2026-04-23 18:39:00,2314.12,2315.2,2313.1,2314.66,55.424808
2026-04-23 18:42:00,2314.6,2315.34,2312.3,2314.3,114.571065
2026-04-23 18:45:00,2314.09,2314.2,2312.09,2312.7,37.019681
2026-04-23 18:48:00,2312.7,2313.79,2308.41,2308.89,131.29327
2026-04-23 18:51:00,2308.72,2312.77,2308.42,2311.3,49.428895
2026-04-23 18:54:00,2311.29,2311.66,2309.0,2309.0,53.536025
2026-04-23 18:57:00,2309.0,2309.42,2304.32,2305.19,161.234604
2026-04-23 19:00:00,2305.32,2307.0,2300.76,2302.37,438.490579
2026-04-23 19:03:00,2302.37,2306.4,2302.37,2306.15,131.76513
2026-04-23 19:06:00,2306.19,2309.22,2306.0,2308.98,111.334866
2026-04-23 19:09:00,2308.98,2310.17,2306.03,2308.59,53.021157
2026-04-23 19:12:00,2308.6,2309.43,2307.2,2308.49,61.653967
2026-04-23 19:15:00,2308.5,2313.69,2308.5,2313.24,159.002306
2026-04-23 19:18:00,2313.13,2313.24,2311.5,2313.24,42.006948
2026-04-23 19:21:00,2313.29,2313.94,2311.91,2313.18,76.031438
2026-04-23 19:24:00,2313.18,2314.53,2312.69,2313.35,103.428132
2026-04-23 19:27:00,2313.35,2314.32,2312.21,2313.59,70.11528
2026-04-23 19:30:00,2313.58,2314.89,2312.4,2312.88,47.395925
2026-04-23 19:33:00,2312.89,2313.11,2307.81,2310.07,118.885682
2026-04-23 19:36:00,2310.07,2311.89,2309.7,2311.78,38.205444
2026-04-23 19:39:00,2311.88,2312.05,2309.8,2310.72,66.515787
2026-04-23 19:42:00,2310.91,2311.83,2310.23,2310.23,32.09903
2026-04-23 19:45:00,2310.21,2312.86,2310.21,2312.71,51.971037
2026-04-23 19:48:00,2312.79,2316.57,2309.41,2314.18,511.074416
2026-04-23 19:51:00,2314.19,2317.76,2313.76,2316.36,104.465036
2026-04-23 19:54:00,2316.36,2318.18,2315.54,2317.64,101.487052
2026-04-23 19:57:00,2317.65,2319.18,2312.46,2312.99,281.936187
2026-04-23 20:00:00,2313.06,2320.95,2312.86,2319.66,179.532531
2026-04-23 20:03:00,2319.67,2324.33,2319.66,2323.01,604.427672
2026-04-23 20:06:00,2323.15,2324.67,2322.62,2324.5,75.996289
2026-04-23 20:09:00,2324.5,2325.3,2322.5,2322.51,134.541102
2026-04-23 20:12:00,2322.5,2322.5,2320.75,2321.15,42.308959
2026-04-23 20:15:00,2321.23,2323.44,2319.19,2321.05,855.567115
2026-04-23 20:18:00,2321.04,2322.72,2320.78,2322.28,40.711903
2026-04-23 20:21:00,2322.28,2322.6,2318.79,2319.21,89.418889
2026-04-23 20:24:00,2319.02,2320.92,2319.02,2319.92,139.096172
2026-04-23 20:27:00,2319.73,2319.73,2318.0,2318.82,61.342648
2026-04-23 20:30:00,2318.84,2320.79,2318.13,2320.01,38.408013
2026-04-23 20:33:00,2320.11,2323.29,2320.11,2321.68,82.080541
2026-04-23 20:36:00,2321.65,2324.33,2320.5,2324.05,79.03055
2026-04-23 20:39:00,2324.04,2326.97,2323.47,2326.39,570.529966
2026-04-23 20:42:00,2326.4,2329.4,2325.71,2327.49,404.655089
2026-04-23 20:45:00,2327.42,2329.1,2326.25,2327.52,131.247625
2026-04-23 20:48:00,2327.41,2327.96,2326.01,2326.24,37.931877
2026-04-23 20:51:00,2326.25,2326.25,2324.0,2324.0,26.574486
2026-04-23 20:54:00,2324.01,2324.3,2322.22,2322.5,42.961404
2026-04-23 20:57:00,2322.5,2326.3,2322.46,2325.41,130.597008
2026-04-23 21:00:00,2325.42,2325.9,2323.28,2323.85,82.484804
2026-04-23 21:03:00,2323.85,2325.96,2323.85,2325.67,142.592496
2026-04-23 21:06:00,2325.57,2326.2,2324.9,2324.91,21.696236
2026-04-23 21:09:00,2324.9,2325.45,2323.43,2323.43,52.364476
2026-04-23 21:12:00,2323.42,2323.42,2320.67,2320.68,496.321976
2026-04-23 21:15:00,2320.68,2322.61,2320.66,2321.4,117.935862
2026-04-23 21:18:00,2321.4,2322.29,2321.11,2321.11,20.817658
2026-04-23 21:21:00,2321.12,2323.23,2320.78,2323.23,14.222556
2026-04-23 21:24:00,2323.3,2323.7,2323.09,2323.6,50.640825
2026-04-23 21:27:00,2323.6,2324.44,2323.0,2324.44,30.235016
2026-04-23 21:30:00,2324.5,2326.2,2324.5,2325.32,53.942562
2026-04-23 21:33:00,2325.28,2327.9,2325.21,2327.71,66.012132
2026-04-23 21:36:00,2327.71,2328.95,2327.7,2328.55,36.954613
2026-04-23 21:39:00,2328.36,2328.36,2326.6,2327.78,30.146723
2026-04-23 21:42:00,2327.79,2328.6,2327.1,2328.19,66.538379
2026-04-23 21:45:00,2328.19,2328.5,2327.17,2327.79,39.566606
2026-04-23 21:48:00,2327.8,2328.26,2326.98,2328.0,11.152757
2026-04-23 21:51:00,2327.99,2328.0,2326.26,2327.99,51.834075
2026-04-23 21:54:00,2327.99,2328.18,2325.28,2325.87,39.383639
2026-04-23 21:57:00,2325.79,2326.56,2321.29,2321.54,333.266373
2026-04-23 22:00:00,2321.52,2327.11,2321.38,2325.91,142.070778
2026-04-23 22:03:00,2325.92,2327.23,2325.13,2326.45,81.186292
2026-04-23 22:06:00,2326.45,2332.69,2325.77,2328.92,625.85417
2026-04-23 22:09:00,2329.0,2331.81,2328.42,2328.81,150.78026
2026-04-23 22:12:00,2328.96,2330.69,2328.72,2330.21,26.219127
2026-04-23 22:15:00,2330.25,2335.75,2329.0,2334.07,582.481072
2026-04-23 22:18:00,2334.17,2339.38,2332.81,2337.21,408.768752
2026-04-23 22:21:00,2337.21,2337.35,2333.67,2336.25,147.146593
2026-04-23 22:24:00,2336.3,2336.59,2332.81,2333.27,420.293727
2026-04-23 22:27:00,2333.26,2334.84,2330.74,2330.74,170.871357
2026-04-23 22:30:00,2330.84,2333.03,2330.84,2333.02,72.474632
2026-04-23 22:33:00,2333.02,2334.52,2331.78,2334.51,79.182799
2026-04-23 22:36:00,2334.51,2335.15,2333.33,2334.15,226.599795
2026-04-23 22:39:00,2334.22,2335.48,2333.65,2335.47,58.851266
2026-04-23 22:42:00,2335.24,2336.02,2334.03,2336.02,76.786502
2026-04-23 22:45:00,2336.08,2337.24,2334.34,2334.58,85.609414
2026-04-23 22:48:00,2334.7,2335.65,2334.34,2334.37,81.675776
2026-04-23 22:51:00,2334.36,2335.3,2333.68,2333.76,19.653305
2026-04-23 22:54:00,2333.77,2334.88,2332.91,2332.91,33.510472
2026-04-23 22:57:00,2332.92,2332.92,2330.37,2331.81,303.287363
2026-04-23 23:00:00,2331.81,2333.29,2330.6,2331.61,65.805483
2026-04-23 23:03:00,2331.37,2332.0,2330.76,2331.46,28.233268
2026-04-23 23:06:00,2331.53,2332.1,2330.0,2330.08,12.760003
2026-04-23 23:09:00,2330.2,2330.29,2327.71,2328.3,86.269505
2026-04-23 23:12:00,2328.23,2328.23,2327.0,2327.51,51.270009
2026-04-23 23:15:00,2327.51,2327.51,2324.0,2326.35,144.627253
2026-04-23 23:18:00,2326.35,2328.68,2325.2,2328.06,158.02737
2026-04-23 23:21:00,2328.19,2329.32,2327.54,2328.79,39.943704
2026-04-23 23:24:00,2328.79,2329.02,2327.01,2327.01,90.641402
2026-04-23 23:27:00,2327.0,2328.58,2326.8,2327.14,60.186082
2026-04-23 23:30:00,2327.18,2328.07,2327.18,2327.39,18.17588
2026-04-23 23:33:00,2327.39,2328.57,2327.17,2328.57,25.67061
2026-04-23 23:36:00,2328.57,2328.6,2327.4,2328.13,41.108218
2026-04-23 23:39:00,2328.13,2331.07,2328.13,2331.07,69.853434
2026-04-23 23:42:00,2331.08,2331.8,2330.49,2331.07,162.745294
2026-04-23 23:45:00,2331.07,2332.8,2330.33,2332.79,38.267886
2026-04-23 23:48:00,2332.8,2332.8,2330.99,2331.52,141.429258
2026-04-23 23:51:00,2331.48,2331.48,2330.79,2331.07,30.345661
2026-04-23 23:54:00,2331.07,2331.4,2330.46,2330.61,38.35911
