timestamp,open,high,low,close,volume
2026-04-19 14:55:00,2337.34,2339.6,2336.91,2337.88,224.568683
2026-04-19 15:00:00,2337.93,2338.37,2332.55,2338.37,217.354879
2026-04-19 15:05:00,2338.37,2338.72,2334.8,2335.32,166.061423
2026-04-19 15:10:00,2335.2,2337.21,2335.19,2336.29,166.539922
2026-04-19 15:15:00,2336.28,2341.51,2336.11,2338.44,784.152024
2026-04-19 15:20:00,2338.66,2339.2,2332.15,2335.77,458.352589
2026-04-19 15:25:00,2335.62,2335.77,2334.0,2334.96,194.1036
2026-04-19 15:30:00,2334.98,2335.77,2324.5,2325.28,767.646013
2026-04-19 15:35:00,2325.28,2326.49,2315.02,2324.21,1514.555164
2026-04-19 15:40:00,2324.21,2326.84,2322.21,2324.99,188.723889
2026-04-19 15:45:00,2324.99,2329.25,2323.6,2329.24,161.873844
2026-04-19 15:50:00,2329.24,2331.65,2325.21,2329.83,237.579757
2026-04-19 15:55:00,2329.78,2331.28,2328.82,2330.45,142.290662
2026-04-19 16:00:00,2330.53,2331.48,2324.18,2330.46,237.814542
2026-04-19 16:05:00,2330.46,2331.1,2325.2,2326.05,449.593229
2026-04-19 16:10:00,2326.16,2327.95,2324.36,2325.47,202.223271
2026-04-19 16:15:00,2325.33,2327.79,2321.34,2321.45,210.049284
2026-04-19 16:20:00,2321.57,2323.0,2318.2,2321.58,387.896515
2026-04-19 16:25:00,2321.65,2325.0,2319.0,2320.19,109.702195
2026-04-19 16:30:00,2320.19,2325.56,2318.5,2324.04,122.039191
2026-04-19 16:35:00,2324.16,2325.22,2322.39,2322.9,113.915284
2026-04-19 16:40:00,2322.85,2323.47,2316.78,2319.03,325.456374
2026-04-19 16:45:00,2318.8,2322.61,2318.45,2321.21,150.495117
2026-04-19 16:50:00,2321.21,2321.66,2307.23,2309.32,1123.47927
2026-04-19 16:55:00,2309.32,2313.67,2304.42,2311.63,1204.485723
2026-04-19 17:00:00,2311.86,2312.37,2303.48,2304.14,784.283689
2026-04-19 17:05:00,2303.99,2306.07,2295.64,2303.22,2046.111228
2026-04-19 17:10:00,2303.21,2308.0,2301.35,2307.95,229.382493
2026-04-19 17:15:00,2307.95,2312.02,2307.3,2311.39,238.487581
2026-04-19 17:20:00,2311.4,2317.37,2310.44,2310.51,770.71679
2026-04-19 17:25:00,2310.48,2312.46,2308.35,2312.46,234.159773
2026-04-19 17:30:00,2312.5,2316.04,2306.25,2307.15,171.902379
2026-04-19 17:35:00,2307.14,2311.41,2304.3,2311.4,261.503464
2026-04-19 17:40:00,2311.41,2311.41,2308.05,2309.6,71.367522
2026-04-19 17:45:00,2309.53,2311.11,2306.0,2306.31,272.937202
2026-04-19 17:50:00,2306.03,2306.6,2293.93,2299.4,1831.478236
2026-04-19 17:55:00,2299.36,2300.98,2295.59,2296.49,899.134024
2026-04-19 18:00:00,2296.55,2300.54,2290.0,2292.37,1483.264644
2026-04-19 18:05:00,2292.51,2299.68,2292.35,2299.68,723.966446
2026-04-19 18:10:00,2299.51,2300.47,2295.02,2297.24,630.602084
2026-04-19 18:15:00,2297.24,2299.32,2295.46,2296.23,310.499451
2026-04-19 18:20:00,2296.2,2296.93,2291.67,2291.87,661.393075
2026-04-19 18:25:00,2291.86,2301.84,2290.19,2297.95,1414.431819
2026-04-19 18:30:00,2297.96,2299.3,2292.03,2293.58,565.402543
2026-04-19 18:35:00,2293.58,2295.2,2292.3,2294.69,517.244437
2026-04-19 18:40:00,2294.69,2294.99,2290.71,2292.12,526.084432
2026-04-19 18:45:00,2292.11,2294.38,2287.53,2294.37,990.579647
2026-04-19 18:50:00,2294.38,2296.54,2292.46,2293.02,388.103633
2026-04-19 18:55:00,2293.03,2296.25,2292.5,2295.81,278.351303
2026-04-19 19:00:00,2295.91,2301.94,2295.91,2298.15,766.689424
2026-04-19 19:05:00,2298.15,2301.41,2297.93,2300.1,308.758388
2026-04-19 19:10:00,2300.14,2301.63,2297.46,2299.82,385.127815
2026-04-19 19:15:00,2299.94,2304.92,2298.37,2304.92,404.20222
2026-04-19 19:20:00,2304.91,2304.91,2295.29,2295.29,573.442322
2026-04-19 19:25:00,2295.29,2300.76,2294.27,2299.27,430.619427
2026-04-19 19:30:00,2299.24,2302.76,2296.93,2297.35,379.601214
2026-04-19 19:35:00,2297.34,2298.79,2295.81,2298.02,240.140569
2026-04-19 19:40:00,2298.02,2299.67,2296.96,2296.96,333.921283
2026-04-19 19:45:00,2296.97,2299.88,2296.87,2298.22,204.459366
2026-04-19 19:50:00,2298.22,2299.9,2297.53,2298.75,317.603989
2026-04-19 19:55:00,2298.74,2300.72,2297.63,2299.82,406.459828
2026-04-19 20:00:00,2299.78,2300.4,2290.48,2293.14,828.813661
2026-04-19 20:05:00,2293.15,2294.35,2290.22,2293.96,927.710599
2026-04-19 20:10:00,2293.95,2296.05,2292.24,2294.94,374.840287
2026-04-19 20:15:00,2294.93,2294.94,2289.51,2290.09,447.168425
2026-04-19 20:20:00,2290.09,2291.8,2288.57,2290.43,392.843832
2026-04-19 20:25:00,2290.37,2293.4,2289.52,2292.43,266.294223
2026-04-19 20:30:00,2292.43,2297.22,2291.35,2296.53,361.198848
2026-04-19 20:35:00,2296.53,2296.82,2291.88,2292.1,314.706302
2026-04-19 20:40:00,2292.1,2292.1,2278.0,2281.88,2986.315955
2026-04-19 20:45:00,2281.97,2285.17,2273.18,2278.32,2379.141552
2026-04-19 20:50:00,2278.32,2285.74,2275.9,2285.17,863.059202
2026-04-19 20:55:00,2285.48,2285.73,2280.06,2280.72,82.108727
2026-04-19 21:00:00,2280.43,2283.83,2279.15,2281.36,581.956095
2026-04-19 21:05:00,2281.38,2284.32,2280.95,2284.32,155.040088
2026-04-19 21:10:00,2284.4,2286.8,2281.66,2285.73,1217.38258
2026-04-19 21:15:00,2285.73,2285.73,2279.71,2281.73,193.775976
2026-04-19 21:20:00,2281.73,2284.36,2281.73,2284.0,68.226783
2026-04-19 21:25:00,2283.72,2287.69,2283.31,2286.64,178.772139
2026-04-19 21:30:00,2286.63,2289.0,2285.82,2286.46,147.553006
2026-04-19 21:35:00,2286.46,2290.47,2286.46,2288.74,123.027876
2026-04-19 21:40:00,2288.81,2290.0,2287.62,2287.91,91.935798
2026-04-19 21:45:00,2287.8,2291.01,2283.56,2284.57,504.058561
2026-04-19 21:50:00,2284.78,2285.14,2275.51,2275.94,509.742406
2026-04-19 21:55:00,2275.91,2279.88,2275.19,2276.37,217.2767
2026-04-19 22:00:00,2276.0,2277.46,2252.05,2258.55,7705.971547
2026-04-19 22:05:00,2258.25,2271.19,2257.64,2268.71,1069.576219
2026-04-19 22:10:00,2268.74,2269.39,2260.05,2260.45,865.935114
2026-04-19 22:15:00,2260.45,2262.47,2252.94,2262.05,1426.407056
2026-04-19 22:20:00,2262.04,2262.04,2254.51,2261.6,758.187606
2026-04-19 22:25:00,2261.63,2266.59,2257.2,2263.51,284.812351
2026-04-19 22:30:00,2263.5,2270.99,2262.62,2267.62,687.747988
2026-04-19 22:35:00,2267.62,2273.0,2267.26,2271.19,748.181086
2026-04-19 22:40:00,2271.35,2275.16,2270.11,2273.84,710.453861
2026-04-19 22:45:00,2273.75,2275.73,2270.48,2271.05,755.241032
2026-04-19 22:50:00,2271.05,2275.67,2271.05,2273.78,297.599782
2026-04-19 22:55:00,2273.81,2276.12,2270.0,2270.27,203.673009
2026-04-19 23:00:00,2270.18,2270.18,2260.51,2262.61,659.267848
2026-04-19 23:05:00,2262.68,2264.34,2260.69,2263.01,322.174746
2026-04-19 23:10:00,2263.01,2265.28,2260.56,2265.19,323.386554
2026-04-19 23:15:00,2265.19,2265.97,2256.57,2265.31,694.738939
2026-04-19 23:20:00,2265.38,2266.24,2261.85,2262.81,514.550579
2026-04-19 23:25:00,2262.81,2266.0,2262.55,2264.69,306.961013
2026-04-19 23:30:00,2264.7,2266.51,2262.83,2264.13,236.000643
2026-04-19 23:35:00,2264.13,2269.22,2263.21,2267.47,250.243265
2026-04-19 23:40:00,2267.52,2268.69,2265.61,2267.83,133.024913
2026-04-19 23:45:00,2267.85,2267.85,2264.6,2266.04,108.376445
2026-04-19 23:50:00,2265.98,2271.1,2264.65,2267.59,409.7632
2026-04-19 23:55:00,2267.59,2267.59,2262.55,2263.6,77.398152
2026-04-20 00:00:00,2263.62,2275.8,2259.79,2272.16,771.243466
2026-04-20 00:05:00,2271.94,2272.19,2266.5,2270.32,585.731478
2026-04-20 00:10:00,2270.41,2272.3,2268.54,2269.32,144.755619
2026-04-20 00:15:00,2269.21,2275.42,2269.21,2271.75,426.693352
2026-04-20 00:20:00,2271.61,2277.96,2271.2,2277.61,662.528421
2026-04-20 00:25:00,2277.55,2278.07,2273.89,2276.47,513.815468
2026-04-20 00:30:00,2276.48,2279.58,2275.01,2278.31,296.020285
2026-04-20 00:35:00,2278.32,2278.53,2273.94,2275.13,504.809319
2026-04-20 00:40:00,2275.13,2278.0,2275.05,2275.87,124.104811
2026-04-20 00:45:00,2275.87,2279.73,2275.0,2278.96,107.819453
2026-04-20 00:50:00,2279.24,2283.19,2279.24,2280.79,353.245994
2026-04-20 00:55:00,2280.8,2283.0,2279.65,2279.83,165.352012
2026-04-20 01:00:00,2279.73,2283.33,2279.23,2281.0,127.559224
2026-04-20 01:05:00,2281.01,2285.15,2278.93,2282.02,323.113946
2026-04-20 01:10:00,2282.01,2284.93,2280.81,2284.93,197.555242
2026-04-20 01:15:00,2284.93,2285.0,2280.31,2281.65,279.329626
2026-04-20 01:20:00,2281.4,2281.61,2278.3,2278.41,171.580945
2026-04-20 01:25:00,2278.4,2281.02,2278.4,2280.95,63.417672
2026-04-20 01:30:00,2280.96,2294.43,2280.96,2294.04,675.857657
2026-04-20 01:35:00,2294.02,2294.02,2289.14,2290.03,955.120481
2026-04-20 01:40:00,2290.04,2293.2,2289.13,2291.79,914.833681
2026-04-20 01:45:00,2291.79,2292.97,2290.5,2291.44,881.641435
2026-04-20 01:50:00,2291.36,2291.8,2289.32,2290.51,428.700023
2026-04-20 01:55:00,2290.52,2290.52,2285.54,2286.14,571.636831
2026-04-20 02:00:00,2286.16,2287.04,2281.93,2283.72,433.863514
2026-04-20 02:05:00,2283.76,2284.11,2281.92,2283.61,141.358662
2026-04-20 02:10:00,2283.61,2284.36,2272.63,2275.62,573.861243
2026-04-20 02:15:00,2275.62,2279.27,2272.0,2276.33,281.179928
2026-04-20 02:20:00,2276.25,2279.0,2275.14,2278.21,276.573527
2026-04-20 02:25:00,2278.21,2279.05,2276.42,2277.54,275.206323
2026-04-20 02:30:00,2277.55,2279.28,2275.89,2278.03,112.053609
2026-04-20 02:35:00,2278.02,2279.47,2276.93,2278.11,108.28125
2026-04-20 02:40:00,2278.1,2278.9,2275.79,2278.89,152.032179
2026-04-20 02:45:00,2278.89,2281.34,2276.1,2281.24,435.483016
2026-04-20 02:50:00,2281.27,2281.35,2279.1,2279.61,123.090515
2026-04-20 02:55:00,2279.61,2280.21,2277.55,2277.56,60.528809
2026-04-20 03:00:00,2277.6,2278.54,2276.22,2276.49,93.195441
2026-04-20 03:05:00,2276.48,2278.32,2276.18,2277.9,99.812677
2026-04-20 03:10:00,2277.89,2282.14,2277.89,2282.14,128.49233
2026-04-20 03:15:00,2282.13,2283.74,2278.9,2279.56,126.754354
2026-04-20 03:20:00,2279.59,2283.17,2278.75,2281.23,197.172308
2026-04-20 03:25:00,2281.22,2282.48,2280.06,2280.3,47.248308
2026-04-20 03:30:00,2280.31,2281.77,2279.11,2281.41,236.379734
2026-04-20 03:35:00,2281.41,2281.53,2279.53,2281.27,65.868468
2026-04-20 03:40:00,2281.26,2282.27,2280.41,2281.56,83.41814
2026-04-20 03:45:00,2281.56,2282.0,2280.21,2281.51,70.228415
2026-04-20 03:50:00,2281.52,2288.04,2280.55,2287.23,370.653162
2026-04-20 03:55:00,2287.24,2288.76,2285.61,2286.28,221.957363
2026-04-20 04:00:00,2286.27,2286.28,2283.74,2283.74,110.868098
2026-04-20 04:05:00,2283.75,2284.91,2282.0,2283.62,154.714199
2026-04-20 04:10:00,2283.63,2284.59,2283.15,2283.15,110.330797
2026-04-20 04:15:00,2283.16,2284.82,2280.8,2280.92,103.270793
2026-04-20 04:20:00,2280.93,2282.38,2280.0,2281.5,143.925956
2026-04-20 04:25:00,2281.45,2282.31,2281.12,2281.91,59.032311
2026-04-20 04:30:00,2281.92,2281.92,2280.0,2280.66,98.233715
2026-04-20 04:35:00,2280.71,2281.19,2279.5,2280.25,70.88546
2026-04-20 04:40:00,2280.26,2280.31,2278.76,2279.81,385.99433
2026-04-20 04:45:00,2279.8,2284.71,2279.8,2283.43,80.040684
2026-04-20 04:50:00,2283.37,2285.32,2282.52,2283.57,114.177655
2026-04-20 04:55:00,2283.46,2283.8,2282.46,2283.54,70.520487
2026-04-20 05:00:00,2283.53,2283.54,2278.33,2279.48,86.825298
2026-04-20 05:05:00,2279.48,2279.49,2273.51,2273.79,318.650382
2026-04-20 05:10:00,2273.79,2273.79,2269.24,2273.21,566.522797
2026-04-20 05:15:00,2273.09,2273.09,2268.0,2268.61,346.705706
2026-04-20 05:20:00,2268.6,2269.12,2265.78,2265.78,362.800964
2026-04-20 05:25:00,2265.78,2267.74,2264.5,2266.03,215.46815
2026-04-20 05:30:00,2265.87,2268.42,2264.78,2268.3,152.189276
2026-04-20 05:35:00,2268.3,2269.59,2266.07,2266.99,131.95731
2026-04-20 05:40:00,2266.98,2268.38,2264.51,2264.51,153.162254
2026-04-20 05:45:00,2264.5,2268.26,2263.08,2267.18,114.943746
2026-04-20 05:50:00,2267.19,2271.41,2267.19,2271.41,144.287785
2026-04-20 05:55:00,2271.41,2272.34,2269.81,2270.32,74.363329
2026-04-20 06:00:00,2270.33,2276.38,2270.32,2275.0,256.994966
2026-04-20 06:05:00,2275.0,2275.31,2273.31,2273.92,127.605304
2026-04-20 06:10:00,2273.8,2273.8,2270.5,2270.93,59.887116
2026-04-20 06:15:00,2270.93,2273.72,2268.81,2273.71,137.027298
2026-04-20 06:20:00,2273.72,2274.11,2272.29,2273.77,74.326682
2026-04-20 06:25:00,2273.75,2275.6,2272.81,2274.48,72.850838
2026-04-20 06:30:00,2274.8,2280.35,2274.8,2279.28,306.139482
2026-04-20 06:35:00,2279.28,2279.6,2277.34,2279.16,129.512517
2026-04-20 06:40:00,2279.16,2289.19,2279.15,2284.67,987.359467
2026-04-20 06:45:00,2284.66,2286.75,2282.02,2284.58,108.475887
2026-04-20 06:50:00,2284.58,2284.64,2281.29,2282.57,182.175796
2026-04-20 06:55:00,2282.57,2287.49,2280.71,2285.94,201.210575
2026-04-20 07:00:00,2285.95,2288.9,2285.15,2286.01,221.351424
2026-04-20 07:05:00,2286.0,2286.36,2283.01,2285.68,89.570597
2026-04-20 07:10:00,2285.56,2288.71,2285.0,2287.13,173.683569
2026-04-20 07:15:00,2287.12,2291.81,2285.03,2291.05,362.186862
2026-04-20 07:20:00,2291.0,2332.55,2290.76,2323.63,4525.785712
2026-04-20 07:25:00,2323.62,2327.3,2311.59,2314.86,1314.670864
2026-04-20 07:30:00,2314.7,2317.17,2302.31,2307.37,1357.05375
2026-04-20 07:35:00,2307.05,2307.33,2294.9,2299.46,1074.277145
2026-04-20 07:40:00,2299.52,2300.92,2296.73,2297.79,536.125784
2026-04-20 07:45:00,2297.78,2302.37,2294.37,2295.88,705.239592
2026-04-20 07:50:00,2295.59,2295.59,2287.88,2288.5,824.973353
2026-04-20 07:55:00,2288.6,2298.54,2286.25,2298.13,479.887934
2026-04-20 08:00:00,2298.24,2298.57,2291.9,2291.91,327.453537
2026-04-20 08:05:00,2291.91,2295.52,2291.1,2292.84,360.359249
2026-04-20 08:10:00,2292.75,2301.59,2292.75,2300.02,386.378607
2026-04-20 08:15:00,2300.03,2308.13,2299.71,2307.83,279.163236
2026-04-20 08:20:00,2307.64,2307.64,2300.62,2301.64,390.276921
2026-04-20 08:25:00,2301.54,2301.99,2293.4,2299.39,285.865973
2026-04-20 08:30:00,2299.39,2300.84,2296.03,2297.38,232.619192
2026-04-20 08:35:00,2297.38,2298.06,2293.09,2295.1,411.654583
2026-04-20 08:40:00,2295.14,2296.1,2293.3,2295.37,86.913674
2026-04-20 08:45:00,2295.41,2296.68,2292.5,2294.76,334.820984
2026-04-20 08:50:00,2294.84,2295.53,2289.93,2293.53,154.581187
2026-04-20 08:55:00,2293.54,2295.11,2292.58,2294.04,59.607005
2026-04-20 09:00:00,2294.05,2295.77,2293.2,2294.95,71.355278
2026-04-20 09:05:00,2295.05,2306.25,2294.3,2302.58,549.024549
2026-04-20 09:10:00,2302.62,2305.78,2298.71,2303.61,247.464036
2026-04-20 09:15:00,2303.61,2306.49,2302.56,2304.01,336.338305
2026-04-20 09:20:00,2304.0,2307.22,2302.05,2305.14,252.579831
2026-04-20 09:25:00,2305.18,2306.4,2303.54,2304.61,67.452318
2026-04-20 09:30:00,2304.6,2306.25,2303.66,2304.98,108.465289
2026-04-20 09:35:00,2304.98,2312.19,2304.84,2310.28,316.312636
2026-04-20 09:40:00,2310.35,2314.45,2309.71,2311.04,221.761589
2026-04-20 09:45:00,2311.05,2313.27,2309.71,2309.8,244.663313
2026-04-20 09:50:00,2309.8,2311.26,2307.54,2311.26,372.411709
2026-04-20 09:55:00,2311.25,2312.42,2306.38,2308.97,211.771657
2026-04-20 10:00:00,2308.97,2313.99,2308.16,2312.75,109.775164
2026-04-20 10:05:00,2312.76,2315.95,2312.72,2314.66,497.325304
2026-04-20 10:10:00,2314.66,2318.32,2314.42,2315.68,414.993338
2026-04-20 10:15:00,2315.65,2320.0,2315.0,2319.02,236.419685
2026-04-20 10:20:00,2319.01,2319.01,2315.0,2316.04,149.713746
2026-04-20 10:25:00,2316.03,2316.18,2314.4,2315.37,101.541104
2026-04-20 10:30:00,2315.37,2315.37,2308.82,2308.83,358.351663
2026-04-20 10:35:00,2308.82,2309.37,2306.84,2308.9,338.219489
2026-04-20 10:40:00,2308.84,2309.51,2307.25,2308.71,54.501311
2026-04-20 10:45:00,2308.71,2309.68,2307.2,2307.81,128.094568
2026-04-20 10:50:00,2307.81,2309.25,2306.79,2308.22,56.898255
2026-04-20 10:55:00,2308.22,2308.22,2303.2,2303.28,267.616809
2026-04-20 11:00:00,2303.28,2304.97,2299.28,2303.21,639.232745
2026-04-20 11:05:00,2303.22,2307.96,2303.22,2307.6,89.689098
2026-04-20 11:10:00,2307.59,2309.09,2304.88,2309.09,142.327662
2026-04-20 11:15:00,2309.09,2311.52,2308.7,2309.18,114.540005
2026-04-20 11:20:00,2309.18,2309.18,2303.61,2308.0,152.466785
2026-04-20 11:25:00,2307.99,2309.32,2306.22,2306.36,140.262732
2026-04-20 11:30:00,2306.36,2308.91,2302.4,2306.4,198.178541
2026-04-20 11:35:00,2306.41,2309.56,2304.88,2308.02,108.056069
2026-04-20 11:40:00,2308.02,2309.24,2307.04,2307.92,59.889916
2026-04-20 11:45:00,2308.06,2312.27,2307.96,2310.2,388.968701
2026-04-20 11:50:00,2310.15,2310.2,2306.99,2308.51,101.380767
2026-04-20 11:55:00,2308.51,2310.88,2307.51,2308.23,55.821028
2026-04-20 12:00:00,2308.23,2309.7,2304.5,2308.45,228.85769
2026-04-20 12:05:00,2308.45,2313.31,2308.45,2311.54,141.8253
2026-04-20 12:10:00,2311.54,2314.18,2311.54,2312.48,165.832186
2026-04-20 12:15:00,2312.47,2317.32,2310.01,2316.58,204.678869
2026-04-20 12:20:00,2316.57,2323.32,2315.0,2317.16,995.888436
2026-04-20 12:25:00,2317.16,2318.44,2314.51,2315.48,696.256028
2026-04-20 12:30:00,2315.49,2318.31,2314.11,2315.32,144.466107
2026-04-20 12:35:00,2315.24,2316.34,2307.7,2311.42,619.851176
2026-04-20 12:40:00,2311.2,2312.0,2306.45,2311.45,294.63527
2026-04-20 12:45:00,2311.56,2315.67,2311.56,2314.89,144.593225
2026-04-20 12:50:00,2314.9,2317.68,2313.94,2317.14,178.19919
2026-04-20 12:55:00,2317.35,2319.65,2315.36,2318.86,232.828387
2026-04-20 13:00:00,2318.86,2319.82,2313.51,2316.3,405.706911
2026-04-20 13:05:00,2316.35,2326.72,2314.64,2322.42,1215.55898
2026-04-20 13:10:00,2322.45,2323.29,2318.01,2319.42,263.305455
2026-04-20 13:15:00,2319.42,2321.69,2312.61,2314.6,249.955819
2026-04-20 13:20:00,2314.6,2315.98,2311.13,2311.48,278.204937
2026-04-20 13:25:00,2311.36,2316.66,2310.12,2316.66,162.170736
2026-04-20 13:30:00,2316.66,2318.0,2301.82,2316.28,986.139121
2026-04-20 13:35:00,2316.4,2319.2,2312.5,2313.31,2244.716609
2026-04-20 13:40:00,2313.04,2314.1,2309.17,2312.6,229.430676
2026-04-20 13:45:00,2312.52,2316.98,2305.22,2306.34,437.452207
2026-04-20 13:50:00,2306.33,2307.47,2302.19,2305.31,468.662651
2026-04-20 13:55:00,2305.31,2315.8,2304.46,2310.81,587.432717
2026-04-20 14:00:00,2310.8,2310.86,2302.87,2306.49,419.053851
2026-04-20 14:05:00,2306.5,2310.8,2297.05,2303.02,1375.187746
2026-04-20 14:10:00,2303.21,2304.99,2297.03,2300.35,416.657127
2026-04-20 14:15:00,2300.24,2308.32,2298.53,2305.28,754.074406
2026-04-20 14:20:00,2305.34,2318.94,2305.31,2315.45,1021.330117
2026-04-20 14:25:00,2315.37,2322.1,2307.7,2311.05,560.854198
2026-04-20 14:30:00,2310.89,2314.63,2307.14,2310.9,282.057864
2026-04-20 14:35:00,2310.91,2311.89,2306.09,2306.46,247.148827
2026-04-20 14:40:00,2306.51,2306.83,2295.5,2302.86,746.656966
2026-04-20 14:45:00,2302.69,2307.09,2299.11,2306.21,399.443132
2026-04-20 14:50:00,2306.69,2307.69,2289.0,2291.97,3014.859994
2026-04-20 14:55:00,2291.83,2292.19,2282.86,2290.84,2181.736624
2026-04-20 15:00:00,2290.84,2293.68,2275.0,2283.81,1936.385898
2026-04-20 15:05:00,2283.82,2286.54,2278.44,2284.8,920.492732
2026-04-20 15:10:00,2284.79,2294.42,2284.43,2292.71,1385.66891
2026-04-20 15:15:00,2292.71,2299.23,2292.2,2297.66,539.061628
2026-04-20 15:20:00,2297.7,2313.45,2295.61,2308.69,2202.088819
2026-04-20 15:25:00,2308.61,2319.22,2308.15,2317.65,1027.182922
2026-04-20 15:30:00,2317.4,2317.4,2306.67,2308.98,766.498441
2026-04-20 15:35:00,2309.13,2312.83,2308.01,2308.53,364.645518
2026-04-20 15:40:00,2308.53,2313.12,2307.09,2307.76,155.860142
2026-04-20 15:45:00,2307.68,2312.3,2305.55,2306.4,391.313763
2026-04-20 15:50:00,2306.32,2310.8,2306.1,2309.62,211.546942
2026-04-20 15:55:00,2309.61,2314.28,2309.36,2313.85,294.292739
2026-04-20 16:00:00,2314.02,2314.69,2307.52,2308.06,183.628482
2026-04-20 16:05:00,2308.02,2310.77,2306.21,2308.4,299.05067
2026-04-20 16:10:00,2308.44,2310.64,2307.64,2307.71,157.588166
2026-04-20 16:15:00,2307.71,2307.95,2300.02,2304.84,371.41541
2026-04-20 16:20:00,2304.86,2308.48,2302.08,2306.02,160.404987
2026-04-20 16:25:00,2306.0,2306.14,2302.45,2303.68,162.485644
2026-04-20 16:30:00,2303.69,2306.0,2301.54,2303.52,376.194836
2026-04-20 16:35:00,2303.46,2303.46,2300.0,2302.92,117.352955
2026-04-20 16:40:00,2302.73,2308.71,2300.66,2306.53,139.879337
2026-04-20 16:45:00,2306.58,2309.13,2300.42,2300.72,233.46966
2026-04-20 16:50:00,2300.8,2303.24,2299.55,2301.34,149.15771
2026-04-20 16:55:00,2301.35,2301.84,2298.62,2300.01,131.587682
2026-04-20 17:00:00,2300.01,2306.39,2297.81,2305.2,362.946705
2026-04-20 17:05:00,2305.48,2312.91,2304.21,2310.42,329.344305
2026-04-20 17:10:00,2310.31,2315.41,2310.21,2313.48,270.669654
2026-04-20 17:15:00,2313.35,2322.53,2310.85,2320.86,876.166137
2026-04-20 17:20:00,2320.88,2321.21,2314.28,2315.52,404.973133
2026-04-20 17:25:00,2315.72,2315.79,2313.33,2314.19,130.64297
2026-04-20 17:30:00,2314.18,2314.85,2308.0,2310.53,290.645839
2026-04-20 17:35:00,2310.71,2315.61,2309.28,2314.22,153.341678
2026-04-20 17:40:00,2314.32,2318.72,2313.05,2313.05,377.175192
2026-04-20 17:45:00,2313.14,2320.52,2311.03,2319.56,189.366934
2026-04-20 17:50:00,2319.79,2322.07,2315.62,2318.68,428.654303
2026-04-20 17:55:00,2318.68,2319.28,2316.01,2317.1,277.791089
2026-04-20 18:00:00,2317.11,2331.46,2317.11,2324.16,1512.172027
2026-04-20 18:05:00,2323.99,2330.9,2323.93,2330.89,441.669952
2026-04-20 18:10:00,2330.52,2332.99,2328.5,2331.39,927.760094
2026-04-20 18:15:00,2331.67,2333.9,2329.85,2333.67,371.552236
2026-04-20 18:20:00,2333.67,2335.78,2328.5,2328.99,496.296561
2026-04-20 18:25:00,2328.83,2330.23,2327.0,2328.47,430.353896
2026-04-20 18:30:00,2328.48,2330.99,2325.36,2330.87,269.801684
2026-04-20 18:35:00,2330.87,2331.35,2324.5,2325.51,288.617154
2026-04-20 18:40:00,2325.67,2342.0,2325.67,2335.28,1654.568478
2026-04-20 18:45:00,2335.27,2335.27,2329.34,2331.21,278.369955
2026-04-20 18:50:00,2331.21,2338.24,2331.21,2336.6,614.959067
2026-04-20 18:55:00,2336.53,2344.03,2333.71,2334.53,1546.41562
2026-04-20 19:00:00,2334.54,2335.9,2330.0,2333.44,381.456633
2026-04-20 19:05:00,2333.38,2335.99,2330.92,2335.15,228.728584
2026-04-20 19:10:00,2335.15,2335.72,2332.34,2333.9,253.017273
2026-04-20 19:15:00,2333.69,2333.7,2329.23,2330.02,212.57683
2026-04-20 19:20:00,2330.0,2330.58,2327.1,2328.06,248.26671
2026-04-20 19:25:00,2328.18,2330.34,2327.12,2329.25,83.432137
2026-04-20 19:30:00,2329.14,2330.39,2327.29,2328.71,227.574984
2026-04-20 19:35:00,2328.71,2330.58,2328.28,2329.85,57.658857
2026-04-20 19:40:00,2329.86,2330.31,2327.88,2328.47,113.995213
2026-04-20 19:45:00,2328.47,2329.5,2327.19,2329.5,307.52196
2026-04-20 19:50:00,2329.5,2331.0,2327.42,2330.03,542.76958
2026-04-20 19:55:00,2330.02,2333.75,2329.26,2331.62,191.805339
2026-04-20 20:00:00,2331.65,2333.74,2328.56,2333.73,475.670629
2026-04-20 20:05:00,2333.73,2333.99,2329.44,2329.69,421.523509
2026-04-20 20:10:00,2329.69,2333.21,2329.44,2331.7,58.338206
2026-04-20 20:15:00,2331.67,2338.46,2330.44,2336.35,998.992277
2026-04-20 20:20:00,2336.26,2340.28,2333.47,2334.89,238.313595
2026-04-20 20:25:00,2334.75,2335.54,2330.86,2331.11,202.70717
2026-04-20 20:30:00,2331.11,2331.52,2328.67,2331.05,140.561906
2026-04-20 20:35:00,2331.03,2331.53,2328.76,2328.76,94.531618
2026-04-20 20:40:00,2328.76,2329.25,2327.75,2327.76,126.762346
2026-04-20 20:45:00,2327.75,2336.99,2325.21,2336.46,986.773062
2026-04-20 20:50:00,2336.46,2336.62,2333.89,2335.61,200.194257
2026-04-20 20:55:00,2335.61,2339.47,2335.17,2337.3,454.054709
2026-04-20 21:00:00,2337.3,2342.34,2335.04,2341.92,794.941147
2026-04-20 21:05:00,2341.91,2346.67,2333.16,2333.55,1047.484898
2026-04-20 21:10:00,2333.46,2333.46,2320.0,2324.91,1881.094008
2026-04-20 21:15:00,2324.91,2326.54,2315.52,2319.93,812.908737
2026-04-20 21:20:00,2319.94,2321.86,2317.65,2320.54,354.786919
2026-04-20 21:25:00,2320.55,2320.55,2317.49,2319.43,154.031169
2026-04-20 21:30:00,2319.42,2319.43,2315.01,2319.23,201.174963
2026-04-20 21:35:00,2319.22,2322.17,2317.99,2319.21,252.582258
2026-04-20 21:40:00,2319.21,2320.26,2317.16,2317.28,89.35778
2026-04-20 21:45:00,2317.39,2319.99,2316.8,2319.59,142.625082
2026-04-20 21:50:00,2319.6,2322.16,2319.37,2320.52,86.269752
2026-04-20 21:55:00,2320.52,2322.63,2320.03,2321.45,60.00702
2026-04-20 22:00:00,2321.46,2325.73,2321.46,2325.26,180.125974
2026-04-20 22:05:00,2325.46,2328.39,2323.9,2324.61,141.593886
2026-04-20 22:10:00,2324.5,2325.2,2322.8,2323.15,56.988535
2026-04-20 22:15:00,2323.19,2324.77,2317.64,2317.64,167.948995
2026-04-20 22:20:00,2317.63,2319.79,2316.68,2319.79,158.15722
2026-04-20 22:25:00,2319.79,2320.69,2318.54,2318.87,137.062396
2026-04-20 22:30:00,2318.87,2323.94,2318.01,2323.8,271.236979
2026-04-20 22:35:00,2323.8,2325.61,2321.26,2322.17,167.993567
2026-04-20 22:40:00,2322.17,2322.7,2317.5,2320.78,203.063819
2026-04-20 22:45:00,2320.77,2320.77,2318.29,2318.29,44.638887
2026-04-20 22:50:00,2318.29,2320.0,2318.05,2319.5,86.521267
2026-04-20 22:55:00,2319.59,2320.59,2318.03,2319.55,99.415136
2026-04-20 23:00:00,2319.55,2319.55,2312.0,2313.13,851.887943
2026-04-20 23:05:00,2313.19,2313.37,2310.24,2312.4,392.579093
2026-04-20 23:10:00,2312.4,2314.49,2310.99,2311.69,95.037675
2026-04-20 23:15:00,2311.68,2312.13,2308.76,2310.23,205.236318
2026-04-20 23:20:00,2310.23,2313.15,2310.23,2312.45,106.823752
2026-04-20 23:25:00,2312.45,2312.45,2307.1,2309.54,293.258248
2026-04-20 23:30:00,2309.55,2312.1,2308.01,2311.44,168.633042
2026-04-20 23:35:00,2311.51,2314.65,2310.53,2313.29,70.446835
2026-04-20 23:40:00,2313.28,2314.88,2312.49,2312.8,51.964803
2026-04-20 23:45:00,2312.81,2315.55,2310.95,2314.24,217.43171
2026-04-20 23:50:00,2314.24,2314.67,2313.67,2314.06,35.168188
2026-04-20 23:55:00,2314.07,2315.07,2313.37,2313.62,79.429661
2026-04-21 00:00:00,2313.58,2318.02,2313.58,2315.01,129.417052
2026-04-21 00:05:00,2314.94,2316.79,2311.53,2312.72,424.249561
2026-04-21 00:10:00,2312.72,2317.17,2312.72,2315.62,64.621282
2026-04-21 00:15:00,2315.61,2316.94,2314.05,2315.24,124.278653
2026-04-21 00:20:00,2315.24,2316.98,2314.02,2315.82,76.980107
2026-04-21 00:25:00,2315.82,2316.37,2312.77,2316.02,100.332298
2026-04-21 00:30:00,2316.04,2317.9,2314.48,2317.34,77.042827
2026-04-21 00:35:00,2317.03,2318.69,2316.34,2316.39,70.596329
2026-04-21 00:40:00,2316.48,2318.9,2316.27,2316.27,110.806365
2026-04-21 00:45:00,2316.41,2324.59,2316.41,2321.0,327.612479
2026-04-21 00:50:00,2321.01,2321.01,2316.82,2318.41,77.50094
2026-04-21 00:55:00,2318.27,2322.01,2318.17,2321.99,70.944475
2026-04-21 01:00:00,2321.99,2321.99,2319.33,2320.98,95.333207
2026-04-21 01:05:00,2320.99,2326.86,2320.56,2323.09,320.173462
2026-04-21 01:10:00,2322.98,2323.59,2321.08,2322.83,103.74475
2026-04-21 01:15:00,2322.8,2322.8,2318.59,2319.21,58.623109
2026-04-21 01:20:00,2319.21,2320.39,2319.21,2319.48,68.854767
2026-04-21 01:25:00,2319.48,2323.55,2318.33,2322.9,247.388686
2026-04-21 01:30:00,2322.9,2326.24,2322.9,2323.63,154.795475
2026-04-21 01:35:00,2323.63,2323.63,2320.3,2320.77,40.316378
2026-04-21 01:40:00,2320.64,2321.99,2319.71,2321.99,42.25893
2026-04-21 01:45:00,2322.0,2322.0,2319.68,2320.57,76.350153
2026-04-21 01:50:00,2320.71,2321.36,2314.24,2315.5,229.87606
2026-04-21 01:55:00,2315.44,2315.44,2312.6,2315.0,84.841852
2026-04-21 02:00:00,2315.0,2315.5,2309.69,2310.87,416.957811
2026-04-21 02:05:00,2310.96,2311.99,2308.39,2310.55,136.855722
2026-04-21 02:10:00,2310.31,2312.16,2309.03,2310.31,196.495095
2026-04-21 02:15:00,2310.14,2311.86,2309.0,2310.3,138.034817
2026-04-21 02:20:00,2310.27,2311.28,2308.33,2308.53,48.241114
2026-04-21 02:25:00,2308.55,2312.28,2306.32,2310.2,178.733501
2026-04-21 02:30:00,2310.34,2313.19,2310.34,2310.75,40.224268
2026-04-21 02:35:00,2310.86,2311.97,2310.0,2310.14,26.075724
2026-04-21 02:40:00,2310.14,2312.03,2308.02,2308.16,120.517525
2026-04-21 02:45:00,2308.16,2309.41,2307.0,2307.86,82.416355
2026-04-21 02:50:00,2307.86,2309.07,2307.83,2309.07,52.57498
2026-04-21 02:55:00,2309.06,2309.85,2308.27,2308.3,37.266382
2026-04-21 03:00:00,2308.3,2308.36,2300.0,2305.82,980.35927
2026-04-21 03:05:00,2305.82,2306.24,2304.15,2304.46,64.674418
2026-04-21 03:10:00,2304.47,2306.24,2303.01,2303.88,81.584784
2026-04-21 03:15:00,2303.84,2306.28,2301.0,2301.39,122.338775
2026-04-21 03:20:00,2301.39,2303.0,2300.0,2302.37,223.411122
2026-04-21 03:25:00,2302.37,2308.43,2302.07,2306.4,207.545541
2026-04-21 03:30:00,2306.21,2309.57,2306.21,2308.39,205.124977
2026-04-21 03:35:00,2308.33,2308.33,2304.05,2304.99,129.853495
2026-04-21 03:40:00,2304.76,2307.37,2304.05,2306.73,86.287593
2026-04-21 03:45:00,2306.74,2310.0,2306.65,2309.58,193.0549
2026-04-21 03:50:00,2309.59,2312.83,2309.59,2311.58,238.893158
2026-04-21 03:55:00,2311.54,2312.41,2310.85,2311.52,115.184906
2026-04-21 04:00:00,2311.52,2313.18,2310.47,2311.53,141.042809
2026-04-21 04:05:00,2311.45,2311.45,2308.39,2308.39,63.839519
2026-04-21 04:10:00,2308.46,2308.97,2306.1,2306.17,143.531476
2026-04-21 04:15:00,2306.09,2308.26,2305.0,2305.01,97.190323
2026-04-21 04:20:00,2305.01,2306.43,2304.3,2306.22,53.725333
2026-04-21 04:25:00,2306.23,2310.51,2305.73,2308.1,307.087052
2026-04-21 04:30:00,2308.11,2308.82,2305.01,2305.22,71.378304
2026-04-21 04:35:00,2305.67,2310.07,2305.67,2309.22,39.384904
2026-04-21 04:40:00,2309.22,2310.02,2307.71,2309.8,100.332103
2026-04-21 04:45:00,2309.91,2311.4,2309.66,2311.25,34.687448
2026-04-21 04:50:00,2311.25,2314.44,2311.17,2313.32,94.221961
2026-04-21 04:55:00,2313.32,2316.12,2313.0,2314.87,271.791708
2026-04-21 05:00:00,2314.71,2317.69,2314.36,2316.37,101.416894
2026-04-21 05:05:00,2316.49,2320.7,2316.17,2319.04,340.148379
2026-04-21 05:10:00,2319.04,2319.04,2315.5,2316.85,305.798632
2026-04-21 05:15:00,2316.78,2317.36,2315.0,2315.0,58.85611
2026-04-21 05:20:00,2315.01,2319.17,2315.0,2318.83,90.734085
2026-04-21 05:25:00,2318.83,2319.02,2315.55,2317.73,231.261538
2026-04-21 05:30:00,2317.72,2318.01,2314.92,2315.45,61.568308
2026-04-21 05:35:00,2315.45,2316.28,2314.76,2314.82,38.520683
2026-04-21 05:40:00,2314.79,2316.04,2314.56,2314.82,84.249409
2026-04-21 05:45:00,2314.81,2314.81,2313.04,2313.49,107.208714
2026-04-21 05:50:00,2313.48,2314.57,2312.69,2314.56,39.620887
2026-04-21 05:55:00,2314.57,2315.45,2313.77,2314.29,218.329301
2026-04-21 06:00:00,2314.07,2314.65,2310.34,2310.73,141.996062
2026-04-21 06:05:00,2310.77,2311.68,2310.2,2310.92,34.272942
2026-04-21 06:10:00,2310.92,2312.38,2310.48,2310.73,140.276367
2026-04-21 06:15:00,2310.99,2311.44,2308.81,2308.82,81.427716
2026-04-21 06:20:00,2308.79,2310.72,2308.0,2309.06,102.50036
2026-04-21 06:25:00,2309.06,2310.68,2309.01,2310.07,53.314024
2026-04-21 06:30:00,2310.08,2320.45,2309.95,2320.19,152.957922
2026-04-21 06:35:00,2320.2,2327.07,2319.72,2320.02,858.220976
2026-04-21 06:40:00,2320.09,2322.87,2319.76,2320.01,98.176206
2026-04-21 06:45:00,2320.02,2321.07,2318.75,2319.72,96.802198
2026-04-21 06:50:00,2319.61,2320.68,2317.63,2317.78,70.594022
2026-04-21 06:55:00,2317.73,2319.0,2317.01,2317.58,88.301086
2026-04-21 07:00:00,2317.58,2317.98,2311.69,2313.51,368.126094
2026-04-21 07:05:00,2313.74,2314.84,2312.52,2314.51,43.232585
2026-04-21 07:10:00,2314.57,2316.43,2313.99,2314.28,72.929983
2026-04-21 07:15:00,2314.28,2316.82,2312.95,2316.82,60.638013
2026-04-21 07:20:00,2316.81,2318.58,2315.95,2318.29,150.014281
2026-04-21 07:25:00,2318.29,2324.53,2318.29,2321.34,577.512378
2026-04-21 07:30:00,2321.37,2322.63,2315.8,2317.31,491.0571
2026-04-21 07:35:00,2317.31,2321.99,2317.31,2320.62,111.560378
2026-04-21 07:40:00,2320.61,2323.8,2320.61,2321.52,219.491466
2026-04-21 07:45:00,2321.53,2322.55,2319.05,2322.54,214.126696
2026-04-21 07:50:00,2322.56,2324.5,2319.32,2319.39,924.8779
2026-04-21 07:55:00,2319.39,2319.59,2318.21,2318.21,131.524714
2026-04-21 08:00:00,2318.21,2320.56,2316.89,2319.21,204.482924
2026-04-21 08:05:00,2319.2,2321.48,2317.38,2318.99,93.875609
2026-04-21 08:10:00,2318.97,2319.63,2313.6,2316.08,358.803655
2026-04-21 08:15:00,2316.08,2317.77,2315.32,2317.26,241.212048
2026-04-21 08:20:00,2317.25,2322.93,2316.89,2321.98,259.107076
2026-04-21 08:25:00,2321.97,2323.84,2320.73,2322.74,201.265361
2026-04-21 08:30:00,2322.68,2323.39,2319.7,2322.22,98.85824
2026-04-21 08:35:00,2322.22,2322.22,2319.24,2321.32,146.998457
2026-04-21 08:40:00,2321.32,2328.6,2320.59,2326.54,687.172558
2026-04-21 08:45:00,2326.52,2338.88,2325.5,2328.54,1280.291295
2026-04-21 08:50:00,2328.55,2329.29,2323.16,2323.6,541.860653
2026-04-21 08:55:00,2323.61,2324.83,2321.01,2323.4,231.075079
2026-04-21 09:00:00,2323.38,2324.96,2319.86,2321.7,312.634585
2026-04-21 09:05:00,2321.71,2323.18,2320.8,2322.65,104.430822
2026-04-21 09:10:00,2322.54,2324.98,2322.17,2324.24,75.084163
2026-04-21 09:15:00,2324.23,2326.64,2324.23,2325.61,216.803929
2026-04-21 09:20:00,2325.51,2327.5,2324.69,2324.69,98.560225
2026-04-21 09:25:00,2324.7,2325.19,2317.82,2319.61,309.149346
2026-04-21 09:30:00,2319.61,2322.0,2318.28,2321.15,250.053447
2026-04-21 09:35:00,2321.14,2323.67,2319.54,2323.49,254.030775
2026-04-21 09:40:00,2323.68,2324.99,2323.36,2324.99,164.912974
2026-04-21 09:45:00,2325.0,2325.83,2322.58,2324.31,159.362978
2026-04-21 09:50:00,2324.23,2324.98,2323.0,2323.01,128.03645
2026-04-21 09:55:00,2323.01,2326.13,2323.01,2325.46,113.714837
2026-04-21 10:00:00,2325.56,2327.62,2325.33,2327.29,98.279665
2026-04-21 10:05:00,2327.29,2330.62,2327.29,2329.41,215.46517
2026-04-21 10:10:00,2329.4,2329.4,2326.77,2327.77,76.167899
2026-04-21 10:15:00,2327.76,2329.07,2325.49,2326.98,71.916755
2026-04-21 10:20:00,2326.97,2330.84,2324.79,2330.21,134.171134
2026-04-21 10:25:00,2330.21,2330.21,2327.6,2327.95,162.261644
2026-04-21 10:30:00,2328.0,2329.32,2327.21,2328.85,70.684069
2026-04-21 10:35:00,2328.84,2329.29,2328.6,2328.85,65.801297
2026-04-21 10:40:00,2328.85,2333.71,2327.36,2333.42,999.444915
2026-04-21 10:45:00,2333.43,2335.58,2331.34,2334.92,436.002157
2026-04-21 10:50:00,2334.92,2337.15,2333.71,2334.22,229.475137
2026-04-21 10:55:00,2334.5,2335.54,2330.79,2330.91,218.005285
2026-04-21 11:00:00,2330.92,2331.32,2328.89,2329.85,265.859959
2026-04-21 11:05:00,2329.85,2330.88,2325.15,2326.4,794.983466
2026-04-21 11:10:00,2326.43,2326.67,2315.68,2317.45,1776.202444
2026-04-21 11:15:00,2317.85,2321.8,2316.56,2321.51,285.270128
2026-04-21 11:20:00,2321.6,2329.94,2321.12,2328.53,165.413715
2026-04-21 11:25:00,2328.36,2328.36,2325.49,2326.64,117.733339
2026-04-21 11:30:00,2326.64,2328.13,2325.54,2325.54,109.701994
2026-04-21 11:35:00,2325.54,2326.37,2324.59,2325.19,55.651151
2026-04-21 11:40:00,2325.2,2325.2,2322.18,2322.38,109.381534
2026-04-21 11:45:00,2322.39,2322.78,2319.82,2321.36,201.196614
2026-04-21 11:50:00,2321.37,2322.31,2320.24,2320.5,105.82275
2026-04-21 11:55:00,2320.47,2321.74,2318.0,2320.0,178.769978
2026-04-21 12:00:00,2320.0,2324.96,2318.83,2319.75,354.957422
2026-04-21 12:05:00,2319.74,2322.34,2318.94,2320.46,168.160784
2026-04-21 12:10:00,2320.45,2320.45,2315.2,2316.48,595.356971
2026-04-21 12:15:00,2316.48,2317.81,2314.46,2316.36,445.251923
2026-04-21 12:20:00,2316.36,2317.46,2315.01,2315.16,153.997266
2026-04-21 12:25:00,2315.16,2318.43,2315.15,2317.96,113.218802
2026-04-21 12:30:00,2317.96,2320.68,2314.28,2320.45,285.232373
2026-04-21 12:35:00,2320.45,2321.26,2307.15,2307.2,609.259128
2026-04-21 12:40:00,2307.21,2307.65,2294.13,2298.48,2288.395031
2026-04-21 12:45:00,2298.66,2302.35,2293.86,2298.72,1030.020563
2026-04-21 12:50:00,2298.7,2307.5,2298.43,2307.49,619.139394
2026-04-21 12:55:00,2307.49,2311.62,2306.3,2308.26,262.376608
2026-04-21 13:00:00,2308.26,2309.56,2303.52,2304.24,403.352215
2026-04-21 13:05:00,2304.18,2308.4,2303.5,2306.17,125.59691
2026-04-21 13:10:00,2306.18,2307.31,2304.48,2305.44,140.997949
2026-04-21 13:15:00,2305.43,2307.55,2304.45,2306.5,86.129738
2026-04-21 13:20:00,2306.4,2307.95,2305.41,2306.96,179.513659
2026-04-21 13:25:00,2306.96,2311.09,2306.22,2307.75,441.757958
2026-04-21 13:30:00,2307.75,2308.41,2302.5,2306.53,763.788515
2026-04-21 13:35:00,2306.26,2308.14,2302.01,2302.41,458.484533
2026-04-21 13:40:00,2302.42,2317.22,2300.81,2310.87,807.140982
2026-04-21 13:45:00,2310.81,2312.95,2307.8,2309.46,452.824591
2026-04-21 13:50:00,2309.45,2313.8,2307.69,2310.38,346.039562
2026-04-21 13:55:00,2310.39,2314.6,2310.39,2312.65,336.168495
2026-04-21 14:00:00,2312.97,2313.95,2305.05,2308.82,493.318355
2026-04-21 14:05:00,2308.83,2309.64,2304.21,2309.32,344.043721
2026-04-21 14:10:00,2309.25,2309.29,2304.96,2306.03,357.45912
2026-04-21 14:15:00,2306.11,2323.3,2306.11,2315.08,1606.267731
2026-04-21 14:20:00,2314.69,2317.5,2311.54,2313.85,282.909786
2026-04-21 14:25:00,2313.85,2317.55,2312.86,2314.06,279.886131
2026-04-21 14:30:00,2314.05,2318.88,2313.57,2317.06,386.582624
2026-04-21 14:35:00,2317.27,2322.82,2316.32,2320.57,731.120721
2026-04-21 14:40:00,2320.51,2327.68,2319.92,2322.08,820.671353
2026-04-21 14:45:00,2322.05,2322.76,2311.14,2313.92,461.241632
2026-04-21 14:50:00,2313.8,2316.08,2311.01,2312.29,103.884217
2026-04-21 14:55:00,2312.18,2312.18,2295.5,2299.32,2189.280443
2026-04-21 15:00:00,2299.4,2303.65,2290.32,2299.38,1175.879515
2026-04-21 15:05:00,2299.17,2301.72,2294.62,2300.78,528.430345
2026-04-21 15:10:00,2300.82,2307.98,2300.61,2305.48,2000.402736
2026-04-21 15:15:00,2305.64,2310.99,2304.03,2310.42,487.193936
2026-04-21 15:20:00,2310.55,2310.59,2302.04,2303.46,1605.247862
2026-04-21 15:25:00,2303.36,2303.36,2297.01,2302.39,903.863778
2026-04-21 15:30:00,2302.08,2305.09,2299.7,2301.61,232.791459
2026-04-21 15:35:00,2301.44,2307.57,2295.56,2307.56,358.531788
2026-04-21 15:40:00,2307.57,2309.63,2302.78,2304.13,409.596043
2026-04-21 15:45:00,2304.23,2309.33,2303.33,2307.67,460.376673
2026-04-21 15:50:00,2307.54,2308.39,2304.27,2304.27,133.072456
2026-04-21 15:55:00,2304.34,2310.41,2302.79,2310.41,113.45018
2026-04-21 16:00:00,2310.44,2317.37,2310.08,2310.08,719.3419
2026-04-21 16:05:00,2310.14,2315.67,2308.25,2315.67,150.803366
2026-04-21 16:10:00,2315.58,2315.68,2310.96,2315.52,87.797883
2026-04-21 16:15:00,2315.53,2317.47,2311.97,2315.68,257.331887
2026-04-21 16:20:00,2315.73,2315.8,2309.5,2311.19,373.957295
2026-04-21 16:25:00,2311.19,2316.54,2311.19,2312.51,325.353858
2026-04-21 16:30:00,2312.21,2321.76,2311.59,2321.75,827.104408
2026-04-21 16:35:00,2321.75,2324.87,2317.09,2318.34,421.341707
2026-04-21 16:40:00,2318.35,2320.91,2312.5,2313.37,724.453404
2026-04-21 16:45:00,2313.37,2317.08,2313.22,2316.92,152.66938
2026-04-21 16:50:00,2316.91,2316.91,2311.6,2312.36,190.985311
2026-04-21 16:55:00,2312.03,2312.38,2306.57,2307.52,168.107991
2026-04-21 17:00:00,2307.44,2309.4,2305.63,2308.24,140.343134
2026-04-21 17:05:00,2308.24,2308.24,2302.0,2305.4,395.732234
2026-04-21 17:10:00,2305.12,2305.19,2296.3,2301.12,817.279443
2026-04-21 17:15:00,2301.09,2301.13,2287.69,2288.11,1550.649278
2026-04-21 17:20:00,2287.94,2296.61,2283.46,2294.61,642.795466
2026-04-21 17:25:00,2294.6,2298.0,2291.0,2296.08,632.670026
2026-04-21 17:30:00,2295.94,2298.25,2293.45,2296.67,366.006818
2026-04-21 17:35:00,2296.71,2309.49,2294.62,2307.19,1104.962785
2026-04-21 17:40:00,2306.92,2319.98,2306.47,2314.75,1839.944235
2026-04-21 17:45:00,2314.75,2315.52,2309.6,2312.38,162.648849
2026-04-21 17:50:00,2312.29,2315.9,2307.09,2307.1,302.790161
2026-04-21 17:55:00,2307.36,2307.36,2303.66,2306.27,110.971131
2026-04-21 18:00:00,2306.25,2308.6,2305.15,2305.59,95.99797
2026-04-21 18:05:00,2305.59,2307.78,2304.14,2305.93,81.38184
2026-04-21 18:10:00,2305.85,2306.12,2302.1,2305.77,281.729331
2026-04-21 18:15:00,2305.9,2309.97,2299.83,2304.34,781.981676
2026-04-21 18:20:00,2304.33,2306.28,2302.27,2304.4,76.741514
2026-04-21 18:25:00,2304.39,2306.39,2302.3,2305.72,167.703866
2026-04-21 18:30:00,2305.7,2310.5,2305.7,2309.9,124.405956
2026-04-21 18:35:00,2309.78,2310.31,2305.3,2307.02,41.689169
2026-04-21 18:40:00,2307.12,2307.21,2304.24,2305.91,42.009334
2026-04-21 18:45:00,2305.78,2307.44,2302.62,2302.81,61.046882
2026-04-21 18:50:00,2302.68,2309.2,2301.07,2308.03,716.120383
2026-04-21 18:55:00,2308.09,2313.33,2306.2,2313.0,358.158318
2026-04-21 19:00:00,2312.99,2321.06,2312.67,2319.57,817.374429
2026-04-21 19:05:00,2319.56,2322.75,2317.43,2317.43,300.93756
2026-04-21 19:10:00,2317.48,2320.96,2313.84,2315.58,512.534638
2026-04-21 19:15:00,2315.68,2318.42,2312.6,2316.61,481.93545
2026-04-21 19:20:00,2316.61,2329.41,2316.61,2327.16,1283.116098
2026-04-21 19:25:00,2327.08,2331.82,2324.07,2324.87,830.084294
2026-04-21 19:30:00,2324.88,2324.98,2315.51,2316.19,283.713628
2026-04-21 19:35:00,2316.18,2316.18,2299.32,2303.33,1630.928289
2026-04-21 19:40:00,2303.35,2303.51,2287.44,2289.37,1337.878764
2026-04-21 19:45:00,2289.5,2297.78,2288.65,2296.84,336.497377
2026-04-21 19:50:00,2296.79,2299.97,2292.43,2294.93,205.840491
2026-04-21 19:55:00,2294.92,2299.0,2294.62,2298.66,248.551893
2026-04-21 20:00:00,2298.69,2303.32,2295.76,2301.65,814.041334
2026-04-21 20:05:00,2301.64,2320.0,2298.09,2314.97,1719.724783
2026-04-21 20:10:00,2314.97,2321.69,2312.94,2319.1,2123.794133
2026-04-21 20:15:00,2318.98,2325.0,2317.5,2318.0,1478.810953
2026-04-21 20:20:00,2318.0,2321.54,2316.4,2318.55,786.838162
2026-04-21 20:25:00,2318.44,2324.39,2317.1,2318.32,665.685238
2026-04-21 20:30:00,2318.59,2326.18,2318.18,2323.65,627.380209
2026-04-21 20:35:00,2323.55,2324.6,2318.37,2320.7,286.828873
2026-04-21 20:40:00,2320.69,2320.69,2316.12,2316.45,289.058049
2026-04-21 20:45:00,2316.5,2317.39,2311.12,2317.27,292.597171
2026-04-21 20:50:00,2317.4,2317.96,2316.33,2317.58,100.796757
2026-04-21 20:55:00,2317.63,2320.87,2314.44,2314.44,227.369802
2026-04-21 21:00:00,2314.4,2318.17,2313.77,2315.91,61.426214
2026-04-21 21:05:00,2316.0,2316.1,2311.68,2312.33,86.450065
2026-04-21 21:10:00,2312.34,2314.26,2309.65,2313.7,225.150831
2026-04-21 21:15:00,2313.7,2314.57,2312.01,2313.7,61.445066
2026-04-21 21:20:00,2313.7,2317.23,2313.7,2315.2,76.10433
2026-04-21 21:25:00,2315.18,2315.43,2312.01,2312.99,83.675354
2026-04-21 21:30:00,2313.0,2314.0,2312.0,2313.65,40.029653
2026-04-21 21:35:00,2313.86,2315.5,2313.01,2314.49,86.02533
2026-04-21 21:40:00,2314.48,2315.1,2310.19,2310.19,84.887636
2026-04-21 21:45:00,2310.28,2312.99,2310.13,2311.72,64.365916
2026-04-21 21:50:00,2311.88,2312.96,2310.41,2311.51,69.457214
2026-04-21 21:55:00,2311.52,2314.08,2311.38,2312.47,52.839677
2026-04-21 22:00:00,2312.43,2314.94,2310.27,2311.24,93.599572
2026-04-21 22:05:00,2311.24,2314.61,2309.87,2312.32,124.274825
2026-04-21 22:10:00,2312.2,2317.0,2312.2,2315.73,38.05952
2026-04-21 22:15:00,2315.6,2316.0,2307.26,2307.26,177.90135
2026-04-21 22:20:00,2307.26,2310.1,2303.89,2307.48,295.557564
2026-04-21 22:25:00,2307.5,2308.38,2304.36,2306.95,450.787538
2026-04-21 22:30:00,2307.04,2308.22,2300.74,2304.82,409.445236
2026-04-21 22:35:00,2304.82,2308.39,2304.34,2305.73,447.370091
2026-04-21 22:40:00,2305.73,2313.39,2305.66,2311.54,299.48038
2026-04-21 22:45:00,2311.54,2312.17,2307.5,2307.5,80.389379
2026-04-21 22:50:00,2307.52,2310.57,2307.52,2310.18,47.439763
2026-04-21 22:55:00,2310.26,2312.32,2310.23,2311.4,32.872204
2026-04-21 23:00:00,2311.3,2318.6,2310.98,2317.72,202.466037
2026-04-21 23:05:00,2318.0,2321.6,2317.8,2320.76,194.193775
2026-04-21 23:10:00,2320.76,2320.76,2316.93,2318.14,158.53332
2026-04-21 23:15:00,2318.15,2320.9,2317.55,2319.27,83.33981
2026-04-21 23:20:00,2319.36,2319.36,2316.35,2317.36,95.53319
2026-04-21 23:25:00,2317.36,2317.43,2315.24,2316.52,136.760473
2026-04-21 23:30:00,2316.57,2319.91,2315.48,2319.41,445.048174
2026-04-21 23:35:00,2319.41,2322.96,2318.68,2322.73,420.789603
2026-04-21 23:40:00,2322.77,2326.19,2321.34,2324.07,1074.028056
2026-04-21 23:45:00,2324.07,2330.02,2323.65,2327.39,1056.839687
2026-04-21 23:50:00,2327.49,2329.56,2325.08,2327.01,321.3278
2026-04-21 23:55:00,2327.02,2328.96,2326.2,2327.58,296.586337
2026-04-22 00:00:00,2327.58,2329.99,2325.51,2325.51,505.260371
2026-04-22 00:05:00,2325.52,2330.76,2325.52,2328.84,1296.96558
2026-04-22 00:10:00,2328.83,2329.15,2325.1,2327.77,307.035342
2026-04-22 00:15:00,2327.77,2328.61,2323.9,2327.62,518.944927
2026-04-22 00:20:00,2327.61,2330.26,2323.89,2323.89,231.178385
2026-04-22 00:25:00,2323.86,2326.55,2322.86,2324.71,235.954854
2026-04-22 00:30:00,2324.71,2326.12,2323.31,2323.65,299.681015
2026-04-22 00:35:00,2323.64,2326.32,2322.19,2326.32,149.9342
2026-04-22 00:40:00,2326.33,2328.62,2324.78,2326.8,40.320704
2026-04-22 00:45:00,2326.9,2327.7,2324.0,2324.0,79.042449
2026-04-22 00:50:00,2324.01,2324.54,2323.0,2323.08,37.101173
2026-04-22 00:55:00,2323.24,2325.75,2323.14,2325.65,143.270451
2026-04-22 01:00:00,2325.58,2327.0,2324.01,2325.33,125.701608
2026-04-22 01:05:00,2325.23,2325.79,2324.04,2324.78,32.945611
2026-04-22 01:10:00,2324.77,2328.65,2322.62,2327.47,140.421062
2026-04-22 01:15:00,2327.36,2327.36,2318.5,2318.59,104.16933
2026-04-22 01:20:00,2318.5,2321.05,2317.52,2317.56,175.380019
2026-04-22 01:25:00,2317.7,2317.75,2314.29,2314.29,345.951207
2026-04-22 01:30:00,2314.28,2317.92,2313.22,2316.84,142.725485
2026-04-22 01:35:00,2316.8,2321.22,2316.59,2321.22,48.655334
2026-04-22 01:40:00,2321.21,2321.91,2319.95,2320.06,66.418126
2026-04-22 01:45:00,2319.95,2321.39,2317.81,2321.31,50.39515
2026-04-22 01:50:00,2321.31,2326.0,2320.72,2321.57,521.773616
2026-04-22 01:55:00,2321.58,2324.18,2321.3,2322.58,98.250924
2026-04-22 02:00:00,2322.77,2324.21,2320.4,2322.08,59.522372
2026-04-22 02:05:00,2322.15,2323.7,2320.44,2323.68,45.247762
2026-04-22 02:10:00,2323.48,2342.26,2323.48,2334.93,2066.361837
2026-04-22 02:15:00,2334.94,2353.5,2334.94,2345.62,3036.6285
2026-04-22 02:20:00,2345.61,2347.65,2338.06,2344.03,784.476205
2026-04-22 02:25:00,2344.04,2357.0,2344.04,2355.44,1302.754213
2026-04-22 02:30:00,2355.44,2363.22,2349.4,2352.0,1771.416557
2026-04-22 02:35:00,2352.0,2359.68,2352.0,2353.72,1197.673876
2026-04-22 02:40:00,2353.76,2366.0,2352.73,2363.66,1440.133149
2026-04-22 02:45:00,2363.87,2365.84,2357.6,2359.85,555.17878
2026-04-22 02:50:00,2359.99,2371.87,2359.37,2369.36,1981.031486
2026-04-22 02:55:00,2369.2,2375.85,2366.77,2370.48,1806.200411
2026-04-22 03:00:00,2370.51,2376.96,2366.12,2374.02,1575.8787
2026-04-22 03:05:00,2374.13,2379.46,2372.0,2374.43,1019.442643
2026-04-22 03:10:00,2374.47,2375.13,2369.46,2371.03,453.292486
2026-04-22 03:15:00,2371.03,2371.47,2362.56,2363.46,613.353698
2026-04-22 03:20:00,2363.49,2366.31,2362.5,2364.8,612.060771
2026-04-22 03:25:00,2364.8,2367.72,2364.01,2364.88,400.491234
2026-04-22 03:30:00,2364.93,2365.77,2359.17,2359.89,620.8836
2026-04-22 03:35:00,2359.89,2360.89,2358.36,2358.56,166.20989
2026-04-22 03:40:00,2358.57,2364.52,2358.28,2364.24,452.658909
2026-04-22 03:45:00,2364.14,2366.23,2361.0,2363.36,264.236779
2026-04-22 03:50:00,2363.26,2366.64,2362.51,2364.46,137.807949
2026-04-22 03:55:00,2364.56,2366.36,2363.43,2363.82,299.266899
2026-04-22 04:00:00,2363.73,2366.4,2363.73,2366.25,523.749874
2026-04-22 04:05:00,2366.25,2367.0,2364.92,2366.6,119.694531
2026-04-22 04:10:00,2366.94,2367.55,2362.22,2362.44,228.970365
2026-04-22 04:15:00,2362.51,2362.97,2360.01,2360.41,183.837334
2026-04-22 04:20:00,2360.46,2362.57,2358.39,2360.16,150.915712
2026-04-22 04:25:00,2360.12,2363.25,2359.56,2362.01,183.301142
2026-04-22 04:30:00,2362.06,2362.72,2359.33,2360.01,208.590914
2026-04-22 04:35:00,2360.01,2366.93,2359.4,2366.34,407.859858
2026-04-22 04:40:00,2366.33,2369.44,2364.82,2365.01,485.327796
2026-04-22 04:45:00,2365.0,2365.0,2362.87,2362.87,120.924961
2026-04-22 04:50:00,2362.89,2364.16,2361.51,2362.01,135.119117
2026-04-22 04:55:00,2362.0,2363.93,2361.41,2363.92,107.959773
2026-04-22 05:00:00,2363.93,2365.0,2361.9,2363.7,106.595847
2026-04-22 05:05:00,2363.8,2368.33,2363.8,2366.8,130.463762
2026-04-22 05:10:00,2366.79,2367.26,2365.37,2366.48,104.325736
2026-04-22 05:15:00,2366.48,2393.0,2366.09,2390.23,4246.310418
2026-04-22 05:20:00,2390.23,2396.77,2387.05,2389.87,1516.604419
2026-04-22 05:25:00,2389.96,2394.74,2385.52,2387.68,1169.955136
2026-04-22 05:30:00,2387.68,2402.97,2387.68,2394.84,4272.089123
2026-04-22 05:35:00,2394.65,2401.0,2388.97,2389.7,939.169846
2026-04-22 05:40:00,2389.7,2397.44,2387.32,2397.17,615.116821
2026-04-22 05:45:00,2397.16,2403.37,2394.4,2401.61,2689.531851
2026-04-22 05:50:00,2401.61,2413.33,2397.72,2402.57,6839.902644
2026-04-22 05:55:00,2402.57,2403.19,2396.59,2396.83,589.483428
2026-04-22 06:00:00,2396.82,2397.19,2390.03,2394.09,757.578885
2026-04-22 06:05:00,2394.09,2395.0,2391.3,2392.28,284.485724
2026-04-22 06:10:00,2392.28,2393.83,2391.01,2392.27,464.980087
2026-04-22 06:15:00,2392.28,2394.78,2391.94,2392.83,194.158969
2026-04-22 06:20:00,2392.83,2393.74,2389.61,2390.39,255.176879
2026-04-22 06:25:00,2390.39,2392.39,2389.99,2392.17,187.177254
2026-04-22 06:30:00,2392.18,2394.45,2390.92,2390.92,246.819479
2026-04-22 06:35:00,2390.91,2392.99,2390.19,2391.58,185.882985
2026-04-22 06:40:00,2391.58,2393.3,2390.41,2391.43,181.251511
2026-04-22 06:45:00,2391.46,2392.33,2389.62,2391.08,227.63255
2026-04-22 06:50:00,2391.08,2393.36,2391.08,2392.85,138.747559
2026-04-22 06:55:00,2392.84,2393.36,2391.11,2393.22,89.62073
2026-04-22 07:00:00,2393.22,2394.99,2391.71,2393.71,289.056015
2026-04-22 07:05:00,2393.72,2395.18,2392.04,2394.65,277.704542
2026-04-22 07:10:00,2394.71,2397.68,2393.77,2397.25,238.865069
2026-04-22 07:15:00,2397.25,2397.25,2387.12,2390.01,926.312747
2026-04-22 07:20:00,2390.2,2390.2,2384.01,2388.61,1340.582317
2026-04-22 07:25:00,2388.62,2389.6,2385.56,2387.24,867.655341
2026-04-22 07:30:00,2387.25,2388.91,2386.2,2387.92,316.653083
2026-04-22 07:35:00,2387.91,2389.85,2386.41,2387.36,492.059021
2026-04-22 07:40:00,2387.35,2394.98,2386.4,2394.02,1170.499751
2026-04-22 07:45:00,2394.01,2394.43,2390.81,2391.2,534.143301
2026-04-22 07:50:00,2391.2,2392.0,2387.93,2389.73,903.935374
2026-04-22 07:55:00,2389.73,2391.11,2389.18,2390.05,430.975741
2026-04-22 08:00:00,2390.05,2393.44,2388.61,2389.01,352.202176
2026-04-22 08:05:00,2388.92,2391.81,2388.92,2390.68,193.325992
2026-04-22 08:10:00,2390.69,2392.12,2389.87,2390.73,258.650128
2026-04-22 08:15:00,2390.73,2391.8,2389.63,2390.72,155.056918
2026-04-22 08:20:00,2390.71,2392.29,2384.7,2386.25,302.247099
2026-04-22 08:25:00,2386.25,2389.32,2385.49,2385.51,696.187378
2026-04-22 08:30:00,2385.57,2386.78,2384.0,2384.99,146.047901
2026-04-22 08:35:00,2385.0,2387.79,2384.56,2384.95,553.720031
2026-04-22 08:40:00,2384.94,2385.32,2383.69,2383.69,318.324187
2026-04-22 08:45:00,2383.69,2385.33,2383.1,2384.29,201.841033
2026-04-22 08:50:00,2384.19,2389.44,2384.19,2389.34,293.386347
2026-04-22 08:55:00,2389.34,2390.0,2386.73,2388.11,350.207807
2026-04-22 09:00:00,2388.0,2390.49,2387.01,2388.14,375.31404
2026-04-22 09:05:00,2388.09,2392.84,2386.55,2391.99,200.491914
2026-04-22 09:10:00,2391.98,2393.45,2390.95,2391.84,166.47994
2026-04-22 09:15:00,2391.89,2392.94,2388.92,2390.32,104.445551
2026-04-22 09:20:00,2390.33,2392.7,2390.19,2390.99,161.887591
2026-04-22 09:25:00,2390.99,2394.0,2390.64,2393.55,66.100054
2026-04-22 09:30:00,2393.41,2393.44,2391.1,2391.1,82.960551
2026-04-22 09:35:00,2391.08,2391.7,2389.44,2391.5,68.533798
2026-04-22 09:40:00,2391.58,2393.85,2391.58,2391.89,72.404831
2026-04-22 09:45:00,2391.89,2391.89,2388.9,2389.97,323.292016
2026-04-22 09:50:00,2389.97,2391.07,2384.0,2385.41,382.534414
2026-04-22 09:55:00,2385.54,2387.96,2384.64,2387.52,76.227731
2026-04-22 10:00:00,2387.45,2390.0,2385.0,2386.33,198.522508
2026-04-22 10:05:00,2386.32,2390.33,2386.32,2386.95,99.436014
2026-04-22 10:10:00,2387.0,2390.33,2387.0,2390.08,67.606313
2026-04-22 10:15:00,2390.06,2390.78,2387.85,2390.56,101.477783
2026-04-22 10:20:00,2390.55,2391.33,2388.97,2389.47,102.200636
2026-04-22 10:25:00,2389.5,2391.53,2388.83,2391.13,106.746711
2026-04-22 10:30:00,2391.02,2393.11,2390.56,2392.87,227.285632
2026-04-22 10:35:00,2392.87,2393.7,2390.66,2391.01,68.969599
2026-04-22 10:40:00,2391.02,2391.96,2389.63,2390.16,111.425037
2026-04-22 10:45:00,2390.16,2391.1,2389.5,2390.8,80.917336
2026-04-22 10:50:00,2390.8,2391.55,2390.01,2390.3,21.639618
2026-04-22 10:55:00,2390.3,2390.59,2388.98,2390.46,229.941933
2026-04-22 11:00:00,2390.36,2393.68,2389.53,2390.65,314.945819
2026-04-22 11:05:00,2390.74,2391.47,2386.64,2387.5,116.847776
2026-04-22 11:10:00,2387.5,2390.81,2387.5,2389.57,300.23191
2026-04-22 11:15:00,2389.71,2392.79,2389.6,2391.2,108.304564
2026-04-22 11:20:00,2391.12,2392.79,2390.75,2391.81,129.237353
2026-04-22 11:25:00,2391.99,2392.99,2391.71,2392.52,44.383118
2026-04-22 11:30:00,2392.55,2393.97,2391.67,2392.91,73.13598
2026-04-22 11:35:00,2392.92,2397.78,2388.82,2391.36,899.934814
2026-04-22 11:40:00,2391.37,2394.6,2390.72,2392.52,139.755583
2026-04-22 11:45:00,2392.53,2396.18,2392.46,2395.72,125.230989
2026-04-22 11:50:00,2395.59,2400.72,2394.53,2397.94,1108.760887
2026-04-22 11:55:00,2397.93,2398.52,2396.31,2398.52,256.481061
2026-04-22 12:00:00,2398.52,2402.44,2396.34,2400.2,552.16187
2026-04-22 12:05:00,2400.15,2400.73,2396.24,2400.25,117.659877
2026-04-22 12:10:00,2400.25,2404.27,2399.53,2402.19,435.263521
2026-04-22 12:15:00,2402.18,2406.03,2400.28,2401.19,555.106807
2026-04-22 12:20:00,2401.05,2402.15,2399.25,2399.27,295.042361
2026-04-22 12:25:00,2399.37,2402.38,2396.43,2397.97,606.655108
2026-04-22 12:30:00,2397.96,2402.5,2395.91,2402.03,424.410172
2026-04-22 12:35:00,2402.03,2402.41,2398.41,2398.67,262.090182
2026-04-22 12:40:00,2398.66,2401.11,2397.86,2400.18,254.986037
2026-04-22 12:45:00,2400.32,2407.27,2400.32,2401.82,705.303437
2026-04-22 12:50:00,2401.82,2404.67,2401.45,2404.17,125.46436
2026-04-22 12:55:00,2404.16,2406.68,2403.4,2404.8,416.96751
2026-04-22 13:00:00,2404.8,2408.85,2402.01,2407.65,519.820182
2026-04-22 13:05:00,2407.63,2414.41,2405.18,2407.0,972.847017
2026-04-22 13:10:00,2406.93,2409.8,2405.61,2408.8,236.64195
2026-04-22 13:15:00,2408.8,2414.09,2406.12,2413.17,2362.366041
2026-04-22 13:20:00,2413.17,2415.69,2408.41,2412.2,540.44655
2026-04-22 13:25:00,2412.15,2412.47,2408.42,2409.35,240.681029
2026-04-22 13:30:00,2409.62,2418.04,2404.77,2407.99,1901.294936
2026-04-22 13:35:00,2407.99,2410.31,2401.45,2409.0,1441.549824
2026-04-22 13:40:00,2409.01,2415.11,2408.05,2413.9,1506.441431
2026-04-22 13:45:00,2413.9,2423.93,2411.63,2413.16,4164.248614
2026-04-22 13:50:00,2413.19,2417.2,2409.35,2413.92,2138.603314
2026-04-22 13:55:00,2413.93,2417.75,2412.29,2417.59,782.673717
2026-04-22 14:00:00,2417.71,2423.17,2415.64,2419.03,856.800053
2026-04-22 14:05:00,2419.0,2419.0,2412.02,2415.57,578.111117
2026-04-22 14:10:00,2415.64,2424.09,2415.48,2423.1,819.220975
2026-04-22 14:15:00,2423.1,2423.41,2410.99,2410.99,810.519615
2026-04-22 14:20:00,2410.99,2420.0,2410.05,2415.64,654.618107
2026-04-22 14:25:00,2415.48,2417.18,2410.93,2411.32,2081.878392
2026-04-22 14:30:00,2411.31,2412.35,2392.0,2399.87,1808.578666
2026-04-22 14:35:00,2399.69,2404.9,2397.88,2404.9,602.111651
2026-04-22 14:40:00,2404.9,2406.88,2394.89,2395.82,953.794843
2026-04-22 14:45:00,2395.71,2401.53,2395.15,2401.36,582.647218
2026-04-22 14:50:00,2401.36,2404.64,2398.56,2401.65,769.875623
2026-04-22 14:55:00,2401.62,2405.57,2397.49,2403.01,466.450854
2026-04-22 15:00:00,2403.02,2404.0,2396.0,2397.46,557.799856
2026-04-22 15:05:00,2397.19,2402.91,2395.0,2399.0,570.104351
2026-04-22 15:10:00,2399.0,2404.0,2397.9,2398.5,424.638259
2026-04-22 15:15:00,2398.27,2399.39,2395.01,2397.89,373.202403
2026-04-22 15:20:00,2397.65,2400.6,2396.79,2397.12,312.143432
2026-04-22 15:25:00,2397.08,2399.93,2390.51,2398.73,964.112303
2026-04-22 15:30:00,2398.84,2404.19,2396.67,2398.33,608.222936
2026-04-22 15:35:00,2398.33,2411.16,2395.01,2409.55,1665.883892
2026-04-22 15:40:00,2409.75,2412.57,2407.77,2411.77,525.389731
2026-04-22 15:45:00,2411.71,2413.82,2409.64,2410.04,424.822816
2026-04-22 15:50:00,2410.01,2410.41,2407.12,2410.26,276.008322
2026-04-22 15:55:00,2410.26,2411.18,2402.97,2403.8,325.480277
2026-04-22 16:00:00,2403.8,2413.0,2403.8,2412.03,663.386267
2026-04-22 16:05:00,2412.26,2413.77,2407.29,2407.29,1536.372052
2026-04-22 16:10:00,2407.28,2407.29,2401.4,2404.65,371.896056
2026-04-22 16:15:00,2404.62,2405.35,2399.73,2400.64,266.08768
2026-04-22 16:20:00,2400.64,2402.66,2395.83,2397.06,267.933368
2026-04-22 16:25:00,2397.06,2397.94,2392.6,2393.89,550.863034
2026-04-22 16:30:00,2393.98,2395.57,2388.8,2393.95,663.911486
2026-04-22 16:35:00,2393.96,2396.43,2392.19,2394.62,760.410274
2026-04-22 16:40:00,2394.6,2395.07,2387.61,2390.16,790.388772
2026-04-22 16:45:00,2390.33,2391.99,2386.41,2391.46,351.706799
2026-04-22 16:50:00,2391.45,2391.52,2385.22,2385.89,418.605543
2026-04-22 16:55:00,2385.89,2388.58,2384.09,2386.18,907.46589
2026-04-22 17:00:00,2386.27,2395.89,2386.27,2391.51,509.194809
2026-04-22 17:05:00,2391.52,2394.1,2390.54,2394.09,160.383337
2026-04-22 17:10:00,2394.11,2397.73,2393.01,2394.02,311.541634
2026-04-22 17:15:00,2393.65,2394.15,2386.91,2389.78,305.099408
2026-04-22 17:20:00,2389.79,2392.39,2387.79,2388.79,163.589696
2026-04-22 17:25:00,2388.93,2395.38,2387.85,2392.39,385.020482
2026-04-22 17:30:00,2392.39,2396.0,2391.44,2392.96,438.022233
2026-04-22 17:35:00,2392.92,2398.33,2392.48,2398.33,184.460088
2026-04-22 17:40:00,2398.32,2400.21,2396.85,2397.63,566.931804
2026-04-22 17:45:00,2397.64,2401.87,2392.15,2399.79,807.244462
2026-04-22 17:50:00,2399.96,2402.89,2399.18,2402.27,286.991843
2026-04-22 17:55:00,2402.26,2402.93,2398.55,2399.38,429.463746
2026-04-22 18:00:00,2399.39,2404.81,2399.16,2402.08,363.493762
2026-04-22 18:05:00,2402.08,2403.35,2398.36,2400.01,224.736955
2026-04-22 18:10:00,2399.95,2404.89,2398.77,2401.75,291.474874
2026-04-22 18:15:00,2402.13,2402.53,2399.3,2400.36,103.376598
2026-04-22 18:20:00,2400.34,2401.88,2396.77,2401.28,112.119821
2026-04-22 18:25:00,2401.28,2401.38,2397.7,2398.06,122.511737
2026-04-22 18:30:00,2398.19,2398.45,2395.25,2396.85,180.404943
2026-04-22 18:35:00,2396.81,2399.59,2396.76,2398.05,67.568677
2026-04-22 18:40:00,2398.15,2404.1,2398.03,2398.3,442.864333
2026-04-22 18:45:00,2398.31,2403.77,2397.78,2403.1,92.914362
2026-04-22 18:50:00,2403.01,2404.51,2400.08,2400.61,338.094918
2026-04-22 18:55:00,2400.61,2400.66,2396.08,2397.0,120.880749
2026-04-22 19:00:00,2397.05,2397.8,2390.01,2391.6,343.829754
2026-04-22 19:05:00,2391.52,2393.63,2389.24,2393.0,244.055794
2026-04-22 19:10:00,2393.08,2395.39,2392.22,2394.97,197.053525
2026-04-22 19:15:00,2394.89,2401.98,2393.95,2401.58,457.248049
2026-04-22 19:20:00,2401.68,2406.37,2401.29,2405.66,572.650677
2026-04-22 19:25:00,2405.65,2407.14,2403.87,2405.05,218.826592
2026-04-22 19:30:00,2404.96,2405.89,2399.34,2399.34,305.028805
2026-04-22 19:35:00,2399.31,2399.31,2392.62,2397.09,319.648304
2026-04-22 19:40:00,2397.08,2397.08,2394.92,2396.03,42.351313
2026-04-22 19:45:00,2396.02,2397.94,2394.06,2396.92,219.827577
2026-04-22 19:50:00,2396.95,2398.94,2394.18,2398.38,155.148952
2026-04-22 19:55:00,2398.38,2400.38,2395.89,2397.73,161.569355
2026-04-22 20:00:00,2397.74,2402.15,2396.94,2401.5,317.679855
2026-04-22 20:05:00,2401.6,2402.29,2398.46,2399.25,284.420952
2026-04-22 20:10:00,2399.24,2401.4,2397.7,2399.79,144.621189
2026-04-22 20:15:00,2399.8,2399.81,2395.58,2396.65,72.096038
2026-04-22 20:20:00,2396.64,2396.64,2391.7,2395.53,424.181369
2026-04-22 20:25:00,2395.64,2398.67,2395.47,2397.74,48.779635
2026-04-22 20:30:00,2397.73,2399.39,2397.03,2397.43,54.138822
2026-04-22 20:35:00,2397.42,2397.42,2392.06,2394.64,260.878594
2026-04-22 20:40:00,2394.68,2396.16,2393.81,2393.81,62.715865
2026-04-22 20:45:00,2393.8,2395.44,2393.16,2393.99,154.702832
2026-04-22 20:50:00,2393.99,2394.57,2391.3,2391.3,109.28699
2026-04-22 20:55:00,2391.31,2392.7,2390.6,2391.57,208.850786
2026-04-22 21:00:00,2391.57,2395.0,2391.56,2394.35,501.488199
2026-04-22 21:05:00,2394.35,2396.0,2394.34,2394.74,304.025955
2026-04-22 21:10:00,2394.73,2395.0,2392.49,2393.54,612.001091
2026-04-22 21:15:00,2393.65,2395.0,2393.22,2394.08,36.304189
2026-04-22 21:20:00,2394.09,2397.12,2393.65,2397.12,475.820093
2026-04-22 21:25:00,2397.12,2397.69,2396.51,2396.52,320.785464
2026-04-22 21:30:00,2396.61,2399.99,2396.61,2399.99,557.06987
2026-04-22 21:35:00,2400.0,2403.99,2399.35,2403.99,192.127344
2026-04-22 21:40:00,2404.0,2406.04,2401.72,2406.04,200.976637
2026-04-22 21:45:00,2406.04,2406.04,2402.96,2403.69,278.241698
2026-04-22 21:50:00,2403.69,2404.33,2401.01,2402.18,122.204437
2026-04-22 21:55:00,2402.18,2404.09,2401.31,2402.59,114.704959
2026-04-22 22:00:00,2402.58,2405.0,2399.36,2401.69,132.903441
2026-04-22 22:05:00,2401.69,2405.25,2400.05,2405.04,157.933856
2026-04-22 22:10:00,2405.09,2405.24,2402.27,2402.57,201.923696
2026-04-22 22:15:00,2402.56,2403.35,2399.01,2400.33,121.106209
2026-04-22 22:20:00,2400.37,2400.37,2398.07,2398.24,137.32979
2026-04-22 22:25:00,2398.17,2398.28,2395.77,2396.91,86.48405
2026-04-22 22:30:00,2396.91,2399.38,2395.56,2395.99,111.822111
2026-04-22 22:35:00,2395.84,2397.58,2394.25,2395.41,138.831945
2026-04-22 22:40:00,2395.48,2397.14,2395.05,2395.92,106.985387
2026-04-22 22:45:00,2395.91,2397.66,2394.11,2395.32,191.324965
2026-04-22 22:50:00,2395.32,2397.27,2394.92,2396.86,88.058182
2026-04-22 22:55:00,2396.92,2400.47,2396.31,2399.87,138.639188
2026-04-22 23:00:00,2399.98,2400.96,2393.52,2394.96,186.675842
2026-04-22 23:05:00,2395.04,2396.7,2392.6,2396.7,147.146697
2026-04-22 23:10:00,2396.77,2399.51,2396.58,2397.3,84.106866
2026-04-22 23:15:00,2397.29,2398.38,2396.39,2396.39,51.07221
2026-04-22 23:20:00,2396.38,2396.38,2380.5,2381.19,1557.382599
2026-04-22 23:25:00,2381.19,2386.75,2380.51,2386.11,751.87708
2026-04-22 23:30:00,2386.11,2386.11,2374.0,2377.19,902.011474
2026-04-22 23:35:00,2377.19,2380.0,2375.81,2377.71,703.097887
2026-04-22 23:40:00,2377.47,2378.86,2375.28,2377.47,276.293048
2026-04-22 23:45:00,2377.48,2380.66,2376.8,2379.25,170.61646
2026-04-22 23:50:00,2379.25,2379.96,2376.26,2377.32,104.832368
2026-04-22 23:55:00,2377.07,2378.16,2373.92,2374.06,322.08005
2026-04-23 00:00:00,2374.07,2379.09,2374.07,2375.99,406.943854
2026-04-23 00:05:00,2375.97,2375.97,2367.0,2367.0,1083.836213
2026-04-23 00:10:00,2367.0,2367.0,2359.68,2360.36,1767.912441
2026-04-23 00:15:00,2360.4,2374.57,2343.29,2373.22,3550.664705
2026-04-23 00:20:00,2373.01,2373.01,2364.8,2367.25,753.644521
2026-04-23 00:25:00,2367.36,2373.85,2365.5,2373.77,475.049073
2026-04-23 00:30:00,2373.78,2378.12,2368.51,2372.35,511.160622
2026-04-23 00:35:00,2372.29,2382.46,2370.71,2377.39,945.462643
2026-04-23 00:40:00,2377.25,2377.99,2372.76,2373.8,172.55294
2026-04-23 00:45:00,2373.8,2376.53,2368.37,2372.6,250.542624
2026-04-23 00:50:00,2372.33,2373.86,2369.4,2370.82,377.69638
2026-04-23 00:55:00,2370.83,2372.71,2370.55,2372.71,53.229216
2026-04-23 01:00:00,2372.76,2372.76,2367.65,2368.22,204.120795
2026-04-23 01:05:00,2368.33,2372.76,2367.8,2368.5,153.72184
2026-04-23 01:10:00,2368.52,2369.37,2364.24,2367.57,360.021143
2026-04-23 01:15:00,2367.58,2367.8,2363.02,2365.37,393.211765
2026-04-23 01:20:00,2365.12,2366.09,2360.68,2361.41,212.393044
2026-04-23 01:25:00,2361.42,2369.54,2361.4,2363.04,327.556304
2026-04-23 01:30:00,2363.04,2366.62,2360.75,2362.76,318.950437
2026-04-23 01:35:00,2362.77,2365.86,2362.51,2364.84,448.461921
2026-04-23 01:40:00,2364.92,2369.57,2364.92,2366.81,167.610067
2026-04-23 01:45:00,2366.79,2369.57,2364.33,2369.21,179.115247
2026-04-23 01:50:00,2369.09,2369.57,2365.56,2366.1,280.325244
2026-04-23 01:55:00,2366.11,2367.48,2365.55,2366.82,491.435401
2026-04-23 02:00:00,2366.89,2366.89,2362.11,2362.8,230.003519
2026-04-23 02:05:00,2362.84,2365.2,2361.58,2363.88,997.406181
2026-04-23 02:10:00,2363.88,2365.4,2360.42,2360.5,79.440332
2026-04-23 02:15:00,2360.5,2363.05,2357.42,2359.63,360.046647
2026-04-23 02:20:00,2359.6,2364.48,2357.11,2357.75,767.577976
2026-04-23 02:25:00,2357.8,2359.05,2348.0,2355.2,1682.509385
2026-04-23 02:30:00,2355.21,2356.61,2352.6,2354.33,182.692721
2026-04-23 02:35:00,2354.34,2357.77,2344.87,2349.79,1213.963599
2026-04-23 02:40:00,2349.6,2350.31,2344.0,2348.88,513.784779
2026-04-23 02:45:00,2349.0,2352.63,2347.0,2349.72,465.121273
2026-04-23 02:50:00,2349.72,2355.27,2349.41,2352.44,549.444088
2026-04-23 02:55:00,2352.38,2353.91,2350.4,2352.16,357.504198
2026-04-23 03:00:00,2352.29,2353.87,2349.42,2350.93,326.874839
2026-04-23 03:05:00,2350.8,2350.8,2345.05,2345.98,304.809362
2026-04-23 03:10:00,2345.99,2347.41,2341.11,2341.26,791.470767
2026-04-23 03:15:00,2341.24,2344.55,2337.5,2338.54,1146.211215
2026-04-23 03:20:00,2338.54,2341.2,2337.1,2338.57,307.564761
2026-04-23 03:25:00,2338.49,2340.46,2337.11,2339.24,274.39273
2026-04-23 03:30:00,2339.26,2340.65,2335.19,2335.21,764.012073
2026-04-23 03:35:00,2335.22,2336.69,2331.73,2336.33,856.579034
2026-04-23 03:40:00,2336.34,2338.63,2332.24,2338.59,260.947471
2026-04-23 03:45:00,2338.63,2339.99,2335.24,2337.2,373.020348
2026-04-23 03:50:00,2337.2,2340.34,2336.51,2340.34,224.795341
2026-04-23 03:55:00,2340.09,2342.59,2337.11,2341.07,390.918867
2026-04-23 04:00:00,2341.07,2341.07,2337.39,2339.15,390.371005
2026-04-23 04:05:00,2339.14,2341.99,2336.97,2341.58,652.740352
2026-04-23 04:10:00,2341.58,2344.77,2341.58,2343.73,330.042914
2026-04-23 04:15:00,2343.73,2344.57,2341.09,2343.1,302.464322
2026-04-23 04:20:00,2343.11,2345.0,2343.01,2343.01,263.735921
2026-04-23 04:25:00,2343.15,2344.26,2341.82,2343.35,230.648963
2026-04-23 04:30:00,2343.49,2348.15,2343.35,2348.0,334.728553
2026-04-23 04:35:00,2347.84,2347.9,2345.88,2346.21,256.216094
2026-04-23 04:40:00,2346.22,2346.55,2345.5,2346.11,100.1613
2026-04-23 04:45:00,2346.11,2347.85,2345.03,2345.94,303.827917
2026-04-23 04:50:00,2345.94,2348.33,2345.12,2347.71,161.296873
2026-04-23 04:55:00,2347.7,2348.8,2347.19,2347.96,129.603562
2026-04-23 05:00:00,2347.86,2352.94,2347.58,2352.33,407.212111
2026-04-23 05:05:00,2352.17,2352.18,2350.41,2351.85,156.919392
2026-04-23 05:10:00,2351.86,2351.86,2350.41,2351.12,137.151115
2026-04-23 05:15:00,2351.2,2351.62,2348.31,2350.21,152.41901
2026-04-23 05:20:00,2350.23,2350.88,2348.2,2348.2,90.177142
2026-04-23 05:25:00,2348.21,2348.21,2346.0,2346.57,182.327384
2026-04-23 05:30:00,2346.56,2346.88,2341.93,2344.34,328.933682
2026-04-23 05:35:00,2344.33,2344.8,2340.34,2341.52,577.532127
2026-04-23 05:40:00,2341.58,2344.96,2340.99,2344.96,53.290835
2026-04-23 05:45:00,2344.95,2348.0,2344.9,2347.79,102.19104
2026-04-23 05:50:00,2347.79,2352.0,2347.77,2348.66,364.079041
2026-04-23 05:55:00,2348.66,2351.64,2348.08,2349.06,195.993133
2026-04-23 06:00:00,2349.07,2352.37,2349.07,2352.3,73.04423
2026-04-23 06:05:00,2352.25,2357.18,2352.25,2354.01,800.665103
2026-04-23 06:10:00,2354.27,2355.0,2351.15,2351.65,440.235022
2026-04-23 06:15:00,2351.66,2353.77,2350.37,2351.9,365.253136
2026-04-23 06:20:00,2351.9,2360.0,2351.88,2356.11,1017.364004
2026-04-23 06:25:00,2356.12,2357.59,2355.98,2356.91,235.205624
2026-04-23 06:30:00,2356.9,2360.0,2356.46,2356.71,758.28315
2026-04-23 06:35:00,2356.71,2356.71,2354.29,2354.4,287.869707
2026-04-23 06:40:00,2354.51,2355.03,2353.13,2353.74,69.369556
2026-04-23 06:45:00,2353.74,2354.0,2349.27,2349.47,383.389296
2026-04-23 06:50:00,2349.47,2355.0,2349.46,2354.66,163.121123
2026-04-23 06:55:00,2354.66,2355.69,2354.0,2354.67,221.070259
2026-04-23 07:00:00,2354.67,2356.81,2354.18,2355.07,272.301471
2026-04-23 07:05:00,2355.04,2356.93,2354.41,2354.41,154.678974
2026-04-23 07:10:00,2354.65,2356.73,2352.6,2353.74,422.863561
2026-04-23 07:15:00,2353.74,2354.08,2350.0,2350.21,1173.807816
2026-04-23 07:20:00,2350.5,2351.91,2349.0,2351.19,250.346048
2026-04-23 07:25:00,2351.19,2352.19,2350.03,2350.91,74.684192
2026-04-23 07:30:00,2350.91,2352.63,2349.44,2352.46,640.787059
2026-04-23 07:35:00,2352.47,2352.65,2346.0,2351.24,914.33682
2026-04-23 07:40:00,2351.29,2352.22,2350.01,2352.06,249.611611
2026-04-23 07:45:00,2352.07,2352.86,2349.55,2352.63,525.76847
2026-04-23 07:50:00,2352.63,2353.52,2340.68,2341.37,2411.426318
2026-04-23 07:55:00,2341.51,2345.59,2341.5,2344.42,804.391405
2026-04-23 08:00:00,2344.46,2344.81,2339.86,2339.86,392.434867
2026-04-23 08:05:00,2339.86,2342.96,2338.63,2342.96,576.592129
2026-04-23 08:10:00,2343.0,2344.53,2341.0,2343.34,204.51201
2026-04-23 08:15:00,2343.34,2344.32,2341.59,2344.32,119.078596
2026-04-23 08:20:00,2344.32,2345.0,2338.62,2339.59,276.45305
2026-04-23 08:25:00,2339.6,2340.99,2338.0,2339.32,278.686876
2026-04-23 08:30:00,2339.32,2339.55,2336.01,2337.84,572.404528
2026-04-23 08:35:00,2337.85,2339.37,2336.25,2336.84,136.536438
2026-04-23 08:40:00,2336.83,2338.99,2335.14,2336.16,388.838484
2026-04-23 08:45:00,2336.17,2338.35,2335.81,2337.98,96.916853
2026-04-23 08:50:00,2338.03,2339.88,2338.03,2339.74,158.404126
2026-04-23 08:55:00,2339.68,2341.37,2339.17,2340.29,236.643606
2026-04-23 09:00:00,2340.3,2340.59,2328.27,2329.22,2570.21122
2026-04-23 09:05:00,2329.05,2331.55,2312.68,2321.45,3356.591245
2026-04-23 09:10:00,2321.92,2322.86,2316.37,2322.52,1860.578413
2026-04-23 09:15:00,2322.61,2328.32,2322.26,2326.84,1090.590146
2026-04-23 09:20:00,2326.84,2327.03,2320.0,2320.85,507.830013
2026-04-23 09:25:00,2320.85,2322.09,2320.61,2321.92,180.705465
2026-04-23 09:30:00,2321.93,2323.09,2321.68,2322.77,142.966075
2026-04-23 09:35:00,2322.77,2323.93,2321.61,2323.9,226.767776
2026-04-23 09:40:00,2323.91,2327.14,2323.9,2325.48,120.47954
2026-04-23 09:45:00,2325.48,2325.95,2314.62,2316.71,934.771978
2026-04-23 09:50:00,2316.74,2318.22,2316.0,2316.54,288.343143
2026-04-23 09:55:00,2316.55,2318.21,2316.0,2316.75,223.154727
2026-04-23 10:00:00,2316.7,2319.62,2316.0,2317.19,132.489759
2026-04-23 10:05:00,2317.14,2317.19,2306.21,2310.38,2744.841654
2026-04-23 10:10:00,2310.39,2311.66,2307.52,2308.31,713.600334
2026-04-23 10:15:00,2308.31,2313.14,2308.02,2312.46,553.334303
2026-04-23 10:20:00,2312.5,2314.2,2311.0,2312.83,326.159834
2026-04-23 10:25:00,2312.79,2314.8,2312.73,2314.19,292.509057
2026-04-23 10:30:00,2314.16,2316.13,2312.21,2314.87,429.933494
2026-04-23 10:35:00,2314.95,2315.2,2312.15,2314.48,419.470433
2026-04-23 10:40:00,2314.49,2314.87,2312.0,2312.94,199.303441
2026-04-23 10:45:00,2312.95,2316.34,2312.0,2313.01,187.217682
2026-04-23 10:50:00,2313.01,2314.67,2312.0,2312.48,390.122651
2026-04-23 10:55:00,2312.5,2315.23,2312.0,2314.54,223.731989
2026-04-23 11:00:00,2314.61,2318.34,2314.61,2318.03,240.158134
2026-04-23 11:05:00,2318.03,2318.61,2315.69,2316.65,130.221621
2026-04-23 11:10:00,2316.64,2318.24,2315.0,2317.4,286.226328
2026-04-23 11:15:00,2317.4,2320.75,2316.55,2319.79,189.543323
2026-04-23 11:20:00,2319.8,2321.8,2319.79,2321.1,210.4365
2026-04-23 11:25:00,2321.1,2321.99,2319.0,2320.52,315.399659
2026-04-23 11:30:00,2320.53,2320.97,2317.17,2317.29,326.238318
2026-04-23 11:35:00,2317.28,2325.39,2317.28,2323.9,480.672064
2026-04-23 11:40:00,2323.9,2326.29,2322.5,2325.68,601.032611
2026-04-23 11:45:00,2325.67,2329.7,2325.35,2326.42,539.849497
2026-04-23 11:50:00,2326.61,2332.1,2326.0,2331.25,291.799886
2026-04-23 11:55:00,2331.24,2333.01,2328.45,2329.62,698.802309
2026-04-23 12:00:00,2329.62,2331.77,2328.73,2330.45,735.616124
2026-04-23 12:05:00,2330.45,2335.09,2329.6,2330.48,414.561511
2026-04-23 12:10:00,2330.48,2335.57,2330.44,2332.49,346.153452
2026-04-23 12:15:00,2332.36,2332.89,2328.56,2328.56,648.641602
2026-04-23 12:20:00,2328.56,2331.05,2326.01,2330.92,639.149423
2026-04-23 12:25:00,2330.97,2331.4,2329.0,2330.65,127.609056
2026-04-23 12:30:00,2330.64,2332.12,2328.73,2329.73,187.369519
2026-04-23 12:35:00,2329.66,2331.36,2329.61,2330.11,166.117192
2026-04-23 12:40:00,2330.0,2333.01,2329.29,2329.3,663.925745
2026-04-23 12:45:00,2329.29,2331.79,2321.0,2325.9,2106.09768
2026-04-23 12:50:00,2326.09,2328.52,2323.83,2327.13,216.283842
2026-04-23 12:55:00,2327.12,2329.28,2327.05,2329.09,222.419088
2026-04-23 13:00:00,2329.1,2332.68,2327.36,2330.38,222.243602
2026-04-23 13:05:00,2330.37,2330.69,2328.07,2330.1,66.389934
2026-04-23 13:10:00,2330.09,2330.6,2323.5,2324.74,534.53231
2026-04-23 13:15:00,2325.06,2326.59,2321.0,2324.65,417.977907
2026-04-23 13:20:00,2324.62,2326.07,2323.81,2324.74,175.552796
2026-04-23 13:25:00,2324.6,2325.7,2322.16,2323.29,129.1497
2026-04-23 13:30:00,2323.29,2326.39,2320.0,2323.56,384.566604
2026-04-23 13:35:00,2323.52,2326.51,2321.6,2321.71,564.700771
2026-04-23 13:40:00,2321.8,2323.02,2320.09,2320.94,142.593525
2026-04-23 13:45:00,2320.94,2324.12,2317.29,2321.24,514.377569
2026-04-23 13:50:00,2321.33,2321.44,2314.65,2316.34,727.543793
2026-04-23 13:55:00,2316.23,2321.1,2314.74,2319.86,235.026894
2026-04-23 14:00:00,2319.86,2324.66,2316.2,2324.06,917.427586
2026-04-23 14:05:00,2324.06,2324.92,2318.22,2321.81,293.358061
2026-04-23 14:10:00,2321.91,2322.48,2318.23,2319.99,176.511271
2026-04-23 14:15:00,2320.0,2323.59,2319.29,2319.55,161.544953
2026-04-23 14:20:00,2319.55,2329.4,2319.02,2327.6,251.226803
2026-04-23 14:25:00,2327.54,2334.93,2326.5,2327.17,568.2657
2026-04-23 14:30:00,2327.18,2331.54,2327.18,2327.66,221.259226
2026-04-23 14:35:00,2327.65,2332.32,2326.0,2328.11,287.312518
2026-04-23 14:40:00,2328.11,2331.35,2327.0,2330.8,150.319894
2026-04-23 14:45:00,2331.05,2334.53,2329.4,2329.41,213.116098
2026-04-23 14:50:00,2329.4,2334.11,2328.81,2332.52,393.137225
2026-04-23 14:55:00,2332.64,2335.15,2332.61,2334.15,609.488662
2026-04-23 15:00:00,2334.27,2335.1,2325.81,2326.16,307.840995
2026-04-23 15:05:00,2326.17,2327.85,2324.0,2326.96,236.210981
2026-04-23 15:10:00,2326.96,2330.41,2326.96,2329.55,107.849894
2026-04-23 15:15:00,2329.69,2340.0,2328.22,2337.32,1079.714728
2026-04-23 15:20:00,2337.46,2343.97,2335.87,2341.22,565.576498
2026-04-23 15:25:00,2341.21,2341.37,2332.02,2332.28,441.085654
2026-04-23 15:30:00,2332.11,2336.25,2328.57,2335.4,303.462561
2026-04-23 15:35:00,2335.39,2338.77,2332.89,2338.77,296.96068
2026-04-23 15:40:00,2338.76,2339.85,2336.06,2336.56,459.355009
2026-04-23 15:45:00,2336.56,2336.56,2330.6,2334.45,383.982589
2026-04-23 15:50:00,2334.58,2334.58,2328.51,2328.76,474.677808
2026-04-23 15:55:00,2328.59,2333.42,2328.12,2333.34,521.530832
2026-04-23 16:00:00,2333.4,2334.34,2328.89,2328.89,303.844496
2026-04-23 16:05:00,2328.89,2334.44,2328.57,2331.72,235.140735
2026-04-23 16:10:00,2331.57,2334.47,2330.67,2330.68,203.704366
2026-04-23 16:15:00,2330.67,2333.22,2329.81,2333.22,197.050918
2026-04-23 16:20:00,2333.22,2333.77,2328.89,2333.66,439.149256
2026-04-23 16:25:00,2333.58,2335.95,2330.01,2330.01,281.830075
2026-04-23 16:30:00,2330.0,2333.67,2329.28,2332.97,70.380243
2026-04-23 16:35:00,2333.09,2334.42,2330.0,2330.17,370.91614
2026-04-23 16:40:00,2330.03,2332.39,2329.8,2330.9,143.430284
2026-04-23 16:45:00,2331.05,2332.4,2329.16,2329.9,192.42158
2026-04-23 16:50:00,2329.89,2331.42,2324.92,2324.92,533.070166
2026-04-23 16:55:00,2324.92,2327.99,2323.26,2326.1,515.167079
2026-04-23 17:00:00,2326.1,2329.29,2318.42,2319.41,1295.303887
2026-04-23 17:05:00,2319.43,2320.22,2312.65,2313.68,1049.793856
2026-04-23 17:10:00,2313.39,2319.71,2312.18,2318.38,1031.487204
2026-04-23 17:15:00,2318.37,2318.37,2305.01,2310.78,2153.520234
2026-04-23 17:20:00,2310.77,2313.53,2307.18,2311.18,1030.38222
2026-04-23 17:25:00,2311.21,2317.28,2308.72,2309.56,792.23125
2026-04-23 17:30:00,2309.57,2311.29,2306.26,2310.3,1168.146222
2026-04-23 17:35:00,2310.29,2312.5,2294.29,2296.97,2976.230102
2026-04-23 17:40:00,2296.97,2297.1,2288.28,2294.26,1956.447048
2026-04-23 17:45:00,2294.67,2296.67,2285.01,2294.79,1828.576651
2026-04-23 17:50:00,2294.79,2310.61,2290.21,2306.3,1703.456406
2026-04-23 17:55:00,2306.35,2312.59,2304.45,2310.44,820.839591
2026-04-23 18:00:00,2310.54,2315.59,2309.6,2310.18,469.968259
2026-04-23 18:05:00,2310.17,2317.55,2308.28,2313.82,420.567544
2026-04-23 18:10:00,2313.81,2319.18,2313.46,2313.46,813.530559
2026-04-23 18:15:00,2313.47,2317.26,2312.18,2312.29,558.077456
2026-04-23 18:20:00,2312.38,2314.09,2309.28,2311.45,792.838355
2026-04-23 18:25:00,2311.44,2311.53,2308.41,2309.93,380.314262
2026-04-23 18:30:00,2309.92,2314.39,2309.92,2312.38,177.844161
2026-04-23 18:35:00,2312.47,2316.36,2311.95,2314.36,277.101389
2026-04-23 18:40:00,2314.35,2315.34,2312.3,2314.3,153.29887
2026-04-23 18:45:00,2314.09,2314.2,2310.69,2310.91,76.596616
2026-04-23 18:50:00,2310.77,2312.77,2308.41,2311.6,147.815889
2026-04-23 18:55:00,2311.57,2311.57,2304.32,2305.19,208.09997
2026-04-23 19:00:00,2305.32,2307.0,2300.76,2302.53,537.121541
2026-04-23 19:05:00,2302.49,2310.17,2302.49,2308.27,158.211243
2026-04-23 19:10:00,2308.2,2309.43,2306.03,2308.49,100.932915
2026-04-23 19:15:00,2308.5,2313.69,2308.5,2312.36,175.19416
2026-04-23 19:20:00,2312.36,2314.0,2311.83,2312.69,120.269106
2026-04-23 19:25:00,2312.7,2314.53,2312.21,2313.59,155.120838
2026-04-23 19:30:00,2313.58,2314.89,2309.38,2310.3,87.749992
2026-04-23 19:35:00,2310.29,2311.89,2307.81,2309.81,151.05784
2026-04-23 19:40:00,2310.01,2312.05,2310.01,2310.23,64.294036
2026-04-23 19:45:00,2310.21,2316.19,2310.21,2315.99,119.549728
2026-04-23 19:50:00,2316.0,2317.76,2309.41,2315.82,602.584566
2026-04-23 19:55:00,2315.84,2319.18,2312.46,2312.99,328.799434
2026-04-23 20:00:00,2313.06,2323.45,2312.86,2323.45,718.341094
2026-04-23 20:05:00,2323.44,2325.3,2322.62,2324.67,207.888483
2026-04-23 20:10:00,2324.68,2325.28,2320.75,2321.15,110.576976
2026-04-23 20:15:00,2321.23,2323.44,2319.19,2322.06,889.062291
2026-04-23 20:20:00,2322.08,2322.72,2318.79,2320.3,126.499777
2026-04-23 20:25:00,2320.31,2320.86,2318.0,2318.82,170.574659
2026-04-23 20:30:00,2318.84,2323.29,2318.13,2321.98,116.150793
2026-04-23 20:35:00,2321.97,2325.99,2320.5,2325.72,440.680346
2026-04-23 20:40:00,2325.64,2329.4,2324.53,2327.49,617.87302
2026-04-23 20:45:00,2327.42,2329.1,2326.01,2326.38,159.043501
2026-04-23 20:50:00,2326.4,2327.07,2324.0,2324.08,40.152843
2026-04-23 20:55:00,2324.07,2326.3,2322.22,2325.41,170.116056
2026-04-23 21:00:00,2325.42,2325.96,2323.28,2324.97,158.936691
2026-04-23 21:05:00,2324.97,2326.2,2324.42,2324.81,98.294935
2026-04-23 21:10:00,2324.91,2325.45,2320.67,2320.68,538.228362
2026-04-23 21:15:00,2320.68,2322.61,2320.66,2322.21,128.037044
2026-04-23 21:20:00,2322.21,2323.5,2320.78,2323.5,30.683013
2026-04-23 21:25:00,2323.49,2324.44,2323.0,2324.44,75.13186
2026-04-23 21:30:00,2324.5,2327.07,2324.5,2327.07,93.063502
2026-04-23 21:35:00,2327.09,2328.95,2326.85,2327.02,69.924817
2026-04-23 21:40:00,2326.88,2328.6,2326.6,2328.19,90.60609
2026-04-23 21:45:00,2328.19,2328.5,2326.98,2327.71,49.460865
2026-04-23 21:50:00,2327.75,2328.18,2326.26,2328.18,61.032969
2026-04-23 21:55:00,2328.18,2328.18,2321.29,2321.54,364.709616
2026-04-23 22:00:00,2321.52,2327.23,2321.38,2325.53,210.254099
2026-04-23 22:05:00,2325.55,2332.69,2325.55,2328.91,676.845685
2026-04-23 22:10:00,2328.92,2331.81,2328.72,2330.21,139.010843
2026-04-23 22:15:00,2330.25,2339.05,2329.0,2337.74,929.187939
2026-04-23 22:20:00,2337.92,2339.38,2333.67,2336.04,221.168235
2026-04-23 22:25:00,2336.01,2336.01,2330.74,2330.74,579.205327
2026-04-23 22:30:00,2330.84,2333.8,2330.84,2332.21,141.683894
2026-04-23 22:35:00,2332.1,2335.15,2332.09,2333.87,269.418705
2026-04-23 22:40:00,2333.87,2336.02,2333.65,2336.02,102.792395
2026-04-23 22:45:00,2336.08,2337.24,2334.34,2334.75,162.675049
2026-04-23 22:50:00,2334.76,2335.3,2333.68,2334.59,28.841608
2026-04-23 22:55:00,2334.54,2334.7,2330.37,2331.81,332.219673
2026-04-23 23:00:00,2331.81,2333.29,2330.6,2330.92,84.681381
2026-04-23 23:05:00,2330.96,2332.1,2329.5,2329.5,48.809826
2026-04-23 23:10:00,2329.5,2329.5,2327.0,2327.51,110.847061
2026-04-23 23:15:00,2327.51,2327.51,2324.0,2326.09,177.233923
2026-04-23 23:20:00,2326.05,2329.32,2325.28,2328.8,166.182134
2026-04-23 23:25:00,2328.84,2329.02,2326.8,2327.14,150.009754
2026-04-23 23:30:00,2327.18,2328.2,2327.17,2328.2,34.381788
2026-04-23 23:35:00,2328.2,2329.11,2327.4,2328.68,78.236095
2026-04-23 23:40:00,2328.84,2331.8,2328.84,2331.07,204.935553
2026-04-23 23:45:00,2331.07,2332.8,2330.33,2331.19,176.397207
2026-04-23 23:50:00,2331.19,2331.85,2330.46,2331.16,44.299445
2026-04-23 23:55:00,2331.16,2331.4,2329.69,2330.46,64.041783
2026-04-24 00:00:00,2330.46,2331.88,2327.77,2327.78,358.438337
2026-04-24 00:05:00,2327.77,2332.0,2326.72,2331.61,265.608533
2026-04-24 00:10:00,2331.53,2332.72,2330.57,2331.62,176.980116
2026-04-24 00:15:00,2331.63,2333.99,2330.0,2333.32,161.812389
2026-04-24 00:20:00,2333.32,2337.5,2332.43,2332.44,540.674538
2026-04-24 00:25:00,2332.43,2335.7,2332.33,2333.86,93.888863
2026-04-24 00:30:00,2333.86,2336.81,2333.86,2334.79,265.825862
2026-04-24 00:35:00,2334.8,2337.08,2334.03,2335.38,96.254057
2026-04-24 00:40:00,2335.37,2335.38,2332.42,2332.55,120.229563
2026-04-24 00:45:00,2332.54,2335.99,2332.54,2334.99,138.851368
2026-04-24 00:50:00,2335.24,2336.0,2332.32,2333.0,87.131188
2026-04-24 00:55:00,2333.0,2333.0,2330.24,2332.48,206.456931
2026-04-24 01:00:00,2332.49,2332.77,2327.12,2327.3,306.514624
2026-04-24 01:05:00,2327.26,2327.46,2323.86,2325.09,267.603905
2026-04-24 01:10:00,2325.09,2327.28,2325.09,2325.7,74.494465
2026-04-24 01:15:00,2325.7,2326.29,2323.36,2323.44,261.767136
2026-04-24 01:20:00,2323.4,2323.74,2321.32,2322.5,432.527488
2026-04-24 01:25:00,2322.5,2323.59,2321.23,2321.52,101.477218
2026-04-24 01:30:00,2321.52,2322.3,2318.54,2322.29,313.576004
2026-04-24 01:35:00,2322.29,2325.49,2321.15,2324.3,70.877801
2026-04-24 01:40:00,2324.31,2326.04,2320.42,2321.47,149.495272
2026-04-24 01:45:00,2321.47,2330.6,2321.17,2330.42,238.775147
2026-04-24 01:50:00,2330.42,2334.3,2329.82,2331.64,286.490475
2026-04-24 01:55:00,2331.64,2333.05,2331.33,2332.97,182.212005
2026-04-24 02:00:00,2332.86,2335.37,2331.48,2332.11,208.959275
2026-04-24 02:05:00,2332.1,2332.1,2328.8,2329.22,64.75891
2026-04-24 02:10:00,2329.18,2330.14,2326.83,2329.17,202.093264
2026-04-24 02:15:00,2329.12,2329.16,2328.21,2328.7,59.529345
2026-04-24 02:20:00,2328.7,2329.49,2324.86,2324.86,115.250595
2026-04-24 02:25:00,2324.87,2325.79,2324.45,2324.73,49.381138
2026-04-24 02:30:00,2324.76,2328.11,2324.76,2328.11,216.914454
2026-04-24 02:35:00,2328.12,2329.37,2326.64,2327.04,85.992607
2026-04-24 02:40:00,2327.04,2329.46,2325.61,2329.46,89.781707
2026-04-24 02:45:00,2329.46,2330.34,2327.2,2328.11,90.171825
2026-04-24 02:50:00,2328.12,2329.49,2315.19,2319.5,1241.899016
2026-04-24 02:55:00,2319.5,2320.58,2317.84,2319.75,162.141482
2026-04-24 03:00:00,2319.73,2320.62,2316.88,2318.96,104.197669
2026-04-24 03:05:00,2318.96,2320.93,2317.4,2320.38,139.251297
2026-04-24 03:10:00,2320.37,2322.45,2318.13,2319.51,180.434383
2026-04-24 03:15:00,2319.5,2319.5,2315.69,2317.68,119.512677
2026-04-24 03:20:00,2317.68,2318.0,2308.99,2309.74,657.211291
2026-04-24 03:25:00,2309.75,2314.05,2309.73,2310.74,168.111717
2026-04-24 03:30:00,2310.74,2311.29,2301.06,2301.7,1604.636965
2026-04-24 03:35:00,2301.71,2306.47,2301.12,2305.13,313.832726
2026-04-24 03:40:00,2305.13,2305.92,2303.62,2305.24,458.639661
2026-04-24 03:45:00,2305.23,2308.76,2305.01,2306.87,208.194776
2026-04-24 03:50:00,2306.87,2309.07,2306.17,2308.31,84.806509
2026-04-24 03:55:00,2308.26,2308.83,2306.88,2308.72,100.040689
2026-04-24 04:00:00,2308.72,2308.72,2306.89,2307.17,191.427887
2026-04-24 04:05:00,2307.21,2309.86,2306.88,2308.35,157.616191
2026-04-24 04:10:00,2308.34,2310.53,2308.0,2309.39,219.590615
2026-04-24 04:15:00,2309.39,2310.62,2308.19,2310.22,120.323766
2026-04-24 04:20:00,2310.23,2311.88,2309.79,2310.01,291.437565
2026-04-24 04:25:00,2310.0,2310.0,2305.0,2305.02,354.086246
2026-04-24 04:30:00,2305.02,2307.05,2304.52,2304.85,271.619372
2026-04-24 04:35:00,2305.05,2307.32,2300.32,2302.97,928.921652
2026-04-24 04:40:00,2302.84,2305.49,2302.06,2305.2,99.932942
2026-04-24 04:45:00,2305.29,2308.93,2305.2,2308.07,319.761955
2026-04-24 04:50:00,2308.07,2308.78,2307.06,2307.58,110.189574
2026-04-24 04:55:00,2307.57,2307.67,2306.29,2306.29,96.002746
2026-04-24 05:00:00,2306.28,2307.14,2305.05,2305.52,122.421769
2026-04-24 05:05:00,2305.52,2306.07,2303.29,2305.38,330.547422
2026-04-24 05:10:00,2305.45,2305.87,2299.99,2302.91,6055.650212
2026-04-24 05:15:00,2302.91,2304.7,2300.0,2302.9,249.069621
2026-04-24 05:20:00,2302.9,2303.95,2300.0,2302.76,216.811739
2026-04-24 05:25:00,2302.86,2305.16,2302.3,2305.01,206.391166
2026-04-24 05:30:00,2305.02,2309.0,2305.02,2307.93,181.385347
2026-04-24 05:35:00,2307.74,2308.69,2306.49,2308.29,627.425977
2026-04-24 05:40:00,2308.36,2310.51,2308.04,2308.74,174.862071
2026-04-24 05:45:00,2308.74,2312.25,2308.74,2312.24,407.451346
2026-04-24 05:50:00,2312.22,2314.54,2312.04,2312.28,255.946699
2026-04-24 05:55:00,2312.26,2317.0,2312.03,2314.96,691.767767
2026-04-24 06:00:00,2315.03,2315.55,2313.03,2313.69,277.879385
2026-04-24 06:05:00,2313.64,2315.5,2312.46,2314.66,325.724876
2026-04-24 06:10:00,2314.66,2315.5,2312.57,2315.36,155.631692
2026-04-24 06:15:00,2315.36,2316.82,2313.95,2316.82,502.857259
2026-04-24 06:20:00,2316.99,2317.0,2315.19,2316.5,263.388134
2026-04-24 06:25:00,2316.6,2316.6,2313.0,2313.45,125.377766
2026-04-24 06:30:00,2313.45,2314.31,2308.64,2311.35,362.274368
2026-04-24 06:35:00,2311.27,2311.45,2309.44,2311.19,113.55356
2026-04-24 06:40:00,2311.45,2313.2,2309.6,2309.72,333.812491
2026-04-24 06:45:00,2309.62,2311.67,2308.71,2311.66,50.028285
2026-04-24 06:50:00,2311.66,2312.9,2310.02,2311.12,365.409217
2026-04-24 06:55:00,2311.12,2311.37,2308.37,2309.07,238.436355
2026-04-24 07:00:00,2309.08,2311.82,2308.58,2311.45,162.205152
2026-04-24 07:05:00,2311.42,2315.0,2311.42,2314.63,237.099997
2026-04-24 07:10:00,2314.63,2316.24,2313.31,2313.67,199.758192
2026-04-24 07:15:00,2313.67,2313.78,2312.16,2313.26,485.431984
2026-04-24 07:20:00,2313.19,2314.4,2312.81,2313.42,241.254979
2026-04-24 07:25:00,2313.42,2314.9,2311.16,2314.04,429.191255
2026-04-24 07:30:00,2314.03,2315.29,2313.3,2315.28,251.927046
2026-04-24 07:35:00,2315.29,2315.29,2311.82,2313.34,873.771165
2026-04-24 07:40:00,2313.34,2313.64,2311.92,2312.86,540.388516
2026-04-24 07:45:00,2312.86,2315.12,2312.85,2314.12,478.290849
2026-04-24 07:50:00,2314.12,2314.35,2311.53,2311.53,289.018014
2026-04-24 07:55:00,2311.48,2311.73,2308.56,2311.73,492.910291
2026-04-24 08:00:00,2311.77,2312.6,2308.27,2308.68,211.998192
2026-04-24 08:05:00,2308.68,2310.34,2307.49,2308.06,359.989737
2026-04-24 08:10:00,2308.06,2311.04,2307.49,2310.64,80.950489
2026-04-24 08:15:00,2310.71,2318.68,2310.71,2317.8,515.120755
2026-04-24 08:20:00,2317.81,2323.28,2316.86,2318.61,930.789705
2026-04-24 08:25:00,2318.6,2318.6,2316.11,2316.12,169.979089
2026-04-24 08:30:00,2316.11,2316.33,2313.74,2314.06,184.540832
2026-04-24 08:35:00,2314.06,2315.32,2312.2,2315.27,281.655762
2026-04-24 08:40:00,2315.26,2315.59,2312.88,2313.06,147.913284
2026-04-24 08:45:00,2313.15,2316.56,2313.13,2316.41,136.787379
2026-04-24 08:50:00,2316.41,2318.02,2315.54,2317.88,207.143927
2026-04-24 08:55:00,2317.9,2317.9,2314.48,2315.12,230.150357
2026-04-24 09:00:00,2315.11,2315.76,2311.79,2312.59,234.038373
2026-04-24 09:05:00,2312.57,2312.57,2304.0,2305.43,1021.969228
2026-04-24 09:10:00,2305.43,2308.71,2303.6,2308.5,214.778314
2026-04-24 09:15:00,2308.55,2310.35,2307.04,2309.61,106.914428
2026-04-24 09:20:00,2309.6,2311.53,2306.33,2308.59,562.098406
2026-04-24 09:25:00,2308.59,2309.63,2307.87,2308.28,98.981338
2026-04-24 09:30:00,2308.38,2310.46,2307.65,2309.49,93.990656
2026-04-24 09:35:00,2309.54,2310.81,2308.59,2309.84,37.785708
2026-04-24 09:40:00,2309.85,2311.77,2309.85,2311.48,33.513152
2026-04-24 09:45:00,2311.33,2311.33,2308.0,2308.26,121.059661
2026-04-24 09:50:00,2308.26,2310.94,2306.78,2310.94,107.491327
2026-04-24 09:55:00,2310.94,2310.94,2308.78,2310.07,83.529147
2026-04-24 10:00:00,2310.23,2310.47,2307.57,2308.98,272.382343
2026-04-24 10:05:00,2308.97,2308.97,2306.01,2308.42,63.756725
2026-04-24 10:10:00,2308.42,2309.46,2307.12,2308.8,109.621102
2026-04-24 10:15:00,2308.88,2310.56,2308.51,2309.8,100.816926
2026-04-24 10:20:00,2309.75,2313.74,2309.48,2313.5,91.212246
2026-04-24 10:25:00,2313.52,2316.15,2313.52,2313.96,136.177996
2026-04-24 10:30:00,2313.96,2314.66,2313.21,2314.52,58.801324
2026-04-24 10:35:00,2314.53,2316.66,2312.88,2313.62,80.023816
2026-04-24 10:40:00,2313.62,2315.02,2312.99,2313.96,44.614798
2026-04-24 10:45:00,2313.95,2316.2,2312.54,2314.76,328.31382
2026-04-24 10:50:00,2314.74,2317.52,2314.74,2316.91,177.135459
2026-04-24 10:55:00,2316.92,2319.04,2315.63,2315.82,317.705365
2026-04-24 11:00:00,2315.82,2324.55,2315.82,2321.6,1023.837724
2026-04-24 11:05:00,2321.49,2331.5,2320.55,2325.44,1848.600148
2026-04-24 11:10:00,2325.73,2329.0,2325.0,2328.6,311.195667
2026-04-24 11:15:00,2328.48,2328.98,2324.49,2325.44,313.163437
2026-04-24 11:20:00,2325.44,2331.78,2324.52,2328.38,880.775925
2026-04-24 11:25:00,2328.59,2331.61,2326.69,2331.52,650.261821
2026-04-24 11:30:00,2331.36,2332.5,2328.74,2331.06,707.542948
2026-04-24 11:35:00,2331.02,2331.27,2327.47,2329.3,390.294335
2026-04-24 11:40:00,2329.3,2331.88,2328.74,2330.9,622.82594
2026-04-24 11:45:00,2330.9,2331.04,2327.67,2329.94,403.014398
2026-04-24 11:50:00,2330.0,2330.88,2328.48,2328.59,374.868919
2026-04-24 11:55:00,2328.6,2329.7,2326.69,2328.27,171.239064
2026-04-24 12:00:00,2328.23,2331.48,2328.01,2328.2,392.461736
2026-04-24 12:05:00,2328.25,2330.62,2327.03,2328.6,490.902417
2026-04-24 12:10:00,2328.61,2331.94,2328.6,2330.94,363.054275
2026-04-24 12:15:00,2330.94,2331.95,2326.02,2328.59,501.685604
2026-04-24 12:20:00,2328.59,2330.59,2324.29,2330.35,192.095406
2026-04-24 12:25:00,2330.34,2330.34,2326.95,2328.4,135.658763
2026-04-24 12:30:00,2328.4,2328.4,2323.15,2324.73,439.620899
2026-04-24 12:35:00,2324.73,2326.48,2323.18,2325.06,237.392042
2026-04-24 12:40:00,2325.08,2327.51,2323.75,2323.8,196.885717
2026-04-24 12:45:00,2324.01,2327.2,2321.25,2321.73,153.790696
2026-04-24 12:50:00,2321.73,2321.73,2318.17,2318.84,451.60386
2026-04-24 12:55:00,2319.04,2325.54,2319.04,2325.5,143.632698
2026-04-24 13:00:00,2325.32,2329.57,2325.2,2328.57,384.235979
2026-04-24 13:05:00,2328.69,2330.33,2327.69,2328.18,380.578259
2026-04-24 13:10:00,2328.29,2331.82,2327.37,2327.4,230.95856
2026-04-24 13:15:00,2327.47,2328.63,2325.08,2328.63,109.85205
2026-04-24 13:20:00,2328.62,2329.18,2323.91,2325.49,282.067508
2026-04-24 13:25:00,2325.49,2325.49,2322.82,2323.57,329.801705
2026-04-24 13:30:00,2323.57,2326.63,2319.42,2324.89,842.690386
2026-04-24 13:35:00,2324.88,2325.58,2320.6,2324.36,236.374758
2026-04-24 13:40:00,2324.33,2325.31,2319.45,2320.51,346.568873
2026-04-24 13:45:00,2320.64,2321.8,2313.63,2317.13,901.155399
2026-04-24 13:50:00,2317.15,2318.31,2311.82,2312.72,593.000393
2026-04-24 13:55:00,2312.78,2318.56,2310.78,2317.14,614.426163
2026-04-24 14:00:00,2317.24,2317.24,2307.83,2311.87,988.490192
2026-04-24 14:05:00,2311.9,2314.4,2308.59,2313.17,332.600121
2026-04-24 14:10:00,2313.16,2315.33,2310.0,2311.26,327.234099
2026-04-24 14:15:00,2311.27,2316.52,2310.21,2313.64,942.429194
2026-04-24 14:20:00,2313.39,2315.02,2308.32,2309.39,664.682431
2026-04-24 14:25:00,2309.3,2309.3,2304.0,2306.77,1410.504546
2026-04-24 14:30:00,2306.84,2312.5,2305.86,2311.54,401.773424
2026-04-24 14:35:00,2311.63,2316.77,2311.43,2315.58,453.306692
2026-04-24 14:40:00,2315.56,2317.54,2312.86,2316.18,444.724301
2026-04-24 14:45:00,2316.27,2318.4,2311.28,2313.8,289.115371
2026-04-24 14:50:00,2313.65,2315.83,2312.75,2313.88,103.119771
2026-04-24 14:55:00,2313.88,2315.6,2312.65,2313.5,152.463008
2026-04-24 15:00:00,2313.56,2313.83,2309.72,2309.91,676.880883
2026-04-24 15:05:00,2309.84,2309.84,2301.68,2306.65,1403.967487
2026-04-24 15:10:00,2306.64,2310.17,2306.64,2308.58,166.161204
2026-04-24 15:15:00,2308.7,2309.88,2306.61,2307.14,210.246857
2026-04-24 15:20:00,2307.25,2314.69,2306.98,2312.71,756.332512
2026-04-24 15:25:00,2312.66,2313.97,2311.57,2312.6,226.254597
2026-04-24 15:30:00,2312.52,2317.48,2312.13,2315.37,331.367184
2026-04-24 15:35:00,2315.32,2315.96,2313.16,2313.51,156.473692
2026-04-24 15:40:00,2313.55,2325.98,2313.55,2325.08,1202.93394
2026-04-24 15:45:00,2325.07,2330.22,2319.68,2321.47,1095.687284
2026-04-24 15:50:00,2321.47,2325.0,2320.26,2321.67,501.092253
2026-04-24 15:55:00,2321.71,2324.35,2320.71,2323.88,103.532597
2026-04-24 16:00:00,2323.87,2324.35,2319.89,2322.08,321.643672
2026-04-24 16:05:00,2322.08,2323.33,2317.82,2318.81,243.528936
2026-04-24 16:10:00,2319.2,2322.05,2316.99,2316.99,165.361434
2026-04-24 16:15:00,2316.98,2317.32,2313.33,2313.41,292.188816
2026-04-24 16:20:00,2313.49,2315.65,2312.0,2315.64,170.639071
2026-04-24 16:25:00,2315.64,2316.49,2313.65,2315.57,97.351524
2026-04-24 16:30:00,2315.6,2320.64,2315.6,2320.64,197.057767
2026-04-24 16:35:00,2320.64,2321.53,2318.58,2318.74,174.793303
2026-04-24 16:40:00,2318.87,2319.2,2310.0,2313.53,210.534622
2026-04-24 16:45:00,2313.53,2315.65,2311.59,2311.93,124.179037
2026-04-24 16:50:00,2311.85,2314.43,2311.68,2314.4,176.383849
2026-04-24 16:55:00,2314.4,2317.08,2312.38,2316.94,232.530216
2026-04-24 17:00:00,2316.8,2317.39,2313.51,2315.17,189.25939
2026-04-24 17:05:00,2315.16,2315.83,2312.61,2314.99,111.886346
2026-04-24 17:10:00,2315.05,2319.6,2315.05,2319.3,135.020935
2026-04-24 17:15:00,2319.31,2319.31,2314.61,2315.51,47.992819
2026-04-24 17:20:00,2315.48,2316.16,2313.94,2314.71,41.357823
2026-04-24 17:25:00,2314.71,2317.22,2313.84,2315.2,134.305139
2026-04-24 17:30:00,2315.21,2316.21,2308.81,2310.66,345.313504
2026-04-24 17:35:00,2310.66,2314.58,2310.2,2311.67,169.969401
2026-04-24 17:40:00,2311.8,2315.04,2311.8,2314.5,79.83927
2026-04-24 17:45:00,2314.5,2317.33,2312.47,2314.81,837.752094
2026-04-24 17:50:00,2314.81,2321.87,2314.81,2319.35,683.197552
2026-04-24 17:55:00,2319.32,2321.4,2318.52,2319.65,468.724416
2026-04-24 18:00:00,2319.66,2321.46,2318.43,2319.26,119.120735
2026-04-24 18:05:00,2319.26,2319.26,2317.02,2318.77,51.111266
2026-04-24 18:10:00,2318.77,2319.98,2314.15,2314.44,542.21152
2026-04-24 18:15:00,2314.44,2314.44,2309.92,2311.31,315.446143
2026-04-24 18:20:00,2311.32,2315.31,2310.33,2315.3,52.821216
2026-04-24 18:25:00,2315.3,2317.13,2314.13,2314.57,101.068976
2026-04-24 18:30:00,2314.65,2318.52,2314.53,2318.26,95.747299
2026-04-24 18:35:00,2318.16,2320.26,2317.91,2317.91,308.822243
2026-04-24 18:40:00,2317.92,2318.77,2316.53,2318.29,52.645672
2026-04-24 18:45:00,2318.29,2319.99,2317.02,2318.04,45.870844
2026-04-24 18:50:00,2318.04,2320.11,2317.45,2319.51,97.557748
2026-04-24 18:55:00,2319.51,2320.36,2317.73,2319.89,46.121513
2026-04-24 19:00:00,2320.22,2325.0,2320.22,2321.55,344.658015
2026-04-24 19:05:00,2321.54,2322.6,2319.45,2321.05,299.078579
2026-04-24 19:10:00,2321.06,2321.72,2319.52,2321.71,447.61288
2026-04-24 19:15:00,2321.73,2323.5,2321.73,2322.16,172.326493
2026-04-24 19:20:00,2322.15,2322.98,2319.1,2319.22,85.06572
2026-04-24 19:25:00,2319.24,2321.03,2319.1,2320.77,80.269833
2026-04-24 19:30:00,2320.77,2322.92,2319.46,2322.17,373.11298
2026-04-24 19:35:00,2322.16,2322.89,2319.89,2322.3,70.349449
2026-04-24 19:40:00,2322.29,2322.88,2321.21,2321.21,73.80355
2026-04-24 19:45:00,2321.2,2321.88,2320.22,2320.64,36.860951
2026-04-24 19:50:00,2320.6,2322.28,2319.7,2321.67,282.098283
2026-04-24 19:55:00,2321.8,2322.32,2320.66,2321.45,153.772051
2026-04-24 20:00:00,2321.5,2321.68,2319.19,2321.13,80.010605
2026-04-24 20:05:00,2321.14,2321.51,2317.52,2318.17,197.31377
2026-04-24 20:10:00,2318.29,2320.09,2318.27,2320.08,78.711351
2026-04-24 20:15:00,2320.08,2320.08,2317.29,2317.3,41.507917
2026-04-24 20:20:00,2317.3,2318.94,2316.98,2317.0,63.468497
2026-04-24 20:25:00,2316.97,2317.47,2314.14,2316.76,336.518431
2026-04-24 20:30:00,2316.77,2320.65,2316.77,2320.32,138.587695
2026-04-24 20:35:00,2320.31,2326.2,2320.26,2325.74,495.052303
2026-04-24 20:40:00,2325.74,2325.74,2323.8,2324.64,158.408018
2026-04-24 20:45:00,2324.65,2325.73,2324.24,2324.62,218.032235
2026-04-24 20:50:00,2324.61,2325.52,2324.54,2325.49,122.411302
2026-04-24 20:55:00,2325.49,2328.47,2325.1,2326.38,740.993417
2026-04-24 21:00:00,2326.37,2326.38,2324.07,2325.28,50.478763
2026-04-24 21:05:00,2325.28,2326.84,2325.15,2326.48,78.314582
2026-04-24 21:10:00,2326.48,2327.77,2315.69,2315.73,1468.371662
2026-04-24 21:15:00,2315.74,2320.03,2315.29,2319.86,221.632822
2026-04-24 21:20:00,2319.87,2319.87,2316.54,2317.59,127.488438
2026-04-24 21:25:00,2317.62,2318.2,2316.46,2317.44,116.685315
2026-04-24 21:30:00,2317.44,2318.69,2316.77,2318.29,183.14578
2026-04-24 21:35:00,2318.3,2318.31,2312.15,2315.88,560.079268
2026-04-24 21:40:00,2315.88,2316.59,2314.78,2315.06,71.186888
2026-04-24 21:45:00,2315.28,2316.13,2314.45,2316.12,62.379176
2026-04-24 21:50:00,2316.11,2317.08,2315.63,2316.51,144.974115
2026-04-24 21:55:00,2316.51,2317.94,2314.88,2315.27,111.245705
2026-04-24 22:00:00,2315.22,2316.2,2313.76,2313.77,166.043058
2026-04-24 22:05:00,2313.77,2315.63,2313.63,2314.02,92.922468
2026-04-24 22:10:00,2313.9,2315.2,2313.9,2315.2,32.520478
2026-04-24 22:15:00,2315.19,2315.65,2314.62,2315.18,21.331101
2026-04-24 22:20:00,2315.35,2315.89,2314.62,2314.62,53.111486
2026-04-24 22:25:00,2314.62,2314.83,2313.36,2313.37,157.684045
2026-04-24 22:30:00,2313.37,2313.37,2311.31,2311.47,167.559512
2026-04-24 22:35:00,2311.66,2312.78,2307.6,2308.05,611.712231
2026-04-24 22:40:00,2308.05,2310.19,2307.6,2310.18,167.16562
2026-04-24 22:45:00,2310.18,2312.95,2310.18,2311.29,140.750356
2026-04-24 22:50:00,2311.28,2312.86,2311.28,2312.08,34.892765
2026-04-24 22:55:00,2312.03,2312.72,2311.67,2312.07,32.443274
2026-04-24 23:00:00,2312.2,2313.76,2312.2,2313.07,53.80679
2026-04-24 23:05:00,2313.11,2313.99,2313.07,2313.84,28.422937
2026-04-24 23:10:00,2313.99,2315.28,2313.99,2314.96,91.301817
2026-04-24 23:15:00,2314.99,2314.99,2313.65,2313.94,86.369062
2026-04-24 23:20:00,2313.95,2314.21,2312.54,2313.91,41.040539
2026-04-24 23:25:00,2313.91,2315.25,2313.91,2314.76,31.256877
2026-04-24 23:30:00,2314.77,2316.73,2314.77,2316.19,86.275326
2026-04-24 23:35:00,2316.19,2316.19,2315.33,2315.33,79.232011
2026-04-24 23:40:00,2315.33,2315.48,2315.03,2315.25,90.947419
2026-04-24 23:45:00,2315.25,2315.25,2314.2,2315.15,100.977162
2026-04-24 23:50:00,2315.15,2315.81,2315.15,2315.19,32.950621
2026-04-24 23:55:00,2315.19,2315.51,2314.95,2315.09,26.718877
2026-04-25 00:00:00,2315.08,2315.81,2313.93,2313.93,35.962056
2026-04-25 00:05:00,2313.94,2314.83,2313.93,2314.27,67.295264
2026-04-25 00:10:00,2314.26,2314.26,2312.64,2312.87,163.450931
2026-04-25 00:15:00,2312.88,2313.86,2311.74,2312.32,274.039116
2026-04-25 00:20:00,2312.32,2313.0,2312.28,2312.67,209.927114
2026-04-25 00:25:00,2312.61,2313.34,2311.78,2311.94,39.53782
2026-04-25 00:30:00,2311.94,2312.71,2311.27,2312.46,162.830917
2026-04-25 00:35:00,2312.47,2313.2,2312.26,2313.2,95.628174
2026-04-25 00:40:00,2313.23,2314.69,2313.22,2313.66,70.296778
2026-04-25 00:45:00,2313.65,2315.32,2313.65,2315.31,37.011757
2026-04-25 00:50:00,2315.31,2315.56,2315.18,2315.18,19.458096
2026-04-25 00:55:00,2315.19,2316.06,2315.13,2315.9,34.799731
2026-04-25 01:00:00,2315.91,2317.36,2315.91,2316.11,34.999742
2026-04-25 01:05:00,2316.11,2316.33,2315.68,2316.2,20.387202
2026-04-25 01:10:00,2316.21,2318.52,2316.2,2318.15,72.887043
2026-04-25 01:15:00,2318.16,2320.49,2318.15,2319.26,247.663861
2026-04-25 01:20:00,2319.26,2319.26,2317.46,2318.15,25.910568
2026-04-25 01:25:00,2318.14,2318.45,2317.55,2318.03,126.23038
2026-04-25 01:30:00,2318.03,2319.58,2317.4,2319.58,54.396778
2026-04-25 01:35:00,2319.57,2319.58,2318.38,2319.13,18.50783
2026-04-25 01:40:00,2319.13,2319.72,2318.94,2319.68,59.637155
2026-04-25 01:45:00,2319.67,2321.32,2319.67,2320.19,41.997264
2026-04-25 01:50:00,2320.19,2320.19,2319.03,2319.16,46.793616
2026-04-25 01:55:00,2319.15,2319.16,2318.06,2318.06,17.437769
2026-04-25 02:00:00,2318.05,2318.6,2314.46,2315.13,371.625217
2026-04-25 02:05:00,2315.19,2317.21,2315.19,2316.68,23.464089
2026-04-25 02:10:00,2316.68,2319.5,2316.45,2317.26,166.842584
2026-04-25 02:15:00,2317.3,2318.27,2317.04,2317.48,36.60683
2026-04-25 02:20:00,2317.53,2317.87,2316.51,2317.87,17.017158
2026-04-25 02:25:00,2317.87,2318.94,2317.2,2318.33,37.820598
2026-04-25 02:30:00,2318.34,2318.68,2318.15,2318.28,14.961728
2026-04-25 02:35:00,2318.27,2318.42,2317.65,2318.17,30.533217
2026-04-25 02:40:00,2318.17,2318.17,2316.73,2317.13,34.299065
2026-04-25 02:45:00,2317.14,2317.3,2316.76,2317.08,14.548889
2026-04-25 02:50:00,2317.13,2317.52,2316.99,2317.32,58.328034
2026-04-25 02:55:00,2317.33,2317.99,2316.88,2317.77,26.233319
2026-04-25 03:00:00,2317.81,2319.17,2317.53,2319.16,14.374714
2026-04-25 03:05:00,2319.17,2320.99,2317.44,2317.73,81.688186
2026-04-25 03:10:00,2317.73,2317.73,2317.36,2317.67,35.242818
2026-04-25 03:15:00,2317.67,2318.64,2317.33,2318.64,140.585395
2026-04-25 03:20:00,2318.68,2318.68,2317.51,2317.94,39.033285
2026-04-25 03:25:00,2317.94,2317.95,2315.52,2316.36,86.819815
2026-04-25 03:30:00,2316.36,2317.01,2316.16,2317.0,27.59553
2026-04-25 03:35:00,2317.0,2317.55,2316.25,2316.87,27.993719
2026-04-25 03:40:00,2316.92,2318.32,2316.92,2318.11,26.861891
2026-04-25 03:45:00,2318.11,2319.45,2318.11,2319.02,122.75358
2026-04-25 03:50:00,2319.01,2319.24,2318.29,2318.56,25.32921
2026-04-25 03:55:00,2318.56,2318.61,2317.89,2318.61,29.292295
2026-04-25 04:00:00,2318.61,2318.96,2317.85,2318.29,48.969412
2026-04-25 04:05:00,2318.29,2318.72,2317.37,2318.72,44.584044
2026-04-25 04:10:00,2318.75,2319.24,2318.75,2318.82,16.720344
2026-04-25 04:15:00,2318.82,2319.08,2318.43,2318.54,17.000312
2026-04-25 04:20:00,2318.53,2318.54,2317.48,2318.16,36.874965
2026-04-25 04:25:00,2318.16,2318.67,2317.66,2317.73,7.126022
2026-04-25 04:30:00,2317.72,2317.73,2317.28,2317.28,11.175413
2026-04-25 04:35:00,2317.28,2317.28,2316.11,2316.83,14.465144
2026-04-25 04:40:00,2316.84,2317.61,2316.51,2316.88,19.257071
2026-04-25 04:45:00,2316.88,2317.34,2316.88,2317.09,9.728785
2026-04-25 04:50:00,2317.1,2317.1,2317.0,2317.0,19.523021
2026-04-25 04:55:00,2317.01,2317.1,2316.68,2316.69,151.474809
2026-04-25 05:00:00,2316.68,2316.69,2313.34,2313.4,113.870946
2026-04-25 05:05:00,2313.41,2314.71,2313.41,2314.7,68.000476
2026-04-25 05:10:00,2314.71,2315.04,2313.81,2314.09,22.958107
2026-04-25 05:15:00,2314.09,2314.34,2313.33,2314.11,189.85825
2026-04-25 05:20:00,2314.11,2315.2,2314.1,2314.66,28.102339
2026-04-25 05:25:00,2314.67,2315.11,2314.34,2314.34,54.358392
2026-04-25 05:30:00,2314.34,2315.7,2314.33,2315.7,22.43224
2026-04-25 05:35:00,2315.69,2316.11,2314.9,2315.83,93.183606
2026-04-25 05:40:00,2315.86,2316.3,2315.34,2315.34,12.514105
2026-04-25 05:45:00,2315.34,2315.59,2315.23,2315.24,27.158885
2026-04-25 05:50:00,2315.24,2315.58,2315.2,2315.58,28.775795
2026-04-25 05:55:00,2315.58,2316.18,2315.58,2316.18,24.260614
2026-04-25 06:00:00,2316.18,2317.01,2316.18,2317.01,18.84718
2026-04-25 06:05:00,2317.01,2317.64,2317.0,2317.63,74.201218
2026-04-25 06:10:00,2317.64,2317.64,2316.28,2316.79,61.16027
2026-04-25 06:15:00,2316.8,2316.84,2315.51,2315.52,41.803995
2026-04-25 06:20:00,2315.51,2315.52,2314.67,2314.85,38.397158
2026-04-25 06:25:00,2314.85,2315.45,2314.85,2315.18,35.363859
2026-04-25 06:30:00,2315.18,2316.76,2315.17,2316.22,18.386668
2026-04-25 06:35:00,2316.32,2316.64,2315.26,2316.64,33.47814
2026-04-25 06:40:00,2316.73,2316.99,2316.0,2316.0,20.807816
2026-04-25 06:45:00,2316.0,2316.46,2315.11,2316.46,53.953065
2026-04-25 06:50:00,2316.48,2317.67,2316.09,2316.09,52.28524
2026-04-25 06:55:00,2316.08,2316.95,2316.0,2316.0,8.768641
2026-04-25 07:00:00,2316.01,2316.01,2314.19,2314.62,55.995901
2026-04-25 07:05:00,2314.61,2314.95,2314.55,2314.55,55.187293
2026-04-25 07:10:00,2314.41,2314.91,2314.34,2314.66,18.479307
2026-04-25 07:15:00,2314.65,2315.56,2314.39,2315.55,27.187402
2026-04-25 07:20:00,2315.55,2316.05,2315.2,2316.05,14.279279
2026-04-25 07:25:00,2316.04,2316.04,2315.2,2315.96,34.062326
2026-04-25 07:30:00,2316.06,2317.02,2315.55,2317.02,40.713324
2026-04-25 07:35:00,2317.02,2317.39,2316.25,2316.68,41.889841
2026-04-25 07:40:00,2316.65,2316.68,2316.17,2316.66,37.746481
2026-04-25 07:45:00,2316.65,2316.66,2315.95,2316.4,31.113447
2026-04-25 07:50:00,2316.4,2316.78,2316.22,2316.4,35.175115
2026-04-25 07:55:00,2316.39,2318.85,2316.39,2316.43,229.101713
2026-04-25 08:00:00,2316.42,2317.5,2315.96,2317.26,25.195383
2026-04-25 08:05:00,2317.38,2318.48,2317.38,2318.21,11.0572
2026-04-25 08:10:00,2318.22,2318.41,2317.41,2317.9,42.823325
2026-04-25 08:15:00,2317.9,2318.55,2317.56,2317.56,67.177257
2026-04-25 08:20:00,2317.53,2318.68,2317.52,2318.05,15.536917
2026-04-25 08:25:00,2318.28,2318.94,2318.25,2318.46,31.328217
2026-04-25 08:30:00,2318.46,2320.4,2318.46,2319.25,179.268997
2026-04-25 08:35:00,2319.24,2320.98,2319.24,2320.25,46.596345
2026-04-25 08:40:00,2320.3,2320.97,2319.36,2319.52,39.308958
2026-04-25 08:45:00,2319.52,2319.65,2318.91,2319.15,19.518026
2026-04-25 08:50:00,2319.15,2319.48,2318.93,2319.26,38.790445
2026-04-25 08:55:00,2319.26,2319.27,2318.99,2319.26,25.023155
2026-04-25 09:00:00,2319.26,2319.82,2318.17,2318.6,54.64445
2026-04-25 09:05:00,2318.59,2319.2,2318.33,2319.19,15.154379
2026-04-25 09:10:00,2319.2,2319.6,2318.3,2319.31,77.427297
2026-04-25 09:15:00,2319.3,2319.85,2318.63,2318.84,124.433998
2026-04-25 09:20:00,2318.84,2319.39,2316.56,2318.14,246.101633
2026-04-25 09:25:00,2318.15,2318.38,2317.08,2317.08,95.742109
2026-04-25 09:30:00,2317.08,2317.6,2316.94,2317.41,39.687368
2026-04-25 09:35:00,2317.41,2322.87,2317.33,2320.92,141.928459
2026-04-25 09:40:00,2321.12,2321.62,2319.96,2321.55,107.159645
2026-04-25 09:45:00,2321.56,2322.83,2320.96,2322.23,76.598227
2026-04-25 09:50:00,2322.22,2322.91,2321.3,2322.91,53.799537
2026-04-25 09:55:00,2322.9,2323.14,2318.76,2318.84,155.658404
2026-04-25 10:00:00,2318.84,2321.36,2318.59,2318.8,130.530699
2026-04-25 10:05:00,2318.8,2319.72,2318.8,2319.15,30.013365
2026-04-25 10:10:00,2319.14,2319.85,2318.95,2319.75,29.061962
2026-04-25 10:15:00,2319.75,2320.49,2319.67,2319.67,26.312685
2026-04-25 10:20:00,2319.68,2321.02,2319.53,2321.02,45.370481
2026-04-25 10:25:00,2321.02,2322.0,2320.26,2320.72,34.363344
2026-04-25 10:30:00,2320.79,2322.65,2320.79,2322.21,304.877656
2026-04-25 10:35:00,2322.2,2322.21,2321.13,2321.29,56.797096
2026-04-25 10:40:00,2321.29,2321.29,2319.73,2320.49,61.314753
2026-04-25 10:45:00,2320.32,2320.46,2319.0,2319.33,85.143621
2026-04-25 10:50:00,2319.33,2320.27,2319.33,2319.84,30.796224
2026-04-25 10:55:00,2319.84,2320.58,2319.12,2320.39,99.524837
2026-04-25 11:00:00,2320.38,2320.38,2318.53,2318.58,47.658963
2026-04-25 11:05:00,2318.58,2318.61,2316.74,2316.92,113.237993
2026-04-25 11:10:00,2316.91,2317.63,2316.84,2317.08,75.566449
2026-04-25 11:15:00,2317.09,2317.74,2317.01,2317.16,33.899569
2026-04-25 11:20:00,2317.16,2317.45,2313.38,2314.54,276.07854
2026-04-25 11:25:00,2314.48,2315.39,2314.48,2315.03,29.704592
2026-04-25 11:30:00,2315.03,2315.18,2314.82,2314.83,31.154516
2026-04-25 11:35:00,2314.83,2315.1,2313.41,2314.41,44.718574
2026-04-25 11:40:00,2314.41,2315.09,2313.0,2313.01,172.30631
2026-04-25 11:45:00,2313.01,2313.42,2311.0,2313.36,286.461045
2026-04-25 11:50:00,2313.37,2314.47,2312.13,2312.13,178.390288
2026-04-25 11:55:00,2312.13,2313.84,2312.12,2313.65,98.098324
2026-04-25 12:00:00,2313.65,2313.95,2311.91,2313.36,150.549969
2026-04-25 12:05:00,2313.36,2317.35,2313.36,2315.2,244.975914
2026-04-25 12:10:00,2315.2,2315.95,2315.2,2315.7,62.405728
2026-04-25 12:15:00,2315.84,2317.33,2315.33,2315.34,268.883618
2026-04-25 12:20:00,2315.33,2317.0,2315.33,2316.85,31.127628
2026-04-25 12:25:00,2316.85,2316.85,2314.23,2314.23,84.554607
2026-04-25 12:30:00,2314.23,2315.11,2312.71,2314.78,81.910835
2026-04-25 12:35:00,2314.79,2315.13,2313.61,2313.95,123.419451
2026-04-25 12:40:00,2313.96,2315.53,2310.71,2313.61,1072.79491
2026-04-25 12:45:00,2313.61,2314.74,2313.37,2314.02,263.202029
2026-04-25 12:50:00,2314.02,2315.23,2314.01,2314.18,124.801355
2026-04-25 12:55:00,2314.32,2314.33,2313.53,2313.53,62.82968
2026-04-25 13:00:00,2313.54,2315.05,2313.54,2315.05,59.087625
2026-04-25 13:05:00,2315.07,2317.57,2314.91,2316.88,326.875863
2026-04-25 13:10:00,2316.88,2317.3,2316.3,2317.3,55.835602
2026-04-25 13:15:00,2317.29,2317.29,2315.91,2316.43,74.91899
2026-04-25 13:20:00,2316.43,2317.46,2316.43,2316.96,97.89066
2026-04-25 13:25:00,2316.96,2317.0,2316.35,2316.47,63.924954
2026-04-25 13:30:00,2316.48,2316.48,2315.95,2315.96,48.662526
2026-04-25 13:35:00,2315.95,2317.03,2315.72,2316.84,66.217187
2026-04-25 13:40:00,2316.84,2317.57,2316.32,2317.34,73.148008
2026-04-25 13:45:00,2317.33,2317.84,2316.47,2316.83,82.542576
2026-04-25 13:50:00,2316.83,2317.64,2316.69,2317.39,55.444366
2026-04-25 13:55:00,2317.39,2317.82,2316.2,2316.2,52.13099
2026-04-25 14:00:00,2316.21,2318.99,2315.14,2315.15,191.845935
2026-04-25 14:05:00,2315.14,2317.56,2315.01,2317.44,62.888424
2026-04-25 14:10:00,2317.44,2318.17,2316.32,2318.17,83.268831
2026-04-25 14:15:00,2318.21,2318.23,2315.0,2316.09,243.720432
2026-04-25 14:20:00,2316.08,2317.35,2315.66,2315.66,145.968244
2026-04-25 14:25:00,2315.66,2318.01,2315.66,2317.34,200.867479
2026-04-25 14:30:00,2317.34,2317.94,2317.01,2317.02,49.778892
2026-04-25 14:35:00,2317.01,2317.69,2316.76,2317.68,31.056378
2026-04-25 14:40:00,2317.69,2318.08,2317.05,2317.21,40.634095
2026-04-25 14:45:00,2317.21,2318.42,2317.2,2317.42,25.465288
2026-04-25 14:50:00,2317.41,2317.64,2316.5,2316.67,77.896717
2026-04-25 14:55:00,2316.67,2316.67,2315.84,2315.93,38.842604
2026-04-25 15:00:00,2315.93,2315.94,2315.12,2315.85,69.697061
2026-04-25 15:05:00,2315.86,2317.0,2315.75,2316.13,33.292539
2026-04-25 15:10:00,2316.12,2316.6,2315.94,2316.35,41.631058
2026-04-25 15:15:00,2316.35,2316.92,2316.16,2316.16,60.040169
2026-04-25 15:20:00,2316.17,2317.86,2316.16,2317.86,40.631253
2026-04-25 15:25:00,2317.85,2318.16,2317.52,2317.75,42.846357
2026-04-25 15:30:00,2317.75,2318.25,2315.0,2318.17,503.246985
2026-04-25 15:35:00,2318.17,2318.4,2317.56,2317.8,40.319284
2026-04-25 15:40:00,2317.8,2318.07,2316.62,2316.62,94.305483
2026-04-25 15:45:00,2316.63,2316.63,2310.27,2310.29,428.257173
2026-04-25 15:50:00,2310.28,2311.08,2303.0,2306.06,1169.575618
2026-04-25 15:55:00,2305.97,2309.53,2305.97,2308.01,862.913269
2026-04-25 16:00:00,2308.01,2309.98,2305.43,2308.26,327.893869
2026-04-25 16:05:00,2308.27,2310.39,2306.4,2309.43,238.217347
2026-04-25 16:10:00,2309.44,2310.5,2308.39,2310.19,205.582373
2026-04-25 16:15:00,2310.19,2311.02,2309.01,2309.01,319.316656
2026-04-25 16:20:00,2309.02,2309.9,2309.02,2309.81,77.613712
2026-04-25 16:25:00,2309.82,2309.82,2306.15,2308.99,339.036881
2026-04-25 16:30:00,2308.99,2309.3,2306.16,2307.11,102.694597
2026-04-25 16:35:00,2307.11,2307.99,2300.69,2305.97,908.024204
2026-04-25 16:40:00,2305.97,2310.02,2305.85,2308.54,235.335409
2026-04-25 16:45:00,2308.57,2311.3,2308.54,2309.91,132.603656
2026-04-25 16:50:00,2309.91,2310.46,2309.24,2309.24,126.327932
2026-04-25 16:55:00,2309.24,2310.13,2308.85,2309.99,44.328209
2026-04-25 17:00:00,2309.99,2309.99,2309.2,2309.32,32.877822
2026-04-25 17:05:00,2309.31,2309.31,2308.41,2309.09,67.882596
2026-04-25 17:10:00,2309.1,2309.1,2308.01,2308.73,36.291814
2026-04-25 17:15:00,2308.72,2308.72,2307.38,2308.09,40.95497
2026-04-25 17:20:00,2308.09,2312.8,2307.81,2311.4,581.037097
2026-04-25 17:25:00,2311.41,2313.91,2309.36,2309.36,339.0731
2026-04-25 17:30:00,2309.3,2310.96,2308.15,2309.55,120.122349
2026-04-25 17:35:00,2309.59,2311.79,2309.58,2311.79,140.829509
2026-04-25 17:40:00,2311.79,2312.18,2311.39,2311.4,66.199145
2026-04-25 17:45:00,2311.39,2311.55,2309.34,2309.61,126.417926
2026-04-25 17:50:00,2309.62,2309.88,2309.16,2309.23,108.135025
2026-04-25 17:55:00,2309.24,2310.17,2308.83,2309.32,23.157491
2026-04-25 18:00:00,2309.23,2312.15,2308.41,2311.5,80.328645
2026-04-25 18:05:00,2311.47,2311.48,2310.01,2311.11,67.544579
2026-04-25 18:10:00,2311.11,2311.52,2310.6,2310.6,23.02828
2026-04-25 18:15:00,2310.61,2310.92,2310.19,2310.52,56.220401
2026-04-25 18:20:00,2310.52,2311.23,2308.89,2310.4,323.457177
2026-04-25 18:25:00,2310.39,2312.58,2308.61,2312.25,459.715768
2026-04-25 18:30:00,2312.26,2314.15,2312.02,2313.57,78.446306
2026-04-25 18:35:00,2313.6,2314.16,2312.21,2312.22,110.832424
2026-04-25 18:40:00,2312.46,2313.0,2312.01,2312.02,30.47325
2026-04-25 18:45:00,2312.01,2313.84,2311.69,2312.58,51.023021
2026-04-25 18:50:00,2312.58,2312.58,2311.69,2311.69,30.579008
2026-04-25 18:55:00,2311.68,2312.42,2311.54,2311.54,33.441901
2026-04-25 19:00:00,2311.74,2311.92,2311.28,2311.69,89.321753
2026-04-25 19:05:00,2311.9,2312.01,2310.41,2311.17,29.955959
2026-04-25 19:10:00,2311.17,2312.15,2310.8,2311.91,94.407357
2026-04-25 19:15:00,2311.91,2311.99,2311.25,2311.98,22.026925
2026-04-25 19:20:00,2311.99,2312.39,2311.48,2312.38,22.236887
2026-04-25 19:25:00,2312.38,2312.38,2308.93,2308.98,138.828877
2026-04-25 19:30:00,2308.99,2309.46,2308.09,2308.71,34.848703
2026-04-25 19:35:00,2308.8,2309.46,2308.55,2308.65,38.706496
2026-04-25 19:40:00,2308.66,2309.41,2307.44,2307.44,153.727712
2026-04-25 19:45:00,2307.45,2308.42,2307.45,2308.4,40.080477
2026-04-25 19:50:00,2308.4,2310.19,2308.39,2310.19,43.676589
2026-04-25 19:55:00,2310.2,2311.11,2309.85,2310.24,104.678061
2026-04-25 20:00:00,2310.24,2311.9,2309.24,2309.24,254.358819
2026-04-25 20:05:00,2309.29,2310.43,2309.1,2310.43,78.444557
2026-04-25 20:10:00,2310.43,2310.8,2310.26,2310.56,36.813259
2026-04-25 20:15:00,2310.56,2311.21,2309.72,2311.18,40.157834
2026-04-25 20:20:00,2311.18,2312.26,2311.07,2311.07,52.335117
2026-04-25 20:25:00,2311.08,2311.71,2310.89,2311.71,79.366604
2026-04-25 20:30:00,2311.72,2312.13,2311.34,2311.6,45.288186
2026-04-25 20:35:00,2311.61,2312.17,2311.35,2311.44,79.701463
2026-04-25 20:40:00,2311.44,2312.0,2311.07,2311.21,68.251173
2026-04-25 20:45:00,2311.23,2312.01,2310.78,2310.78,56.274253
2026-04-25 20:50:00,2310.78,2312.21,2310.78,2312.21,18.251149
2026-04-25 20:55:00,2312.21,2313.42,2312.21,2313.13,42.875405
2026-04-25 21:00:00,2313.13,2316.42,2313.13,2314.9,360.576064
2026-04-25 21:05:00,2314.92,2316.27,2314.78,2315.36,67.321199
2026-04-25 21:10:00,2315.36,2317.38,2315.36,2316.72,741.681443
2026-04-25 21:15:00,2316.71,2317.39,2315.73,2316.13,108.775227
2026-04-25 21:20:00,2316.14,2316.69,2316.13,2316.45,50.97215
2026-04-25 21:25:00,2316.44,2316.66,2315.54,2316.12,62.949803
2026-04-25 21:30:00,2316.12,2316.27,2314.63,2314.63,48.709154
2026-04-25 21:35:00,2314.62,2315.33,2314.46,2314.47,33.648338
2026-04-25 21:40:00,2314.47,2314.67,2313.12,2314.55,68.526324
2026-04-25 21:45:00,2314.57,2315.67,2314.32,2315.3,43.250434
2026-04-25 21:50:00,2315.31,2316.27,2314.59,2315.96,51.869628
2026-04-25 21:55:00,2315.96,2316.3,2315.1,2316.0,67.195629
2026-04-25 22:00:00,2316.0,2316.99,2315.23,2316.77,95.730265
2026-04-25 22:05:00,2316.77,2317.68,2316.1,2316.66,62.892531
2026-04-25 22:10:00,2316.56,2316.56,2315.63,2316.0,44.804283
2026-04-25 22:15:00,2316.0,2316.85,2315.65,2316.07,18.970035
2026-04-25 22:20:00,2316.07,2317.15,2316.07,2316.47,29.91406
2026-04-25 22:25:00,2316.48,2317.66,2316.47,2316.81,77.131812
2026-04-25 22:30:00,2317.02,2320.93,2317.02,2320.16,323.403186
2026-04-25 22:35:00,2320.17,2320.36,2319.35,2319.64,62.931859
2026-04-25 22:40:00,2319.64,2319.64,2318.44,2319.22,35.140661
2026-04-25 22:45:00,2319.21,2319.21,2318.36,2318.36,24.117773
2026-04-25 22:50:00,2318.36,2318.55,2317.6,2318.21,69.1272
2026-04-25 22:55:00,2318.22,2318.66,2317.93,2318.14,24.093748
2026-04-25 23:00:00,2318.18,2319.1,2317.01,2318.5,63.519834
2026-04-25 23:05:00,2318.51,2319.81,2318.06,2319.11,48.514769
2026-04-25 23:10:00,2319.11,2319.46,2318.45,2319.12,41.310697
2026-04-25 23:15:00,2319.13,2319.13,2318.22,2318.94,22.262061
2026-04-25 23:20:00,2318.96,2319.06,2318.2,2318.94,24.303686
2026-04-25 23:25:00,2319.05,2319.59,2317.92,2319.47,58.670138
2026-04-25 23:30:00,2319.42,2319.55,2318.3,2319.54,55.828822
2026-04-25 23:35:00,2319.55,2319.67,2319.03,2319.03,19.275739
2026-04-25 23:40:00,2319.03,2319.99,2318.95,2318.99,113.728628
2026-04-25 23:45:00,2319.06,2319.73,2318.76,2319.19,112.452297
2026-04-25 23:50:00,2319.19,2319.19,2318.35,2318.93,48.367494
2026-04-25 23:55:00,2318.92,2319.86,2318.08,2319.71,128.199097
2026-04-26 00:00:00,2319.72,2319.91,2318.21,2319.26,129.896951
2026-04-26 00:05:00,2319.41,2319.41,2316.58,2317.34,222.397981
2026-04-26 00:10:00,2317.34,2317.35,2316.04,2316.75,45.151336
2026-04-26 00:15:00,2316.64,2316.64,2315.0,2315.17,69.734603
2026-04-26 00:20:00,2315.13,2315.38,2314.55,2315.0,105.26722
2026-04-26 00:25:00,2315.01,2315.75,2315.01,2315.22,19.940772
2026-04-26 00:30:00,2315.22,2316.35,2314.33,2316.23,51.645822
2026-04-26 00:35:00,2316.23,2316.3,2315.57,2315.7,20.556162
2026-04-26 00:40:00,2315.71,2317.5,2315.71,2317.5,39.537426
2026-04-26 00:45:00,2317.5,2318.29,2316.77,2316.89,77.52804
2026-04-26 00:50:00,2317.0,2317.4,2316.0,2316.0,38.641956
2026-04-26 00:55:00,2316.0,2316.19,2311.78,2315.31,468.758069
2026-04-26 01:00:00,2315.31,2315.88,2313.45,2314.02,64.297499
2026-04-26 01:05:00,2313.93,2314.73,2313.8,2314.72,18.547611
2026-04-26 01:10:00,2314.72,2315.56,2314.14,2315.01,139.831883
2026-04-26 01:15:00,2315.0,2316.78,2314.99,2315.57,127.894941
2026-04-26 01:20:00,2315.52,2316.59,2315.28,2316.06,24.686079
2026-04-26 01:25:00,2316.06,2316.49,2315.61,2316.0,49.056819
2026-04-26 01:30:00,2316.0,2317.19,2315.81,2317.05,46.269146
2026-04-26 01:35:00,2317.05,2317.79,2317.05,2317.79,24.662863
2026-04-26 01:40:00,2317.92,2318.07,2315.21,2316.11,260.871865
2026-04-26 01:45:00,2316.03,2316.03,2315.0,2315.32,10.718274
2026-04-26 01:50:00,2315.32,2316.74,2315.32,2316.32,20.969611
2026-04-26 01:55:00,2316.31,2316.31,2313.58,2314.01,48.48118
2026-04-26 02:00:00,2314.01,2315.51,2313.58,2315.51,15.348985
2026-04-26 02:05:00,2315.51,2316.33,2315.51,2316.33,21.6184
2026-04-26 02:10:00,2316.35,2318.09,2316.2,2318.08,32.334174
2026-04-26 02:15:00,2318.16,2318.36,2317.18,2317.18,226.235098
2026-04-26 02:20:00,2317.16,2318.03,2316.65,2317.68,50.24481
2026-04-26 02:25:00,2317.68,2318.12,2317.41,2317.47,17.62585
2026-04-26 02:30:00,2317.47,2318.66,2317.44,2317.81,43.198267
2026-04-26 02:35:00,2317.8,2317.93,2317.24,2317.24,30.610086
2026-04-26 02:40:00,2317.21,2317.21,2315.64,2315.64,55.249775
2026-04-26 02:45:00,2315.63,2315.82,2314.57,2315.44,28.931959
2026-04-26 02:50:00,2315.45,2316.25,2315.4,2315.69,16.140384
2026-04-26 02:55:00,2315.69,2315.69,2314.68,2315.17,85.071645
2026-04-26 03:00:00,2315.14,2315.37,2314.1,2314.79,62.540742
2026-04-26 03:05:00,2314.69,2315.9,2314.65,2315.0,74.12574
2026-04-26 03:10:00,2314.96,2316.19,2314.95,2316.19,8.360788
2026-04-26 03:15:00,2316.19,2316.66,2316.19,2316.25,13.284697
2026-04-26 03:20:00,2316.24,2316.43,2315.97,2316.19,21.239874
2026-04-26 03:25:00,2316.18,2316.19,2312.42,2312.48,26.463542
2026-04-26 03:30:00,2312.48,2312.82,2311.0,2311.01,100.688558
2026-04-26 03:35:00,2311.01,2311.22,2306.77,2308.24,626.728564
2026-04-26 03:40:00,2308.24,2309.46,2308.23,2309.45,23.180641
2026-04-26 03:45:00,2309.46,2310.0,2308.4,2309.89,47.558051
2026-04-26 03:50:00,2309.89,2310.27,2309.33,2309.77,101.84328
2026-04-26 03:55:00,2309.77,2310.67,2309.51,2310.02,49.01052
2026-04-26 04:00:00,2310.01,2311.59,2309.22,2309.22,184.758215
2026-04-26 04:05:00,2309.22,2311.39,2309.22,2311.38,27.659928
2026-04-26 04:10:00,2311.39,2312.94,2311.32,2311.33,29.959993
2026-04-26 04:15:00,2311.33,2312.07,2310.94,2311.38,82.00832
2026-04-26 04:20:00,2311.38,2311.72,2311.07,2311.52,35.641733
2026-04-26 04:25:00,2311.52,2311.52,2310.6,2311.06,9.442464
2026-04-26 04:30:00,2311.06,2311.38,2310.4,2311.1,30.932648
2026-04-26 04:35:00,2310.99,2312.0,2310.99,2311.94,8.679114
2026-04-26 04:40:00,2311.94,2313.74,2311.93,2312.89,65.196843
2026-04-26 04:45:00,2312.88,2319.58,2312.87,2318.46,523.562032
2026-04-26 04:50:00,2318.41,2319.81,2317.26,2318.34,258.541894
2026-04-26 04:55:00,2318.37,2318.86,2317.3,2317.71,129.508138
2026-04-26 05:00:00,2317.71,2318.39,2317.7,2318.15,68.633645
2026-04-26 05:05:00,2318.14,2319.97,2317.72,2319.13,73.019712
2026-04-26 05:10:00,2319.29,2332.3,2318.41,2328.65,2373.540532
2026-04-26 05:15:00,2328.59,2334.0,2326.83,2330.78,999.588282
2026-04-26 05:20:00,2330.78,2332.0,2329.73,2329.73,235.901314
2026-04-26 05:25:00,2329.75,2336.18,2328.67,2330.99,875.739339
2026-04-26 05:30:00,2331.15,2334.72,2329.0,2330.37,343.583248
2026-04-26 05:35:00,2330.38,2330.51,2328.0,2329.52,228.369726
2026-04-26 05:40:00,2329.71,2329.99,2327.04,2328.83,282.078573
2026-04-26 05:45:00,2328.84,2330.0,2327.22,2329.97,46.181256
2026-04-26 05:50:00,2329.97,2329.97,2327.6,2327.6,60.411358
2026-04-26 05:55:00,2327.61,2328.65,2327.31,2328.02,36.077634
2026-04-26 06:00:00,2328.02,2331.56,2328.02,2331.44,130.341366
2026-04-26 06:05:00,2331.44,2331.99,2329.59,2329.66,92.895327
2026-04-26 06:10:00,2329.78,2331.5,2329.78,2330.22,97.020456
2026-04-26 06:15:00,2330.21,2331.19,2328.34,2328.34,25.185494
2026-04-26 06:20:00,2328.32,2329.12,2328.01,2328.62,68.182102
2026-04-26 06:25:00,2328.63,2330.29,2328.62,2329.26,29.7128
2026-04-26 06:30:00,2329.25,2329.57,2329.1,2329.42,22.062412
2026-04-26 06:35:00,2329.42,2331.0,2329.42,2330.96,27.675504
2026-04-26 06:40:00,2330.97,2333.52,2330.97,2331.48,153.61513
2026-04-26 06:45:00,2331.49,2331.99,2329.53,2329.53,68.863298
2026-04-26 06:50:00,2329.52,2329.92,2325.78,2329.11,562.43757
2026-04-26 06:55:00,2329.21,2330.0,2329.2,2330.0,13.218652
2026-04-26 07:00:00,2330.0,2330.4,2327.98,2328.32,104.180571
2026-04-26 07:05:00,2328.33,2329.61,2328.33,2329.31,91.129687
2026-04-26 07:10:00,2329.32,2329.69,2329.21,2329.52,40.357685
2026-04-26 07:15:00,2329.44,2330.4,2329.27,2329.99,49.122861
2026-04-26 07:20:00,2330.0,2331.08,2329.92,2330.26,36.928473
2026-04-26 07:25:00,2330.26,2330.63,2329.76,2329.86,95.17866
2026-04-26 07:30:00,2329.86,2330.0,2328.75,2328.95,67.668385
2026-04-26 07:35:00,2328.96,2329.0,2328.2,2328.9,102.45343
2026-04-26 07:40:00,2328.91,2328.91,2328.52,2328.52,14.232569
2026-04-26 07:45:00,2328.53,2328.9,2328.48,2328.9,46.013924
2026-04-26 07:50:00,2328.9,2331.4,2328.8,2330.45,562.968667
2026-04-26 07:55:00,2330.45,2331.96,2330.45,2331.15,193.943434
2026-04-26 08:00:00,2331.15,2333.99,2331.15,2332.2,331.802742
2026-04-26 08:05:00,2332.21,2333.02,2331.73,2332.6,334.758825
2026-04-26 08:10:00,2332.6,2333.17,2331.16,2332.65,193.596829
2026-04-26 08:15:00,2332.64,2333.17,2331.18,2331.18,62.808859
2026-04-26 08:20:00,2331.15,2331.44,2330.38,2330.99,35.248979
2026-04-26 08:25:00,2331.0,2332.06,2331.0,2331.48,26.552855
2026-04-26 08:30:00,2331.49,2333.62,2331.33,2333.62,59.912473
2026-04-26 08:35:00,2333.62,2337.55,2333.62,2334.41,706.001966
2026-04-26 08:40:00,2334.51,2335.33,2331.65,2331.65,110.69245
2026-04-26 08:45:00,2331.65,2332.29,2331.65,2331.89,40.083046
2026-04-26 08:50:00,2331.89,2333.91,2331.51,2333.36,312.397887
2026-04-26 08:55:00,2333.36,2333.58,2332.06,2332.2,43.686552
2026-04-26 09:00:00,2332.2,2332.2,2330.46,2330.8,151.288927
2026-04-26 09:05:00,2330.8,2331.0,2329.74,2330.18,69.90319
2026-04-26 09:10:00,2330.19,2331.0,2329.4,2330.83,73.303326
2026-04-26 09:15:00,2330.83,2331.49,2330.47,2330.68,86.775315
2026-04-26 09:20:00,2330.68,2332.98,2330.68,2332.49,49.269509
2026-04-26 09:25:00,2332.49,2333.76,2332.1,2332.17,39.879281
2026-04-26 09:30:00,2332.17,2332.17,2331.08,2331.56,27.614117
2026-04-26 09:35:00,2331.56,2332.0,2331.51,2331.68,34.039024
2026-04-26 09:40:00,2331.67,2333.72,2331.48,2333.4,129.182858
2026-04-26 09:45:00,2333.39,2333.54,2332.18,2332.91,55.008478
2026-04-26 09:50:00,2332.91,2335.23,2332.9,2334.26,111.627312
2026-04-26 09:55:00,2334.26,2334.87,2334.01,2334.59,23.591088
2026-04-26 10:00:00,2334.59,2334.59,2332.42,2332.81,14.426689
2026-04-26 10:05:00,2332.81,2336.22,2332.8,2334.62,194.131631
2026-04-26 10:10:00,2334.61,2335.0,2334.43,2334.78,38.742738
2026-04-26 10:15:00,2334.71,2335.52,2334.25,2335.41,140.762505
2026-04-26 10:20:00,2335.41,2335.41,2333.78,2333.78,56.329923
2026-04-26 10:25:00,2333.78,2334.29,2332.81,2332.97,58.911183
2026-04-26 10:30:00,2332.98,2332.98,2332.61,2332.86,34.872717
2026-04-26 10:35:00,2332.86,2333.15,2332.58,2332.59,100.823308
2026-04-26 10:40:00,2332.58,2332.59,2332.01,2332.07,78.536224
2026-04-26 10:45:00,2332.07,2332.57,2332.0,2332.0,37.560794
2026-04-26 10:50:00,2332.01,2332.01,2331.49,2331.81,47.666326
2026-04-26 10:55:00,2331.8,2332.68,2331.8,2332.68,25.81561
2026-04-26 11:00:00,2332.67,2334.74,2332.67,2333.08,670.426122
2026-04-26 11:05:00,2333.09,2334.18,2333.09,2333.99,32.142895
2026-04-26 11:10:00,2333.99,2335.16,2333.84,2333.84,50.354501
2026-04-26 11:15:00,2333.84,2334.06,2332.89,2333.28,29.792777
2026-04-26 11:20:00,2333.29,2336.23,2333.13,2336.23,261.059851
2026-04-26 11:25:00,2336.23,2337.05,2335.94,2336.26,365.591099
2026-04-26 11:30:00,2336.25,2337.2,2335.99,2336.54,151.92917
2026-04-26 11:35:00,2336.54,2336.54,2334.93,2334.94,27.9878
2026-04-26 11:40:00,2334.94,2335.79,2334.93,2334.94,27.699858
2026-04-26 11:45:00,2334.97,2334.98,2333.28,2334.52,180.723736
2026-04-26 11:50:00,2334.53,2335.99,2334.52,2335.99,38.342449
2026-04-26 11:55:00,2335.99,2336.59,2335.32,2335.62,106.314614
2026-04-26 12:00:00,2335.61,2336.21,2334.64,2334.65,100.553975
2026-04-26 12:05:00,2334.64,2335.28,2333.65,2333.66,143.592154
2026-04-26 12:10:00,2333.66,2333.66,2329.3,2330.34,493.004188
2026-04-26 12:15:00,2330.33,2331.39,2329.46,2330.6,126.751757
2026-04-26 12:20:00,2330.61,2334.07,2330.32,2331.57,286.624825
2026-04-26 12:25:00,2331.68,2332.61,2330.68,2331.14,74.230712
2026-04-26 12:30:00,2331.14,2331.22,2330.51,2331.02,86.431359
2026-04-26 12:35:00,2331.02,2332.36,2330.8,2332.36,58.14447
2026-04-26 12:40:00,2332.37,2332.39,2330.48,2330.48,58.494395
2026-04-26 12:45:00,2330.49,2330.49,2324.64,2327.94,831.71908
2026-04-26 12:50:00,2327.94,2329.05,2327.93,2328.66,170.86657
2026-04-26 12:55:00,2328.67,2329.28,2327.79,2328.89,427.857806
2026-04-26 13:00:00,2328.9,2330.75,2328.19,2329.47,376.948208
2026-04-26 13:05:00,2329.47,2331.7,2329.28,2331.26,113.85606
2026-04-26 13:10:00,2331.19,2332.44,2331.06,2331.27,448.629474
2026-04-26 13:15:00,2331.28,2332.23,2329.92,2331.18,150.190357
2026-04-26 13:20:00,2331.17,2331.25,2330.39,2330.4,147.86402
2026-04-26 13:25:00,2330.4,2330.64,2329.23,2330.56,53.033263
2026-04-26 13:30:00,2330.52,2334.19,2330.52,2333.88,239.327344
2026-04-26 13:35:00,2333.9,2334.68,2332.5,2334.68,162.750387
2026-04-26 13:40:00,2334.68,2335.0,2333.8,2334.95,95.225782
2026-04-26 13:45:00,2335.0,2335.5,2333.83,2334.8,370.687499
2026-04-26 13:50:00,2334.8,2335.72,2334.46,2335.48,107.102169
2026-04-26 13:55:00,2335.24,2335.28,2333.41,2335.28,104.055404
2026-04-26 14:00:00,2335.27,2335.27,2333.45,2334.69,68.650825
2026-04-26 14:05:00,2334.69,2336.0,2333.46,2336.0,131.432469
2026-04-26 14:10:00,2336.0,2336.0,2334.84,2335.59,71.141222
2026-04-26 14:15:00,2335.58,2342.71,2334.51,2340.68,1152.293688
2026-04-26 14:20:00,2340.67,2352.17,2340.66,2347.07,3371.152368
2026-04-26 14:25:00,2346.94,2350.59,2346.66,2350.09,444.115818
2026-04-26 14:30:00,2350.1,2351.7,2346.53,2347.95,548.069009
2026-04-26 14:35:00,2348.0,2348.94,2345.38,2347.87,247.525094
2026-04-26 14:40:00,2347.88,2350.38,2346.52,2347.09,307.191988
2026-04-26 14:45:00,2347.09,2347.09,2344.62,2345.98,429.595239
2026-04-26 14:50:00,2345.98,2350.07,2345.98,2349.07,300.770785
