timestamp,open,high,low,close,volume
2026-04-19 14:57:00,1.4403,1.4403,1.438,1.438,16719.8405
2026-04-19 15:00:00,1.4378,1.4379,1.4347,1.4351,28413.401073
2026-04-19 15:03:00,1.4355,1.4374,1.4354,1.4356,39781.121196
2026-04-19 15:06:00,1.4357,1.4364,1.4347,1.4361,14882.744563
2026-04-19 15:09:00,1.4362,1.4366,1.4347,1.4354,10739.564238
2026-04-19 15:12:00,1.4353,1.436,1.4348,1.4351,14503.112576
2026-04-19 15:15:00,1.4349,1.4379,1.4349,1.4379,13097.673737
2026-04-19 15:18:00,1.438,1.4388,1.4367,1.4367,20895.81098
2026-04-19 15:21:00,1.4363,1.4363,1.433,1.434,33419.149173
2026-04-19 15:24:00,1.4344,1.4357,1.4332,1.4344,13047.241605
2026-04-19 15:27:00,1.4346,1.435,1.4337,1.434,6491.669946
2026-04-19 15:30:00,1.4341,1.4344,1.4299,1.4317,66470.779463
2026-04-19 15:33:00,1.4318,1.4318,1.4257,1.4267,56535.860148
2026-04-19 15:36:00,1.4265,1.4272,1.4219,1.4257,394933.068799
2026-04-19 15:39:00,1.4258,1.4267,1.4243,1.4266,45584.425958
2026-04-19 15:42:00,1.4267,1.4269,1.4249,1.4261,22333.573941
2026-04-19 15:45:00,1.4259,1.4276,1.4252,1.4268,22476.913288
2026-04-19 15:48:00,1.427,1.4291,1.4265,1.4272,39481.88103
2026-04-19 15:51:00,1.4274,1.4296,1.4272,1.4292,28918.88717
2026-04-19 15:54:00,1.4294,1.431,1.4294,1.4303,17453.52015
2026-04-19 15:57:00,1.4302,1.4313,1.429,1.4313,33318.573232
2026-04-19 16:00:00,1.4314,1.4322,1.4297,1.4297,40711.675801
2026-04-19 16:03:00,1.4296,1.432,1.4287,1.4299,25009.282455
2026-04-19 16:06:00,1.4299,1.4309,1.4291,1.4306,16872.791783
2026-04-19 16:09:00,1.4307,1.4307,1.4277,1.4288,21494.649545
2026-04-19 16:12:00,1.4287,1.4296,1.428,1.4284,29681.902374
2026-04-19 16:15:00,1.4283,1.4301,1.4281,1.4282,19035.213008
2026-04-19 16:18:00,1.4284,1.4285,1.4257,1.4257,20019.505049
2026-04-19 16:21:00,1.4261,1.4263,1.4237,1.4249,18802.801982
2026-04-19 16:24:00,1.425,1.4278,1.425,1.4276,27008.907954
2026-04-19 16:27:00,1.4274,1.4274,1.4239,1.4244,22233.346907
2026-04-19 16:30:00,1.4242,1.4266,1.4231,1.4259,25618.296451
2026-04-19 16:33:00,1.426,1.4291,1.426,1.4271,30869.762068
2026-04-19 16:36:00,1.4271,1.4277,1.4267,1.4274,19633.359788
2026-04-19 16:39:00,1.4273,1.428,1.4258,1.4258,17514.629662
2026-04-19 16:42:00,1.4259,1.4268,1.4255,1.4268,10353.464406
2026-04-19 16:45:00,1.4268,1.428,1.4261,1.427,9620.695597
2026-04-19 16:48:00,1.4268,1.4279,1.4261,1.4261,7767.168149
2026-04-19 16:51:00,1.4265,1.4271,1.4228,1.4241,26986.458284
2026-04-19 16:54:00,1.4239,1.4239,1.4203,1.4214,52499.707039
2026-04-19 16:57:00,1.4209,1.4238,1.4207,1.4222,28973.858654
2026-04-19 17:00:00,1.4222,1.4222,1.4191,1.4221,64462.655716
2026-04-19 17:03:00,1.4223,1.4232,1.4163,1.4195,99557.767526
2026-04-19 17:06:00,1.4195,1.4206,1.4174,1.4201,33417.381183
2026-04-19 17:09:00,1.4201,1.4201,1.4169,1.4181,36138.840182
2026-04-19 17:12:00,1.4183,1.4198,1.4177,1.4198,18477.329384
2026-04-19 17:15:00,1.4199,1.4238,1.4197,1.4221,187945.349734
2026-04-19 17:18:00,1.4221,1.4227,1.4217,1.4224,35496.607757
2026-04-19 17:21:00,1.4226,1.4242,1.422,1.4221,24127.195494
2026-04-19 17:24:00,1.422,1.422,1.4182,1.4188,40135.987667
2026-04-19 17:27:00,1.4189,1.4208,1.4182,1.4203,13486.587321
2026-04-19 17:30:00,1.4206,1.4225,1.4206,1.4215,27117.395856
2026-04-19 17:33:00,1.4212,1.4218,1.416,1.4173,99338.195479
2026-04-19 17:36:00,1.4171,1.4192,1.417,1.4191,13465.972355
2026-04-19 17:39:00,1.4192,1.4202,1.4188,1.4194,22581.407963
2026-04-19 17:42:00,1.4193,1.4207,1.419,1.4203,38018.821592
2026-04-19 17:45:00,1.42,1.4217,1.419,1.4191,32574.536948
2026-04-19 17:48:00,1.4191,1.4194,1.416,1.416,31398.915063
2026-04-19 17:51:00,1.4159,1.4161,1.4111,1.4154,122603.389322
2026-04-19 17:54:00,1.4151,1.4151,1.4123,1.4141,41530.700004
2026-04-19 17:57:00,1.4143,1.4147,1.4124,1.413,43593.731935
2026-04-19 18:00:00,1.4133,1.415,1.4115,1.4141,40167.594552
2026-04-19 18:03:00,1.4138,1.4142,1.4119,1.4136,31939.597374
2026-04-19 18:06:00,1.4133,1.4139,1.4117,1.4136,23688.792267
2026-04-19 18:09:00,1.4138,1.4167,1.4138,1.4164,32275.32004
2026-04-19 18:12:00,1.4168,1.4175,1.4158,1.4171,20284.713641
2026-04-19 18:15:00,1.4172,1.4178,1.4162,1.4171,15678.092383
2026-04-19 18:18:00,1.417,1.4171,1.4147,1.4154,81593.550047
2026-04-19 18:21:00,1.4152,1.4157,1.4142,1.4148,4760.745261
2026-04-19 18:24:00,1.4147,1.4161,1.4123,1.4155,30941.719378
2026-04-19 18:27:00,1.4156,1.4176,1.4145,1.4161,33108.89798
2026-04-19 18:30:00,1.416,1.4162,1.4148,1.4151,21562.973659
2026-04-19 18:33:00,1.4155,1.4158,1.4141,1.4158,15695.346669
2026-04-19 18:36:00,1.4158,1.4167,1.4146,1.4153,26097.963471
2026-04-19 18:39:00,1.4152,1.4166,1.4148,1.4161,76456.720536
2026-04-19 18:42:00,1.4162,1.4162,1.4149,1.4151,27275.297019
2026-04-19 18:45:00,1.4151,1.4156,1.4135,1.415,11760.143752
2026-04-19 18:48:00,1.4152,1.4165,1.415,1.4165,22563.547704
2026-04-19 18:51:00,1.4163,1.4169,1.4155,1.4156,16006.711018
2026-04-19 18:54:00,1.4155,1.4155,1.4141,1.4148,23114.557769
2026-04-19 18:57:00,1.415,1.4156,1.4149,1.4154,9987.577297
2026-04-19 19:00:00,1.4161,1.4192,1.4161,1.4183,33458.872461
2026-04-19 19:03:00,1.4182,1.4186,1.4166,1.4182,18968.276578
2026-04-19 19:06:00,1.4183,1.419,1.4174,1.4188,10862.399773
2026-04-19 19:09:00,1.4187,1.4197,1.418,1.418,19396.045892
2026-04-19 19:12:00,1.4179,1.4196,1.4176,1.4183,33883.435068
2026-04-19 19:15:00,1.4183,1.4196,1.418,1.4195,11740.490985
2026-04-19 19:18:00,1.4195,1.4215,1.4188,1.4203,26274.479683
2026-04-19 19:21:00,1.42,1.4203,1.4174,1.4174,13473.86844
2026-04-19 19:24:00,1.4175,1.419,1.4169,1.419,7782.969389
2026-04-19 19:27:00,1.419,1.4193,1.4182,1.4186,21332.052703
2026-04-19 19:30:00,1.4185,1.4209,1.4185,1.4195,13137.30876
2026-04-19 19:33:00,1.4194,1.4194,1.4182,1.4187,7983.012046
2026-04-19 19:36:00,1.4187,1.419,1.4182,1.4185,6871.185523
2026-04-19 19:39:00,1.4182,1.42,1.4182,1.42,13934.908699
2026-04-19 19:42:00,1.4201,1.4207,1.4189,1.419,7709.38287
2026-04-19 19:45:00,1.4191,1.42,1.419,1.4197,9174.933703
2026-04-19 19:48:00,1.4196,1.4198,1.4188,1.4195,2614.477037
2026-04-19 19:51:00,1.419,1.419,1.4181,1.4186,4173.813994
2026-04-19 19:54:00,1.4185,1.4185,1.4166,1.4177,11435.266733
2026-04-19 19:57:00,1.4177,1.4179,1.4158,1.4175,39447.047589
2026-04-19 20:00:00,1.4173,1.4173,1.4137,1.4137,26430.634406
2026-04-19 20:03:00,1.4137,1.4152,1.4128,1.4129,37048.793738
2026-04-19 20:06:00,1.4129,1.4141,1.4126,1.4133,14838.428793
2026-04-19 20:09:00,1.4131,1.4154,1.4127,1.4154,34139.986972
2026-04-19 20:12:00,1.4154,1.4154,1.4127,1.4144,65843.447172
2026-04-19 20:15:00,1.4143,1.4143,1.412,1.413,14850.405111
2026-04-19 20:18:00,1.413,1.413,1.4116,1.4127,29662.719311
2026-04-19 20:21:00,1.4125,1.4126,1.4115,1.4126,41603.507375
2026-04-19 20:24:00,1.4127,1.4135,1.4124,1.4135,18956.208996
2026-04-19 20:27:00,1.4136,1.4148,1.413,1.414,21137.893989
2026-04-19 20:30:00,1.414,1.4173,1.4133,1.4167,44427.481022
2026-04-19 20:33:00,1.4166,1.4172,1.4157,1.4171,62351.8323
2026-04-19 20:36:00,1.417,1.417,1.4161,1.4166,12700.618583
2026-04-19 20:39:00,1.4165,1.4165,1.4116,1.4121,44443.29729
2026-04-19 20:42:00,1.4121,1.413,1.4087,1.4105,136984.191338
2026-04-19 20:45:00,1.4109,1.4128,1.4109,1.4114,26750.279107
2026-04-19 20:48:00,1.4112,1.4127,1.4097,1.4127,34525.159723
2026-04-19 20:51:00,1.4124,1.4148,1.4122,1.4134,31059.587999
2026-04-19 20:54:00,1.4139,1.4141,1.4117,1.4117,10569.087685
2026-04-19 20:57:00,1.4117,1.4117,1.4101,1.4104,23212.653228
2026-04-19 21:00:00,1.4104,1.4132,1.41,1.4126,43652.301969
2026-04-19 21:03:00,1.4124,1.4125,1.411,1.4125,10464.980943
2026-04-19 21:06:00,1.4122,1.4142,1.4117,1.4133,16525.463181
2026-04-19 21:09:00,1.4134,1.4145,1.4125,1.4126,26000.379537
2026-04-19 21:12:00,1.4127,1.4162,1.4127,1.4141,106946.205423
2026-04-19 21:15:00,1.4138,1.4138,1.4118,1.412,14279.774516
2026-04-19 21:18:00,1.412,1.4127,1.4114,1.4124,22018.085
2026-04-19 21:21:00,1.4125,1.4134,1.4122,1.4129,13547.742524
2026-04-19 21:24:00,1.4128,1.4135,1.4119,1.4134,11408.982597
2026-04-19 21:27:00,1.4134,1.4147,1.4134,1.4143,3933.32692
2026-04-19 21:30:00,1.4142,1.4166,1.4142,1.4155,10342.618303
2026-04-19 21:33:00,1.4152,1.4155,1.4143,1.4154,6249.716755
2026-04-19 21:36:00,1.4156,1.4166,1.4153,1.4161,24039.789249
2026-04-19 21:39:00,1.4163,1.4165,1.4154,1.4158,10786.902813
2026-04-19 21:42:00,1.4156,1.4166,1.4156,1.4159,8472.884626
2026-04-19 21:45:00,1.4159,1.4168,1.4158,1.4163,8861.210042
2026-04-19 21:48:00,1.4163,1.4163,1.4133,1.4137,26219.12586
2026-04-19 21:51:00,1.4134,1.4139,1.4105,1.4114,37953.734307
2026-04-19 21:54:00,1.4115,1.4116,1.4092,1.4108,16021.176817
2026-04-19 21:57:00,1.411,1.4116,1.4094,1.4096,26314.78664
2026-04-19 22:00:00,1.4094,1.4094,1.4003,1.402,269781.143124
2026-04-19 22:03:00,1.402,1.4051,1.4,1.4025,112974.59936
2026-04-19 22:06:00,1.4033,1.4067,1.4021,1.4056,91272.596113
2026-04-19 22:09:00,1.4061,1.4065,1.4021,1.4021,58903.829538
2026-04-19 22:12:00,1.4021,1.4031,1.3991,1.4003,87075.869456
2026-04-19 22:15:00,1.4005,1.4015,1.3975,1.4005,114812.685877
2026-04-19 22:18:00,1.4011,1.4024,1.3972,1.3972,70477.798513
2026-04-19 22:21:00,1.3972,1.3972,1.39,1.3937,335557.032631
2026-04-19 22:24:00,1.3937,1.398,1.3936,1.3955,44009.701806
2026-04-19 22:27:00,1.3957,1.3991,1.3953,1.3972,26885.535154
2026-04-19 22:30:00,1.3972,1.4016,1.3968,1.4016,43786.754614
2026-04-19 22:33:00,1.4017,1.4026,1.3987,1.3999,33840.840201
2026-04-19 22:36:00,1.4012,1.4025,1.401,1.4021,34079.391605
2026-04-19 22:39:00,1.4022,1.4025,1.4011,1.4017,12836.396863
2026-04-19 22:42:00,1.4017,1.4023,1.4006,1.4017,28872.207954
2026-04-19 22:45:00,1.4017,1.4024,1.4001,1.4001,17707.382241
2026-04-19 22:48:00,1.4003,1.4018,1.3999,1.4013,22643.594274
2026-04-19 22:51:00,1.4014,1.4022,1.4,1.4001,33924.538994
2026-04-19 22:54:00,1.4002,1.4014,1.4002,1.4013,22054.701397
2026-04-19 22:57:00,1.4013,1.4017,1.399,1.3993,44208.566565
2026-04-19 23:00:00,1.3991,1.3991,1.3938,1.3944,76279.458722
2026-04-19 23:03:00,1.3944,1.3958,1.394,1.3947,57173.765697
2026-04-19 23:06:00,1.3946,1.3957,1.3939,1.3952,39921.068941
2026-04-19 23:09:00,1.3953,1.3965,1.395,1.3965,34117.802908
2026-04-19 23:12:00,1.3965,1.3974,1.3959,1.3973,43189.71487
2026-04-19 23:15:00,1.3972,1.3972,1.3939,1.3962,45630.85916
2026-04-19 23:18:00,1.3963,1.3972,1.3947,1.395,43782.190901
2026-04-19 23:21:00,1.3954,1.3954,1.3928,1.3945,48306.498114
2026-04-19 23:24:00,1.3946,1.3954,1.3936,1.3952,19178.11098
2026-04-19 23:27:00,1.3953,1.3956,1.3947,1.3954,73994.36143
2026-04-19 23:30:00,1.3956,1.3966,1.3946,1.3954,22292.492171
2026-04-19 23:33:00,1.3953,1.3965,1.3945,1.3955,68424.91539
2026-04-19 23:36:00,1.3957,1.3975,1.3954,1.3954,10583.285699
2026-04-19 23:39:00,1.3953,1.3965,1.3952,1.3955,42863.003058
2026-04-19 23:42:00,1.3955,1.3958,1.3946,1.3955,5231.391181
2026-04-19 23:45:00,1.3956,1.3956,1.3943,1.3947,19697.036615
2026-04-19 23:48:00,1.3947,1.3955,1.3941,1.3955,22427.018881
2026-04-19 23:51:00,1.3956,1.3966,1.3947,1.3948,20091.068334
2026-04-19 23:54:00,1.3943,1.395,1.3931,1.3936,74414.152851
2026-04-19 23:57:00,1.3937,1.3944,1.3936,1.3942,9245.184525
2026-04-20 00:00:00,1.3944,1.3974,1.3934,1.3971,150926.217511
2026-04-20 00:03:00,1.397,1.4018,1.3965,1.3986,164943.721005
2026-04-20 00:06:00,1.3988,1.4004,1.3983,1.4001,63267.477904
2026-04-20 00:09:00,1.4,1.4019,1.4,1.4017,35436.61914
2026-04-20 00:12:00,1.4015,1.4015,1.4003,1.4003,31944.818663
2026-04-20 00:15:00,1.4003,1.404,1.4003,1.4026,63951.778755
2026-04-20 00:18:00,1.4026,1.4027,1.4013,1.4015,18467.296508
2026-04-20 00:21:00,1.4014,1.4047,1.4012,1.4043,40675.6839
2026-04-20 00:24:00,1.4043,1.4054,1.4041,1.4045,34109.674501
2026-04-20 00:27:00,1.4045,1.4058,1.4042,1.4056,29340.818579
2026-04-20 00:30:00,1.4054,1.4072,1.405,1.4065,24564.58123
2026-04-20 00:33:00,1.4064,1.4064,1.4059,1.406,5767.406749
2026-04-20 00:36:00,1.4057,1.4057,1.4044,1.4056,13649.926665
2026-04-20 00:39:00,1.4056,1.4061,1.4049,1.4056,28288.257791
2026-04-20 00:42:00,1.4059,1.4067,1.405,1.4054,12018.316975
2026-04-20 00:45:00,1.4052,1.4058,1.4049,1.4056,9237.320664
2026-04-20 00:48:00,1.4055,1.4076,1.4055,1.4076,12485.551529
2026-04-20 00:51:00,1.4077,1.408,1.407,1.4079,17207.306203
2026-04-20 00:54:00,1.4078,1.4078,1.4068,1.4069,10495.127943
2026-04-20 00:57:00,1.4069,1.4081,1.4057,1.4057,23243.320459
2026-04-20 01:00:00,1.4055,1.4074,1.4053,1.4074,17616.641353
2026-04-20 01:03:00,1.4073,1.4075,1.4066,1.4073,30638.791628
2026-04-20 01:06:00,1.4073,1.4074,1.4058,1.4073,21075.574463
2026-04-20 01:09:00,1.4072,1.4079,1.4063,1.4076,20420.878573
2026-04-20 01:12:00,1.4073,1.408,1.4073,1.408,1478.850811
2026-04-20 01:15:00,1.408,1.408,1.4066,1.4066,8048.208785
2026-04-20 01:18:00,1.4065,1.4076,1.4062,1.4066,12944.881428
2026-04-20 01:21:00,1.4062,1.4062,1.4047,1.4048,23804.881184
2026-04-20 01:24:00,1.405,1.4062,1.405,1.4061,5905.958036
2026-04-20 01:27:00,1.4062,1.4062,1.4052,1.4058,18440.764968
2026-04-20 01:30:00,1.406,1.4117,1.406,1.4114,77407.88278
2026-04-20 01:33:00,1.4112,1.4112,1.4092,1.4095,36610.031649
2026-04-20 01:36:00,1.4096,1.4105,1.4095,1.4105,2821.864377
2026-04-20 01:39:00,1.4106,1.4117,1.4099,1.4114,11247.896135
2026-04-20 01:42:00,1.4113,1.4114,1.4101,1.4105,7536.179945
2026-04-20 01:45:00,1.4105,1.4109,1.41,1.4103,8829.394393
2026-04-20 01:48:00,1.4103,1.4103,1.4079,1.408,25293.764698
2026-04-20 01:51:00,1.408,1.4093,1.408,1.4091,12635.901507
2026-04-20 01:54:00,1.4091,1.4095,1.409,1.4092,2593.933507
2026-04-20 01:57:00,1.4092,1.4092,1.4082,1.4082,7205.513575
2026-04-20 02:00:00,1.4083,1.4086,1.4061,1.4067,13663.934178
2026-04-20 02:03:00,1.4066,1.4075,1.4062,1.4064,10434.211329
2026-04-20 02:06:00,1.4064,1.4086,1.406,1.4083,16381.796415
2026-04-20 02:09:00,1.4082,1.4082,1.4069,1.4069,2325.72262
2026-04-20 02:12:00,1.407,1.407,1.4051,1.4053,2577.129288
2026-04-20 02:15:00,1.4051,1.4075,1.4042,1.4074,27095.314558
2026-04-20 02:18:00,1.4075,1.408,1.4062,1.4062,20618.680338
2026-04-20 02:21:00,1.4061,1.4063,1.4054,1.4056,13035.133309
2026-04-20 02:24:00,1.4057,1.4061,1.4051,1.4054,13886.935979
2026-04-20 02:27:00,1.4054,1.4058,1.4048,1.4051,24136.34679
2026-04-20 02:30:00,1.4052,1.4058,1.4051,1.4053,6170.438601
2026-04-20 02:33:00,1.4051,1.4064,1.4044,1.4059,13965.831563
2026-04-20 02:36:00,1.406,1.4074,1.406,1.4073,46064.994525
2026-04-20 02:39:00,1.4075,1.4076,1.4065,1.4065,20705.060169
2026-04-20 02:42:00,1.4067,1.4075,1.4063,1.4075,15302.88148
2026-04-20 02:45:00,1.4077,1.4077,1.4066,1.4066,5854.589837
2026-04-20 02:48:00,1.4067,1.4086,1.4067,1.4084,38929.915772
2026-04-20 02:51:00,1.4083,1.4084,1.4075,1.4077,6130.332553
2026-04-20 02:54:00,1.4077,1.4088,1.4073,1.4076,21715.989695
2026-04-20 02:57:00,1.4076,1.4096,1.4071,1.4082,78325.562534
2026-04-20 03:00:00,1.4082,1.4089,1.4077,1.4089,31232.70574
2026-04-20 03:03:00,1.4092,1.4097,1.4086,1.4087,5180.221845
2026-04-20 03:06:00,1.4087,1.4111,1.4085,1.4111,27662.488412
2026-04-20 03:09:00,1.4113,1.4117,1.4107,1.4116,23132.672308
2026-04-20 03:12:00,1.4118,1.4133,1.4104,1.4111,84379.690363
2026-04-20 03:15:00,1.4111,1.4117,1.4107,1.4107,21124.1192
2026-04-20 03:18:00,1.4107,1.412,1.4105,1.412,55374.331514
2026-04-20 03:21:00,1.412,1.4128,1.4114,1.4117,17095.58741
2026-04-20 03:24:00,1.4118,1.4125,1.4114,1.4114,14506.06687
2026-04-20 03:27:00,1.4113,1.4118,1.4098,1.4113,71142.070002
2026-04-20 03:30:00,1.4114,1.4125,1.4108,1.4111,19563.179654
2026-04-20 03:33:00,1.4111,1.4122,1.4101,1.4101,31170.434382
2026-04-20 03:36:00,1.4102,1.4105,1.4095,1.4102,15879.908947
2026-04-20 03:39:00,1.4103,1.4106,1.41,1.4104,5350.387044
2026-04-20 03:42:00,1.4103,1.4103,1.4095,1.4096,21390.709312
2026-04-20 03:45:00,1.4094,1.4098,1.4088,1.4092,2707.757966
2026-04-20 03:48:00,1.4098,1.4099,1.4092,1.4095,12092.878557
2026-04-20 03:51:00,1.4095,1.4101,1.4095,1.4101,10040.099344
2026-04-20 03:54:00,1.4101,1.4111,1.4099,1.4111,19331.118448
2026-04-20 03:57:00,1.4111,1.4112,1.4105,1.4112,20249.421659
2026-04-20 04:00:00,1.4112,1.4114,1.4102,1.4103,33309.176481
2026-04-20 04:03:00,1.4104,1.411,1.4097,1.4103,15947.547858
2026-04-20 04:06:00,1.4103,1.4107,1.41,1.4107,3154.487271
2026-04-20 04:09:00,1.4106,1.4109,1.4095,1.4095,11120.045134
2026-04-20 04:12:00,1.4094,1.4098,1.4087,1.4087,8256.426519
2026-04-20 04:15:00,1.4086,1.4093,1.4086,1.4091,12364.46355
2026-04-20 04:18:00,1.4092,1.4098,1.4077,1.4077,32428.536819
2026-04-20 04:21:00,1.4077,1.4077,1.4058,1.4061,41189.248428
2026-04-20 04:24:00,1.4064,1.4073,1.4063,1.4069,16971.381175
2026-04-20 04:27:00,1.4069,1.4078,1.4066,1.4078,6496.294746
2026-04-20 04:30:00,1.4079,1.4086,1.4079,1.4086,11447.389854
2026-04-20 04:33:00,1.4085,1.4086,1.4077,1.4083,17073.803363
2026-04-20 04:36:00,1.4084,1.4086,1.4082,1.4084,4057.420635
2026-04-20 04:39:00,1.4084,1.4086,1.4077,1.4082,27122.839067
2026-04-20 04:42:00,1.4082,1.4082,1.4076,1.4076,14931.349736
2026-04-20 04:45:00,1.4077,1.4096,1.4077,1.4093,8677.781075
2026-04-20 04:48:00,1.4094,1.4106,1.409,1.4106,16160.704815
2026-04-20 04:51:00,1.4106,1.4106,1.4088,1.4095,13340.105033
2026-04-20 04:54:00,1.4098,1.41,1.4094,1.4096,7286.77318
2026-04-20 04:57:00,1.4096,1.41,1.4093,1.4093,16300.108048
2026-04-20 05:00:00,1.4093,1.4096,1.4064,1.4065,59056.616413
2026-04-20 05:03:00,1.4065,1.4068,1.4062,1.4063,18152.637084
2026-04-20 05:06:00,1.4063,1.4063,1.4027,1.4032,52459.561413
2026-04-20 05:09:00,1.4032,1.4032,1.4006,1.4014,42686.498581
2026-04-20 05:12:00,1.4013,1.4027,1.4004,1.4024,28981.719462
2026-04-20 05:15:00,1.4024,1.4024,1.4006,1.4006,14145.767714
2026-04-20 05:18:00,1.4005,1.4007,1.3995,1.3997,22627.639272
2026-04-20 05:21:00,1.3998,1.4009,1.3998,1.4003,20575.570622
2026-04-20 05:24:00,1.4002,1.4012,1.399,1.4003,34194.933489
2026-04-20 05:27:00,1.4002,1.4004,1.3995,1.4002,9247.79766
2026-04-20 05:30:00,1.4001,1.401,1.3995,1.4007,42852.11173
2026-04-20 05:33:00,1.4007,1.4009,1.3998,1.4008,23867.204759
2026-04-20 05:36:00,1.4009,1.4025,1.4009,1.4009,17653.348871
2026-04-20 05:39:00,1.4008,1.4008,1.3982,1.3983,53054.140199
2026-04-20 05:42:00,1.3983,1.3988,1.396,1.396,35745.260476
2026-04-20 05:45:00,1.396,1.3981,1.3952,1.3978,63573.892785
2026-04-20 05:48:00,1.398,1.3987,1.3977,1.3987,19894.877976
2026-04-20 05:51:00,1.3986,1.3992,1.3979,1.3991,11652.168301
2026-04-20 05:54:00,1.3992,1.4,1.3992,1.4,10502.829524
2026-04-20 05:57:00,1.3999,1.3999,1.3986,1.3992,10137.211658
2026-04-20 06:00:00,1.3993,1.4014,1.3993,1.4014,34608.114349
2026-04-20 06:03:00,1.4015,1.4039,1.4015,1.4031,26918.805183
2026-04-20 06:06:00,1.4032,1.4035,1.4026,1.4032,12713.54786
2026-04-20 06:09:00,1.4032,1.4036,1.4012,1.4012,13515.424149
2026-04-20 06:12:00,1.4012,1.4023,1.4012,1.4021,14149.674292
2026-04-20 06:15:00,1.4019,1.4024,1.4007,1.4024,95441.344678
2026-04-20 06:18:00,1.4024,1.4054,1.4024,1.4044,38814.401012
2026-04-20 06:21:00,1.4042,1.4043,1.4034,1.4036,11931.293577
2026-04-20 06:24:00,1.4036,1.4046,1.4034,1.4046,8750.369352
2026-04-20 06:27:00,1.4043,1.4046,1.404,1.404,4678.691211
2026-04-20 06:30:00,1.4037,1.4079,1.4037,1.4078,19719.760355
2026-04-20 06:33:00,1.4076,1.4088,1.4076,1.4088,8967.670378
2026-04-20 06:36:00,1.4087,1.4087,1.4068,1.4071,23546.332852
2026-04-20 06:39:00,1.4072,1.4154,1.4072,1.4126,103165.832024
2026-04-20 06:42:00,1.4125,1.4136,1.4123,1.4134,31427.070866
2026-04-20 06:45:00,1.4132,1.4137,1.4116,1.4136,48157.411252
2026-04-20 06:48:00,1.4137,1.414,1.4113,1.4114,25609.541344
2026-04-20 06:51:00,1.4114,1.4125,1.4114,1.4125,17169.733549
2026-04-20 06:54:00,1.4124,1.4145,1.4115,1.4131,53256.805659
2026-04-20 06:57:00,1.4132,1.4147,1.4126,1.414,42790.827621
2026-04-20 07:00:00,1.4141,1.416,1.4137,1.4153,46088.661627
2026-04-20 07:03:00,1.4152,1.4154,1.4133,1.4139,37512.758777
2026-04-20 07:06:00,1.4139,1.4145,1.4122,1.4133,24739.295649
2026-04-20 07:09:00,1.4136,1.414,1.4128,1.4138,14640.560701
2026-04-20 07:12:00,1.4137,1.4161,1.4137,1.4158,25459.173471
2026-04-20 07:15:00,1.4155,1.4155,1.4136,1.4152,40148.98996
2026-04-20 07:18:00,1.4152,1.4205,1.4151,1.42,106397.650801
2026-04-20 07:21:00,1.42,1.432,1.4199,1.4291,183433.438973
2026-04-20 07:24:00,1.4291,1.4326,1.4268,1.4268,187202.799483
2026-04-20 07:27:00,1.4268,1.4287,1.423,1.4257,333427.574694
2026-04-20 07:30:00,1.4258,1.4272,1.4196,1.4229,173471.020406
2026-04-20 07:33:00,1.4227,1.4229,1.4205,1.4209,30003.868196
2026-04-20 07:36:00,1.4207,1.4207,1.4149,1.4162,165852.391487
2026-04-20 07:39:00,1.4163,1.4178,1.4157,1.4171,82305.699302
2026-04-20 07:42:00,1.417,1.4176,1.4155,1.4163,50068.816662
2026-04-20 07:45:00,1.4163,1.4176,1.4147,1.4171,34121.918263
2026-04-20 07:48:00,1.4171,1.4181,1.4124,1.4139,61308.645568
2026-04-20 07:51:00,1.414,1.4152,1.4126,1.4129,27107.539646
2026-04-20 07:54:00,1.4127,1.4137,1.4114,1.4137,27401.296872
2026-04-20 07:57:00,1.4134,1.4156,1.413,1.4156,9735.327823
2026-04-20 08:00:00,1.4156,1.4157,1.4123,1.4126,40320.839297
2026-04-20 08:03:00,1.4127,1.4142,1.4122,1.413,47028.720974
2026-04-20 08:06:00,1.4128,1.4132,1.4116,1.4121,27064.988662
2026-04-20 08:09:00,1.4121,1.4139,1.4118,1.4133,21103.013384
2026-04-20 08:12:00,1.4131,1.4144,1.4126,1.4134,14425.940103
2026-04-20 08:15:00,1.4134,1.4155,1.413,1.4155,16261.524182
2026-04-20 08:18:00,1.4155,1.4177,1.4147,1.4167,46526.950381
2026-04-20 08:21:00,1.4166,1.4177,1.4145,1.4145,30534.926102
2026-04-20 08:24:00,1.4147,1.4158,1.4114,1.4119,35405.029375
2026-04-20 08:27:00,1.4119,1.4139,1.4119,1.4138,23744.15547
2026-04-20 08:30:00,1.4142,1.415,1.4122,1.415,43499.885987
2026-04-20 08:33:00,1.4147,1.4147,1.4132,1.414,19185.569353
2026-04-20 08:36:00,1.4138,1.4139,1.4125,1.4125,24998.152575
2026-04-20 08:39:00,1.4122,1.4125,1.411,1.4116,14427.843553
2026-04-20 08:42:00,1.4118,1.4123,1.4115,1.4119,9218.413789
2026-04-20 08:45:00,1.4119,1.4122,1.4091,1.4093,31982.08414
2026-04-20 08:48:00,1.4093,1.4109,1.4093,1.4099,41784.087464
2026-04-20 08:51:00,1.4099,1.4099,1.4076,1.4084,17776.126944
2026-04-20 08:54:00,1.4084,1.4095,1.4076,1.4089,17689.250919
2026-04-20 08:57:00,1.4093,1.4101,1.4092,1.4099,29930.293505
2026-04-20 09:00:00,1.4098,1.4098,1.4083,1.4087,19404.040006
2026-04-20 09:03:00,1.4087,1.4101,1.4084,1.4101,18197.925373
2026-04-20 09:06:00,1.4103,1.415,1.4103,1.4139,111534.403195
2026-04-20 09:09:00,1.4137,1.414,1.4122,1.4136,23864.024149
2026-04-20 09:12:00,1.4137,1.4165,1.4137,1.4147,35389.076172
2026-04-20 09:15:00,1.4152,1.4167,1.4147,1.4167,10820.750829
2026-04-20 09:18:00,1.4168,1.4183,1.4166,1.4174,20799.709247
2026-04-20 09:21:00,1.4176,1.4197,1.4158,1.4168,61031.155608
2026-04-20 09:24:00,1.4163,1.4169,1.4154,1.4163,32375.704469
2026-04-20 09:27:00,1.4162,1.4162,1.4149,1.4159,12364.261268
2026-04-20 09:30:00,1.416,1.4173,1.4159,1.4165,43252.248346
2026-04-20 09:33:00,1.4165,1.417,1.4156,1.4157,7142.426324
2026-04-20 09:36:00,1.4156,1.4186,1.4151,1.4186,9269.514455
2026-04-20 09:39:00,1.4186,1.4195,1.4183,1.4189,32007.538952
2026-04-20 09:42:00,1.4191,1.4196,1.4183,1.4196,41454.366087
2026-04-20 09:45:00,1.4196,1.4209,1.4195,1.4208,28684.965885
2026-04-20 09:48:00,1.4208,1.4208,1.4177,1.4185,31278.364548
2026-04-20 09:51:00,1.4185,1.4188,1.4171,1.4173,8967.078688
2026-04-20 09:54:00,1.4173,1.4189,1.4173,1.4185,11105.124857
2026-04-20 09:57:00,1.4184,1.4184,1.4164,1.4178,21573.624494
2026-04-20 10:00:00,1.4178,1.4205,1.4172,1.4205,26678.797714
2026-04-20 10:03:00,1.4205,1.4229,1.4205,1.4226,37239.405019
2026-04-20 10:06:00,1.4227,1.4234,1.4218,1.4227,19164.479229
2026-04-20 10:09:00,1.4227,1.4246,1.4227,1.4242,42386.681867
2026-04-20 10:12:00,1.4241,1.4244,1.4231,1.4242,166938.533015
2026-04-20 10:15:00,1.4242,1.4261,1.4236,1.4261,92809.373915
2026-04-20 10:18:00,1.4261,1.4274,1.4244,1.4244,47120.204828
2026-04-20 10:21:00,1.4242,1.4242,1.4227,1.4229,93907.292588
2026-04-20 10:24:00,1.4229,1.4239,1.4229,1.4232,11150.649447
2026-04-20 10:27:00,1.4233,1.4239,1.4229,1.4237,18520.508301
2026-04-20 10:30:00,1.4234,1.4234,1.4157,1.4196,473194.627334
2026-04-20 10:33:00,1.4196,1.4209,1.4196,1.4204,27543.824701
2026-04-20 10:36:00,1.4205,1.4227,1.4205,1.4223,117699.860011
2026-04-20 10:39:00,1.4223,1.4226,1.4216,1.4216,137070.01086
2026-04-20 10:42:00,1.4216,1.422,1.4214,1.4218,13148.285422
2026-04-20 10:45:00,1.4217,1.4221,1.4201,1.4221,46216.754608
2026-04-20 10:48:00,1.4221,1.4221,1.4209,1.4215,26704.723072
2026-04-20 10:51:00,1.4214,1.4216,1.4205,1.4207,28708.854233
2026-04-20 10:54:00,1.4206,1.421,1.4171,1.4176,134250.354131
2026-04-20 10:57:00,1.4177,1.4177,1.413,1.4142,147597.413779
2026-04-20 11:00:00,1.4144,1.4144,1.4122,1.4137,58842.701192
2026-04-20 11:03:00,1.4136,1.4139,1.4127,1.4136,50904.599171
2026-04-20 11:06:00,1.4135,1.4149,1.4135,1.4149,66713.495822
2026-04-20 11:09:00,1.415,1.4161,1.4142,1.4143,46658.216108
2026-04-20 11:12:00,1.4146,1.4165,1.4146,1.4162,31787.225644
2026-04-20 11:15:00,1.4162,1.4168,1.4158,1.4158,43983.148032
2026-04-20 11:18:00,1.416,1.4162,1.4143,1.4143,17666.592449
2026-04-20 11:21:00,1.4141,1.4155,1.4139,1.4144,40991.862353
2026-04-20 11:24:00,1.4145,1.4172,1.4145,1.4165,40715.344805
2026-04-20 11:27:00,1.4166,1.4172,1.4155,1.4168,88766.04838
2026-04-20 11:30:00,1.4168,1.4175,1.414,1.4154,84160.911884
2026-04-20 11:33:00,1.4154,1.4187,1.4153,1.4173,58337.623243
2026-04-20 11:36:00,1.4173,1.4173,1.4157,1.4168,34510.226351
2026-04-20 11:39:00,1.4167,1.4174,1.4155,1.416,30566.50358
2026-04-20 11:42:00,1.4159,1.4165,1.4151,1.4154,20046.133863
2026-04-20 11:45:00,1.4154,1.4169,1.4151,1.416,47383.446776
2026-04-20 11:48:00,1.4158,1.4164,1.4152,1.4161,19552.267225
2026-04-20 11:51:00,1.4159,1.4159,1.4143,1.4154,14298.455728
2026-04-20 11:54:00,1.4155,1.4166,1.4155,1.4158,11874.979166
2026-04-20 11:57:00,1.4155,1.4155,1.4146,1.4155,20812.069817
2026-04-20 12:00:00,1.4154,1.4154,1.4131,1.4144,21792.946281
2026-04-20 12:03:00,1.4142,1.4166,1.4132,1.4166,30561.459032
2026-04-20 12:06:00,1.4169,1.4187,1.4164,1.4166,36926.379126
2026-04-20 12:09:00,1.417,1.4188,1.417,1.4174,34773.558707
2026-04-20 12:12:00,1.4173,1.4195,1.4173,1.4182,21612.033575
2026-04-20 12:15:00,1.4182,1.4203,1.4171,1.42,27159.636545
2026-04-20 12:18:00,1.4199,1.4239,1.4196,1.4229,70140.490913
2026-04-20 12:21:00,1.4227,1.4231,1.4198,1.4201,57391.211595
2026-04-20 12:24:00,1.4202,1.4219,1.4195,1.4197,42379.337982
2026-04-20 12:27:00,1.4195,1.4202,1.4187,1.4187,26054.679506
2026-04-20 12:30:00,1.4192,1.4203,1.4189,1.4195,8035.083039
2026-04-20 12:33:00,1.4195,1.4205,1.4185,1.4204,14055.341878
2026-04-20 12:36:00,1.4204,1.4214,1.4177,1.4177,47064.047108
2026-04-20 12:39:00,1.4178,1.4203,1.4172,1.4192,38794.116622
2026-04-20 12:42:00,1.4191,1.4208,1.4186,1.4202,25406.105388
2026-04-20 12:45:00,1.4203,1.4218,1.4202,1.4207,30531.049847
2026-04-20 12:48:00,1.4208,1.4239,1.4208,1.4229,34769.503239
2026-04-20 12:51:00,1.4228,1.4228,1.4212,1.4218,33203.771346
2026-04-20 12:54:00,1.4217,1.4226,1.4204,1.4204,19078.569577
2026-04-20 12:57:00,1.4208,1.4224,1.4208,1.4224,18501.60376
2026-04-20 13:00:00,1.4223,1.4228,1.4204,1.4204,22487.191539
2026-04-20 13:03:00,1.4203,1.4219,1.4194,1.4219,24667.054182
2026-04-20 13:06:00,1.422,1.4259,1.4209,1.4242,109782.727865
2026-04-20 13:09:00,1.4241,1.4265,1.4235,1.425,46992.223622
2026-04-20 13:12:00,1.425,1.4256,1.4238,1.4248,30562.118895
2026-04-20 13:15:00,1.4251,1.4258,1.4223,1.4224,35441.825077
2026-04-20 13:18:00,1.4224,1.4224,1.4209,1.4215,17627.627211
2026-04-20 13:21:00,1.4214,1.423,1.4204,1.4227,23394.41144
2026-04-20 13:24:00,1.4226,1.4229,1.4205,1.4219,58023.022187
2026-04-20 13:27:00,1.4219,1.4246,1.4212,1.4245,31203.913345
2026-04-20 13:30:00,1.4248,1.4259,1.4179,1.4217,197780.003544
2026-04-20 13:33:00,1.422,1.4245,1.4212,1.4235,72151.226209
2026-04-20 13:36:00,1.4235,1.4249,1.4214,1.4218,34616.45081
2026-04-20 13:39:00,1.4217,1.4228,1.4201,1.4228,40108.705001
2026-04-20 13:42:00,1.4222,1.4237,1.4204,1.4231,51813.695054
2026-04-20 13:45:00,1.4228,1.4247,1.4221,1.4223,60230.284348
2026-04-20 13:48:00,1.4223,1.4223,1.4192,1.4198,71273.1196
2026-04-20 13:51:00,1.42,1.4208,1.4189,1.4208,47959.986352
2026-04-20 13:54:00,1.4209,1.4257,1.4209,1.4256,90373.792184
2026-04-20 13:57:00,1.4257,1.4276,1.4245,1.4249,67422.707045
2026-04-20 14:00:00,1.4247,1.4248,1.4217,1.4225,66769.106499
2026-04-20 14:03:00,1.4225,1.424,1.4215,1.4235,45067.503551
2026-04-20 14:06:00,1.4235,1.4249,1.4205,1.4209,68003.02686
2026-04-20 14:09:00,1.4207,1.4239,1.4205,1.421,57739.80952
2026-04-20 14:12:00,1.421,1.4224,1.4201,1.4218,37369.255694
2026-04-20 14:15:00,1.4215,1.4246,1.421,1.4229,43520.895981
2026-04-20 14:18:00,1.4231,1.4308,1.4231,1.4292,472266.065884
2026-04-20 14:21:00,1.4293,1.4308,1.4289,1.4296,95015.152207
2026-04-20 14:24:00,1.4297,1.4317,1.4287,1.4297,40644.469292
2026-04-20 14:27:00,1.4298,1.4299,1.4259,1.4277,61715.512269
2026-04-20 14:30:00,1.4278,1.4311,1.4277,1.4306,43885.781921
2026-04-20 14:33:00,1.4305,1.4316,1.4277,1.4277,30790.643045
2026-04-20 14:36:00,1.4278,1.4298,1.4278,1.4291,27411.378052
2026-04-20 14:39:00,1.4289,1.4289,1.4229,1.4234,41391.419161
2026-04-20 14:42:00,1.4236,1.426,1.4233,1.4259,21373.559876
2026-04-20 14:45:00,1.4257,1.427,1.4217,1.4237,302069.203616
2026-04-20 14:48:00,1.4237,1.4263,1.4225,1.4253,30776.91801
2026-04-20 14:51:00,1.4253,1.4253,1.4174,1.4188,197540.534789
2026-04-20 14:54:00,1.4187,1.4187,1.4144,1.4144,91080.936144
2026-04-20 14:57:00,1.4147,1.4166,1.4145,1.4166,51060.567317
2026-04-20 15:00:00,1.4168,1.418,1.4149,1.4159,86037.085294
2026-04-20 15:03:00,1.4158,1.416,1.4115,1.413,55250.911542
2026-04-20 15:06:00,1.4127,1.4131,1.4089,1.4122,81598.020351
2026-04-20 15:09:00,1.4122,1.4164,1.411,1.4155,27249.752683
2026-04-20 15:12:00,1.4155,1.4156,1.4118,1.4147,42589.105342
2026-04-20 15:15:00,1.4144,1.4173,1.4139,1.4164,35605.006744
2026-04-20 15:18:00,1.4165,1.4209,1.4163,1.4194,152350.580429
2026-04-20 15:21:00,1.4194,1.4299,1.4194,1.428,104886.907062
2026-04-20 15:24:00,1.428,1.433,1.428,1.4305,91615.284662
2026-04-20 15:27:00,1.4306,1.4348,1.4301,1.4347,73940.554679
2026-04-20 15:30:00,1.4346,1.4346,1.4288,1.4295,61887.827796
2026-04-20 15:33:00,1.4294,1.4322,1.4292,1.4321,37720.352199
2026-04-20 15:36:00,1.4319,1.4333,1.4301,1.4321,15172.779386
2026-04-20 15:39:00,1.4319,1.4331,1.4307,1.4318,9078.036337
2026-04-20 15:42:00,1.4313,1.4324,1.4306,1.4306,13111.178011
2026-04-20 15:45:00,1.4308,1.4335,1.43,1.4331,33612.289019
2026-04-20 15:48:00,1.4324,1.4337,1.4305,1.4314,19857.9127
2026-04-20 15:51:00,1.4314,1.4326,1.4307,1.4308,26851.163163
2026-04-20 15:54:00,1.4309,1.4324,1.4302,1.4303,13783.36026
2026-04-20 15:57:00,1.4303,1.4333,1.4298,1.4328,23397.774156
2026-04-20 16:00:00,1.433,1.4337,1.4309,1.4325,42395.770451
2026-04-20 16:03:00,1.4322,1.4322,1.4281,1.4292,57574.955666
2026-04-20 16:06:00,1.4291,1.4294,1.4258,1.426,27885.239274
2026-04-20 16:09:00,1.4262,1.4294,1.4262,1.4289,39580.358099
2026-04-20 16:12:00,1.4288,1.4288,1.4268,1.4278,81899.487672
2026-04-20 16:15:00,1.4278,1.4278,1.425,1.4268,190179.978991
2026-04-20 16:18:00,1.4268,1.4302,1.4268,1.429,109380.607261
2026-04-20 16:21:00,1.4289,1.4304,1.427,1.4285,110378.043579
2026-04-20 16:24:00,1.4284,1.4288,1.4255,1.4258,110854.019858
2026-04-20 16:27:00,1.4259,1.4264,1.4248,1.4261,58926.650147
2026-04-20 16:30:00,1.4262,1.4266,1.4244,1.4263,24102.930534
2026-04-20 16:33:00,1.4264,1.4274,1.4225,1.4227,45702.713278
2026-04-20 16:36:00,1.4227,1.4245,1.4227,1.424,12279.060761
2026-04-20 16:39:00,1.424,1.4279,1.4238,1.4269,28851.109798
2026-04-20 16:42:00,1.427,1.4272,1.4258,1.4263,24122.289102
2026-04-20 16:45:00,1.4265,1.4278,1.4259,1.4264,13212.524676
2026-04-20 16:48:00,1.4264,1.4265,1.4228,1.4232,28540.487328
2026-04-20 16:51:00,1.4233,1.4242,1.4229,1.423,21104.771346
2026-04-20 16:54:00,1.423,1.4244,1.4227,1.4243,26041.356753
2026-04-20 16:57:00,1.4238,1.4238,1.4227,1.4236,8813.430338
2026-04-20 17:00:00,1.4235,1.4266,1.4228,1.4254,86979.772061
2026-04-20 17:03:00,1.4252,1.426,1.4244,1.4248,25187.985002
2026-04-20 17:06:00,1.4251,1.4275,1.4247,1.4267,29760.536854
2026-04-20 17:09:00,1.4272,1.4292,1.4268,1.429,33636.679211
2026-04-20 17:12:00,1.4291,1.4303,1.4287,1.4293,12790.081233
2026-04-20 17:15:00,1.4291,1.4309,1.4282,1.4308,5759.658065
2026-04-20 17:18:00,1.4308,1.4332,1.4299,1.4299,24560.612847
2026-04-20 17:21:00,1.43,1.4312,1.43,1.4309,27951.768121
2026-04-20 17:24:00,1.4306,1.4306,1.4294,1.4294,8474.313036
2026-04-20 17:27:00,1.4295,1.4297,1.4284,1.4293,11911.347408
2026-04-20 17:30:00,1.4292,1.4292,1.4253,1.4254,25265.48071
2026-04-20 17:33:00,1.4255,1.426,1.4246,1.4256,9045.342033
2026-04-20 17:36:00,1.4254,1.4254,1.4238,1.4252,11421.822809
2026-04-20 17:39:00,1.4256,1.4269,1.4249,1.425,11948.232327
2026-04-20 17:42:00,1.4247,1.4259,1.4244,1.4244,14182.630099
2026-04-20 17:45:00,1.4245,1.425,1.4239,1.4246,11112.764519
2026-04-20 17:48:00,1.4243,1.4299,1.4243,1.4288,36345.889735
2026-04-20 17:51:00,1.4288,1.4288,1.4258,1.4258,11173.293685
2026-04-20 17:54:00,1.4261,1.4265,1.4255,1.4263,28231.032637
2026-04-20 17:57:00,1.4263,1.4278,1.4259,1.4274,17650.676301
2026-04-20 18:00:00,1.4275,1.4306,1.4275,1.4302,65709.371163
2026-04-20 18:03:00,1.4302,1.4325,1.4292,1.4319,119573.264425
2026-04-20 18:06:00,1.4319,1.4327,1.4309,1.4319,58115.114074
2026-04-20 18:09:00,1.4314,1.4336,1.4314,1.4323,86338.283368
2026-04-20 18:12:00,1.4323,1.4328,1.4317,1.4326,9527.698803
2026-04-20 18:15:00,1.4326,1.4331,1.4315,1.4324,20670.157426
2026-04-20 18:18:00,1.4324,1.4337,1.4318,1.4323,42125.085672
2026-04-20 18:21:00,1.4323,1.437,1.4321,1.4366,177424.467265
2026-04-20 18:24:00,1.4367,1.4367,1.4304,1.4312,119968.558778
2026-04-20 18:27:00,1.4312,1.4328,1.4308,1.4312,86240.296636
2026-04-20 18:30:00,1.4314,1.4315,1.4294,1.4295,30977.39242
2026-04-20 18:33:00,1.4296,1.4315,1.4296,1.4308,77692.893542
2026-04-20 18:36:00,1.4309,1.4321,1.4283,1.4283,45429.797061
2026-04-20 18:39:00,1.4282,1.4323,1.4276,1.431,109958.102006
2026-04-20 18:42:00,1.431,1.4322,1.4307,1.4308,126048.103724
2026-04-20 18:45:00,1.4307,1.4307,1.429,1.4292,31510.498141
2026-04-20 18:48:00,1.429,1.4324,1.4281,1.4319,70741.298922
2026-04-20 18:51:00,1.4318,1.4332,1.4311,1.433,48152.314879
2026-04-20 18:54:00,1.433,1.4342,1.4313,1.4324,113362.464015
2026-04-20 18:57:00,1.4325,1.4327,1.4318,1.4323,28010.614333
2026-04-20 19:00:00,1.4325,1.4336,1.4315,1.4321,48198.883821
2026-04-20 19:03:00,1.432,1.4332,1.4307,1.4324,62065.116234
2026-04-20 19:06:00,1.4326,1.4338,1.4326,1.4332,54138.19896
2026-04-20 19:09:00,1.4333,1.4333,1.4309,1.4323,37281.016431
2026-04-20 19:12:00,1.4324,1.433,1.4309,1.4316,75053.010456
2026-04-20 19:15:00,1.4314,1.4314,1.429,1.43,29813.584521
2026-04-20 19:18:00,1.4292,1.4295,1.4282,1.4284,26127.71321
2026-04-20 19:21:00,1.4284,1.4291,1.4278,1.4278,35316.354421
2026-04-20 19:24:00,1.4279,1.4287,1.4278,1.4286,27318.319023
2026-04-20 19:27:00,1.4288,1.4295,1.4281,1.4295,14278.968315
2026-04-20 19:30:00,1.4295,1.4309,1.4291,1.4302,32371.576663
2026-04-20 19:33:00,1.4301,1.4314,1.4298,1.4314,37515.363685
2026-04-20 19:36:00,1.4316,1.4319,1.4305,1.4306,17273.229763
2026-04-20 19:39:00,1.4305,1.4306,1.4298,1.43,9786.663181
2026-04-20 19:42:00,1.4301,1.4302,1.4295,1.4296,19808.058692
2026-04-20 19:45:00,1.4292,1.4299,1.4288,1.4294,23152.453578
2026-04-20 19:48:00,1.4295,1.4301,1.4295,1.4301,22070.296771
2026-04-20 19:51:00,1.43,1.4312,1.43,1.4309,22875.783243
2026-04-20 19:54:00,1.431,1.4315,1.4299,1.4315,19250.632699
2026-04-20 19:57:00,1.4316,1.4321,1.43,1.4302,191686.99767
2026-04-20 20:00:00,1.4304,1.4304,1.4259,1.4271,38969.554061
2026-04-20 20:03:00,1.4272,1.4283,1.4253,1.4253,22797.889859
2026-04-20 20:06:00,1.4252,1.4276,1.4251,1.4267,41926.93177
2026-04-20 20:09:00,1.4267,1.4268,1.4257,1.4268,26997.056196
2026-04-20 20:12:00,1.4268,1.4276,1.4268,1.4272,9956.529086
2026-04-20 20:15:00,1.4267,1.4285,1.4265,1.4284,40154.290413
2026-04-20 20:18:00,1.4285,1.4302,1.4285,1.4301,14451.962457
2026-04-20 20:21:00,1.4303,1.4327,1.4303,1.4316,35143.895176
2026-04-20 20:24:00,1.4315,1.4318,1.4305,1.4308,41350.820165
2026-04-20 20:27:00,1.4309,1.4317,1.4291,1.4298,19581.132849
2026-04-20 20:30:00,1.4297,1.4299,1.4291,1.4299,14303.744468
2026-04-20 20:33:00,1.4299,1.4311,1.4299,1.431,10068.924312
2026-04-20 20:36:00,1.431,1.4319,1.4307,1.4314,19076.340568
2026-04-20 20:39:00,1.4311,1.4311,1.4298,1.4299,3637.27986
2026-04-20 20:42:00,1.43,1.4311,1.4295,1.4307,30252.310141
2026-04-20 20:45:00,1.4305,1.4323,1.4303,1.4315,34780.630192
2026-04-20 20:48:00,1.4317,1.4335,1.4311,1.4332,69546.852376
2026-04-20 20:51:00,1.4326,1.4326,1.4318,1.4322,21141.744278
2026-04-20 20:54:00,1.432,1.432,1.4313,1.4318,17211.572188
2026-04-20 20:57:00,1.4318,1.4323,1.4318,1.4318,18258.723262
2026-04-20 21:00:00,1.4317,1.4325,1.4306,1.4325,25912.773442
2026-04-20 21:03:00,1.4326,1.4326,1.4306,1.4321,48036.56349
2026-04-20 21:06:00,1.432,1.4328,1.429,1.429,56929.600707
2026-04-20 21:09:00,1.429,1.429,1.4255,1.4256,44546.354293
2026-04-20 21:12:00,1.426,1.4279,1.4252,1.4273,44665.83631
2026-04-20 21:15:00,1.4273,1.4281,1.4271,1.4271,7419.464898
2026-04-20 21:18:00,1.4271,1.4272,1.4244,1.4269,46533.401665
2026-04-20 21:21:00,1.4271,1.4282,1.4271,1.4275,33961.358942
2026-04-20 21:24:00,1.4275,1.428,1.4268,1.427,32273.212708
2026-04-20 21:27:00,1.427,1.428,1.427,1.428,14312.570795
2026-04-20 21:30:00,1.4278,1.4278,1.426,1.4269,13596.223682
2026-04-20 21:33:00,1.4269,1.4287,1.4269,1.4278,9327.738562
2026-04-20 21:36:00,1.428,1.4291,1.4278,1.4281,8549.958137
2026-04-20 21:39:00,1.4278,1.4283,1.4274,1.4275,19994.266469
2026-04-20 21:42:00,1.4277,1.4286,1.4277,1.4279,9252.067623
2026-04-20 21:45:00,1.4278,1.4285,1.4278,1.4281,6594.585397
2026-04-20 21:48:00,1.428,1.4298,1.428,1.4291,15660.450987
2026-04-20 21:51:00,1.4292,1.4299,1.4292,1.4299,23889.099053
2026-04-20 21:54:00,1.4299,1.431,1.4289,1.4303,38075.886871
2026-04-20 21:57:00,1.4308,1.4309,1.4297,1.4299,6829.916246
2026-04-20 22:00:00,1.4298,1.4311,1.4295,1.4298,30873.687988
2026-04-20 22:03:00,1.4298,1.4314,1.4298,1.4314,24608.041093
2026-04-20 22:06:00,1.4314,1.4318,1.43,1.4303,18045.573699
2026-04-20 22:09:00,1.43,1.4306,1.4299,1.4302,10526.413589
2026-04-20 22:12:00,1.4301,1.4304,1.4295,1.4299,5398.12928
2026-04-20 22:15:00,1.43,1.4308,1.4289,1.4289,5870.85097
2026-04-20 22:18:00,1.4287,1.4287,1.4271,1.4273,14126.050949
2026-04-20 22:21:00,1.4276,1.4279,1.4264,1.4272,12572.675178
2026-04-20 22:24:00,1.4273,1.4282,1.4271,1.4271,16949.166888
2026-04-20 22:27:00,1.4272,1.4278,1.4271,1.4276,3831.149383
2026-04-20 22:30:00,1.428,1.4287,1.4278,1.4287,8390.53164
2026-04-20 22:33:00,1.4287,1.4299,1.4287,1.4297,10779.800423
2026-04-20 22:36:00,1.4294,1.4294,1.4277,1.4278,10548.006347
2026-04-20 22:39:00,1.4278,1.4289,1.427,1.427,35449.192366
2026-04-20 22:42:00,1.427,1.4275,1.4261,1.4273,7677.299313
2026-04-20 22:45:00,1.427,1.427,1.4256,1.4257,5232.942355
2026-04-20 22:48:00,1.4257,1.4257,1.4251,1.4256,11156.800917
2026-04-20 22:51:00,1.4258,1.4262,1.4251,1.4255,10586.852957
2026-04-20 22:54:00,1.4254,1.4258,1.4251,1.4254,14068.323821
2026-04-20 22:57:00,1.4254,1.426,1.4254,1.426,10989.165103
2026-04-20 23:00:00,1.4259,1.4259,1.4214,1.4222,55693.288565
2026-04-20 23:03:00,1.4217,1.4237,1.4217,1.4224,42204.348674
2026-04-20 23:06:00,1.422,1.4227,1.422,1.4226,6954.298864
2026-04-20 23:09:00,1.4225,1.4234,1.4223,1.4229,19897.046409
2026-04-20 23:12:00,1.4229,1.4235,1.4224,1.4225,19759.737667
2026-04-20 23:15:00,1.4222,1.4228,1.4217,1.4226,6270.706658
2026-04-20 23:18:00,1.4226,1.4235,1.422,1.4235,19807.835963
2026-04-20 23:21:00,1.4236,1.4246,1.4236,1.4238,7663.194671
2026-04-20 23:24:00,1.4239,1.4242,1.4238,1.4241,9323.670597
2026-04-20 23:27:00,1.4237,1.4237,1.4218,1.4225,42607.165263
2026-04-20 23:30:00,1.4226,1.423,1.4216,1.4228,18985.377553
2026-04-20 23:33:00,1.4228,1.4235,1.4228,1.4234,14050.07411
2026-04-20 23:36:00,1.4234,1.4244,1.4231,1.4243,9923.104367
2026-04-20 23:39:00,1.4243,1.4246,1.4238,1.4241,10183.80199
2026-04-20 23:42:00,1.4241,1.4241,1.4232,1.4233,6823.580563
2026-04-20 23:45:00,1.4234,1.4242,1.4226,1.4228,22794.070308
2026-04-20 23:48:00,1.4228,1.4243,1.4227,1.4236,29889.466489
2026-04-20 23:51:00,1.4236,1.4242,1.4235,1.4237,2616.909758
2026-04-20 23:54:00,1.4237,1.4245,1.4236,1.4245,13510.016149
2026-04-20 23:57:00,1.4244,1.4248,1.4242,1.4243,8865.67015
2026-04-21 00:00:00,1.4243,1.4276,1.4242,1.4273,43539.316644
2026-04-21 00:03:00,1.4271,1.4275,1.4263,1.4271,13095.446714
2026-04-21 00:06:00,1.4269,1.4269,1.4253,1.4264,73587.170555
2026-04-21 00:09:00,1.4264,1.4267,1.4255,1.4266,15498.736949
2026-04-21 00:12:00,1.4267,1.4277,1.426,1.4271,16301.043705
2026-04-21 00:15:00,1.4271,1.428,1.4266,1.427,22024.952876
2026-04-21 00:18:00,1.4272,1.4272,1.4257,1.4257,5654.501789
2026-04-21 00:21:00,1.4256,1.4265,1.4252,1.4265,10828.866676
2026-04-21 00:24:00,1.4265,1.4267,1.4248,1.425,15128.923438
2026-04-21 00:27:00,1.4251,1.4265,1.4251,1.4262,7570.75321
2026-04-21 00:30:00,1.4263,1.4273,1.4252,1.4258,14417.103911
2026-04-21 00:33:00,1.4258,1.4276,1.4256,1.4271,18079.749124
2026-04-21 00:36:00,1.4269,1.427,1.4259,1.426,11577.420579
2026-04-21 00:39:00,1.4261,1.4271,1.4259,1.4267,14070.796564
2026-04-21 00:42:00,1.4264,1.4265,1.4255,1.4255,7452.74557
2026-04-21 00:45:00,1.4255,1.4295,1.4255,1.4284,95685.181201
2026-04-21 00:48:00,1.4286,1.4288,1.4269,1.4269,11874.79863
2026-04-21 00:51:00,1.4269,1.4269,1.4253,1.4261,8296.860457
2026-04-21 00:54:00,1.4259,1.4272,1.4255,1.4271,7090.569709
2026-04-21 00:57:00,1.4271,1.4276,1.4267,1.4276,9279.454166
2026-04-21 01:00:00,1.4276,1.428,1.4267,1.4268,6035.902932
2026-04-21 01:03:00,1.4269,1.4282,1.4267,1.428,21428.911637
2026-04-21 01:06:00,1.4282,1.4318,1.4282,1.4303,63301.2263
2026-04-21 01:09:00,1.4302,1.4303,1.4293,1.4293,11128.086016
2026-04-21 01:12:00,1.4293,1.4307,1.4291,1.4302,17783.946249
2026-04-21 01:15:00,1.4301,1.4307,1.4297,1.4305,21026.672556
2026-04-21 01:18:00,1.4304,1.4309,1.4302,1.4306,1924.044944
2026-04-21 01:21:00,1.4304,1.4307,1.4296,1.4302,12496.81075
2026-04-21 01:24:00,1.4302,1.4308,1.4299,1.4304,15933.123065
2026-04-21 01:27:00,1.4304,1.4307,1.4293,1.4299,20125.030022
2026-04-21 01:30:00,1.4298,1.4311,1.4295,1.4295,24656.601667
2026-04-21 01:33:00,1.4296,1.4296,1.4287,1.4291,87277.420351
2026-04-21 01:36:00,1.4291,1.4291,1.4278,1.4285,20550.472777
2026-04-21 01:39:00,1.4285,1.43,1.4278,1.4293,229631.986896
2026-04-21 01:42:00,1.4293,1.4306,1.429,1.429,52664.602732
2026-04-21 01:45:00,1.4291,1.4292,1.4278,1.4285,12495.244809
2026-04-21 01:48:00,1.4287,1.429,1.4281,1.4288,13503.99737
2026-04-21 01:51:00,1.4282,1.4282,1.4255,1.4256,35936.822431
2026-04-21 01:54:00,1.4256,1.4259,1.4252,1.4255,5062.604062
2026-04-21 01:57:00,1.4255,1.4257,1.4251,1.4256,3211.551968
2026-04-21 02:00:00,1.4257,1.4265,1.4238,1.4239,13266.514854
2026-04-21 02:03:00,1.4237,1.4248,1.4236,1.4247,7246.364067
2026-04-21 02:06:00,1.4245,1.4251,1.4242,1.4243,14573.516438
2026-04-21 02:09:00,1.4246,1.4252,1.4245,1.425,21419.170016
2026-04-21 02:12:00,1.425,1.425,1.4238,1.4243,10552.064936
2026-04-21 02:15:00,1.4242,1.4246,1.4239,1.4242,6834.780478
2026-04-21 02:18:00,1.4249,1.4259,1.4238,1.4241,53554.822627
2026-04-21 02:21:00,1.4241,1.4251,1.4241,1.4244,16640.347595
2026-04-21 02:24:00,1.4245,1.4255,1.4239,1.4255,31360.954009
2026-04-21 02:27:00,1.4256,1.4266,1.4245,1.4245,8074.28761
2026-04-21 02:30:00,1.4246,1.4252,1.4246,1.4247,5049.967856
2026-04-21 02:33:00,1.4246,1.425,1.4246,1.4248,5275.569391
2026-04-21 02:36:00,1.4246,1.4254,1.4244,1.4245,20571.174434
2026-04-21 02:39:00,1.4246,1.4246,1.4235,1.4242,22703.387107
2026-04-21 02:42:00,1.4242,1.4242,1.4227,1.423,17200.945772
2026-04-21 02:45:00,1.423,1.4238,1.4225,1.4238,12218.601722
2026-04-21 02:48:00,1.4236,1.4236,1.4224,1.4233,9292.30234
2026-04-21 02:51:00,1.4234,1.4235,1.4226,1.4226,3371.286947
2026-04-21 02:54:00,1.4226,1.4232,1.4223,1.4224,37232.190646
2026-04-21 02:57:00,1.4224,1.4227,1.422,1.422,12262.839847
2026-04-21 03:00:00,1.4219,1.422,1.4201,1.4214,60561.334864
2026-04-21 03:03:00,1.4213,1.4226,1.4211,1.4217,16406.266855
2026-04-21 03:06:00,1.4216,1.4225,1.4216,1.4216,9872.692692
2026-04-21 03:09:00,1.4217,1.4219,1.4209,1.4219,8702.801184
2026-04-21 03:12:00,1.4218,1.4218,1.4208,1.421,7568.87941
2026-04-21 03:15:00,1.4211,1.4218,1.4209,1.4215,5900.920495
2026-04-21 03:18:00,1.4215,1.4216,1.4191,1.4203,64714.816474
2026-04-21 03:21:00,1.4203,1.4217,1.4199,1.4217,14497.046362
2026-04-21 03:24:00,1.4217,1.4222,1.4208,1.4222,15813.163569
2026-04-21 03:27:00,1.4223,1.4234,1.4223,1.4226,62088.009258
2026-04-21 03:30:00,1.4225,1.4245,1.4222,1.4241,19829.963684
2026-04-21 03:33:00,1.4242,1.4243,1.4234,1.4234,3952.478755
2026-04-21 03:36:00,1.4235,1.4236,1.4218,1.4222,14512.734883
2026-04-21 03:39:00,1.4221,1.4225,1.4218,1.4221,7936.119451
2026-04-21 03:42:00,1.4221,1.4234,1.4221,1.423,8704.719654
2026-04-21 03:45:00,1.423,1.4236,1.423,1.4236,2534.081968
2026-04-21 03:48:00,1.4236,1.4245,1.4233,1.4245,8295.816059
2026-04-21 03:51:00,1.4246,1.4256,1.4243,1.4243,9983.26128
2026-04-21 03:54:00,1.4243,1.4244,1.4238,1.4242,4960.143775
2026-04-21 03:57:00,1.4242,1.4244,1.424,1.424,30972.181421
2026-04-21 04:00:00,1.4238,1.4253,1.4238,1.4252,23389.496372
2026-04-21 04:03:00,1.4251,1.4258,1.4249,1.4255,8763.160535
2026-04-21 04:06:00,1.4253,1.4269,1.425,1.4263,44147.895175
2026-04-21 04:09:00,1.4263,1.4267,1.426,1.4266,32899.910179
2026-04-21 04:12:00,1.4267,1.4267,1.4244,1.4244,18748.481526
2026-04-21 04:15:00,1.4243,1.4256,1.4243,1.4256,9615.052586
2026-04-21 04:18:00,1.4255,1.4255,1.4244,1.4251,10203.979941
2026-04-21 04:21:00,1.425,1.425,1.4239,1.4247,6996.224842
2026-04-21 04:24:00,1.4247,1.4252,1.4245,1.4248,4887.784864
2026-04-21 04:27:00,1.4246,1.4263,1.4246,1.425,16279.409658
2026-04-21 04:30:00,1.4249,1.4262,1.4249,1.4254,7705.558074
2026-04-21 04:33:00,1.4257,1.4262,1.4249,1.4262,6693.61194
2026-04-21 04:36:00,1.4263,1.4265,1.4257,1.426,16805.583553
2026-04-21 04:39:00,1.4257,1.4257,1.4247,1.4252,10287.57829
2026-04-21 04:42:00,1.4254,1.4268,1.4249,1.4268,16818.442117
2026-04-21 04:45:00,1.427,1.427,1.4257,1.4263,6839.407546
2026-04-21 04:48:00,1.4263,1.4267,1.4262,1.4266,10358.313298
2026-04-21 04:51:00,1.4269,1.4286,1.4269,1.4277,7371.201582
2026-04-21 04:54:00,1.4276,1.4279,1.4273,1.4278,8809.401982
2026-04-21 04:57:00,1.4276,1.4284,1.4276,1.4282,14520.010248
2026-04-21 05:00:00,1.4282,1.4292,1.4281,1.4283,9602.76241
2026-04-21 05:03:00,1.4285,1.4292,1.4283,1.429,3404.14758
2026-04-21 05:06:00,1.4288,1.4315,1.4288,1.4315,9416.429645
2026-04-21 05:09:00,1.4315,1.4334,1.431,1.4315,44425.863854
2026-04-21 05:12:00,1.4316,1.4319,1.4304,1.4304,4486.874134
2026-04-21 05:15:00,1.4302,1.4302,1.4292,1.4293,23914.879335
2026-04-21 05:18:00,1.4292,1.4305,1.429,1.4305,7982.972487
2026-04-21 05:21:00,1.4308,1.4308,1.4296,1.4304,3491.396059
2026-04-21 05:24:00,1.4305,1.4313,1.43,1.4313,10024.953878
2026-04-21 05:27:00,1.4313,1.4316,1.4294,1.4314,52108.723495
2026-04-21 05:30:00,1.4313,1.4318,1.4308,1.4309,18671.79982
2026-04-21 05:33:00,1.4309,1.4317,1.4305,1.4317,19997.391334
2026-04-21 05:36:00,1.4316,1.4323,1.4312,1.4312,5582.598736
2026-04-21 05:39:00,1.4312,1.4317,1.4309,1.4317,10249.363553
2026-04-21 05:42:00,1.4315,1.4319,1.431,1.431,2658.650281
2026-04-21 05:45:00,1.4309,1.4315,1.4301,1.4308,34416.405238
2026-04-21 05:48:00,1.4309,1.4309,1.4299,1.43,4382.068354
2026-04-21 05:51:00,1.43,1.4309,1.4299,1.4308,8800.12647
2026-04-21 05:54:00,1.4309,1.4314,1.4308,1.4312,3807.159325
2026-04-21 05:57:00,1.4312,1.4321,1.4312,1.4315,6693.15878
2026-04-21 06:00:00,1.4317,1.4325,1.4302,1.4302,18128.302847
2026-04-21 06:03:00,1.4301,1.4307,1.4297,1.4302,24391.044407
2026-04-21 06:06:00,1.4304,1.4304,1.4292,1.4298,15634.139015
2026-04-21 06:09:00,1.4299,1.4307,1.4299,1.4306,6899.317755
2026-04-21 06:12:00,1.4306,1.4306,1.4291,1.4295,20241.163674
2026-04-21 06:15:00,1.4294,1.4294,1.4288,1.4291,8473.094832
2026-04-21 06:18:00,1.4293,1.4294,1.4283,1.4283,6430.82402
2026-04-21 06:21:00,1.4284,1.4298,1.4284,1.4289,16838.512051
2026-04-21 06:24:00,1.429,1.4293,1.4289,1.4289,3131.348929
2026-04-21 06:27:00,1.4292,1.4302,1.4292,1.4297,7501.03377
2026-04-21 06:30:00,1.4298,1.4349,1.4298,1.4343,39322.549006
2026-04-21 06:33:00,1.4343,1.4404,1.4341,1.4398,141423.950811
2026-04-21 06:36:00,1.44,1.4411,1.439,1.4392,59398.12804
2026-04-21 06:39:00,1.4393,1.4408,1.4388,1.4389,36761.816957
2026-04-21 06:42:00,1.4389,1.4389,1.4375,1.4376,17967.686029
2026-04-21 06:45:00,1.4377,1.4387,1.4371,1.4378,41497.07613
2026-04-21 06:48:00,1.4379,1.4388,1.4372,1.4387,33748.121676
2026-04-21 06:51:00,1.4387,1.4387,1.4376,1.4377,18974.845366
2026-04-21 06:54:00,1.4377,1.4387,1.4373,1.4386,19624.821134
2026-04-21 06:57:00,1.4385,1.4389,1.4372,1.4372,7842.352958
2026-04-21 07:00:00,1.4372,1.4373,1.4325,1.4329,53598.043511
2026-04-21 07:03:00,1.433,1.4349,1.433,1.4349,38119.483876
2026-04-21 07:06:00,1.4349,1.4359,1.4346,1.4355,7446.392558
2026-04-21 07:09:00,1.4355,1.4364,1.4344,1.4355,95218.510293
2026-04-21 07:12:00,1.4352,1.4356,1.4344,1.4352,18802.648547
2026-04-21 07:15:00,1.4354,1.4357,1.4337,1.4347,23752.78636
2026-04-21 07:18:00,1.4347,1.4358,1.4343,1.4357,10966.077292
2026-04-21 07:21:00,1.4357,1.4367,1.4351,1.436,11847.621649
2026-04-21 07:24:00,1.436,1.4411,1.436,1.4396,16207.869061
2026-04-21 07:27:00,1.4397,1.4399,1.4391,1.4398,12539.097043
2026-04-21 07:30:00,1.4398,1.4404,1.4367,1.4367,26526.022006
2026-04-21 07:33:00,1.4366,1.4379,1.4356,1.4374,25250.464529
2026-04-21 07:36:00,1.4378,1.4401,1.4378,1.4396,7653.528638
2026-04-21 07:39:00,1.4394,1.4424,1.439,1.4417,23835.821951
2026-04-21 07:42:00,1.4416,1.4418,1.4408,1.441,13703.442922
2026-04-21 07:45:00,1.4409,1.4409,1.439,1.4397,8900.195572
2026-04-21 07:48:00,1.4396,1.4421,1.4396,1.4414,11520.511761
2026-04-21 07:51:00,1.4413,1.4413,1.44,1.4402,7342.359593
2026-04-21 07:54:00,1.4401,1.4407,1.4389,1.4404,17738.60043
2026-04-21 07:57:00,1.4405,1.4408,1.4394,1.4394,14283.026183
2026-04-21 08:00:00,1.4392,1.4406,1.4385,1.4389,31901.228084
2026-04-21 08:03:00,1.4387,1.4399,1.4379,1.4399,12796.910924
2026-04-21 08:06:00,1.4399,1.4405,1.4383,1.4404,27298.445407
2026-04-21 08:09:00,1.4404,1.4404,1.4379,1.438,4505.08289
2026-04-21 08:12:00,1.4377,1.4387,1.4376,1.4382,12848.834482
2026-04-21 08:15:00,1.4381,1.4392,1.4379,1.4388,9990.570502
2026-04-21 08:18:00,1.4388,1.4416,1.4385,1.4415,22573.807381
2026-04-21 08:21:00,1.4415,1.4423,1.4405,1.4422,16884.262067
2026-04-21 08:24:00,1.4422,1.4427,1.4409,1.4419,16057.081055
2026-04-21 08:27:00,1.442,1.4426,1.4415,1.4418,28214.283232
2026-04-21 08:30:00,1.4417,1.4426,1.4409,1.4409,18120.612919
2026-04-21 08:33:00,1.4409,1.4411,1.4396,1.4397,24219.801943
2026-04-21 08:36:00,1.4394,1.4404,1.4394,1.4402,7678.332947
2026-04-21 08:39:00,1.4401,1.4443,1.44,1.4434,17055.449259
2026-04-21 08:42:00,1.4437,1.445,1.4437,1.4438,25444.534313
2026-04-21 08:45:00,1.4437,1.4494,1.4435,1.4473,74214.705211
2026-04-21 08:48:00,1.4474,1.4488,1.4445,1.4455,91545.285378
2026-04-21 08:51:00,1.4456,1.4456,1.4439,1.4444,66807.375291
2026-04-21 08:54:00,1.4444,1.4447,1.4422,1.443,23387.702742
2026-04-21 08:57:00,1.4431,1.4435,1.4425,1.4426,8270.904434
2026-04-21 09:00:00,1.4427,1.4433,1.4394,1.4394,38858.878927
2026-04-21 09:03:00,1.4395,1.4406,1.4395,1.4397,12654.451008
2026-04-21 09:06:00,1.4399,1.4401,1.4394,1.4401,14275.158888
2026-04-21 09:09:00,1.4401,1.4401,1.4391,1.4398,9329.045576
2026-04-21 09:12:00,1.4397,1.4416,1.4397,1.4413,55331.24378
2026-04-21 09:15:00,1.4413,1.4431,1.4413,1.4427,50951.811075
2026-04-21 09:18:00,1.443,1.4448,1.443,1.444,32599.086312
2026-04-21 09:21:00,1.4441,1.4447,1.4432,1.4432,6608.436052
2026-04-21 09:24:00,1.4432,1.4443,1.441,1.4413,61377.764847
2026-04-21 09:27:00,1.4412,1.4412,1.4387,1.4387,22781.705186
2026-04-21 09:30:00,1.4387,1.439,1.4378,1.4386,9783.39919
2026-04-21 09:33:00,1.4385,1.4389,1.4379,1.4381,9760.440858
2026-04-21 09:36:00,1.4379,1.4389,1.4379,1.4388,13902.2903
2026-04-21 09:39:00,1.4387,1.4395,1.4385,1.4386,16024.22422
2026-04-21 09:42:00,1.4387,1.4401,1.438,1.4386,60187.055453
2026-04-21 09:45:00,1.439,1.4397,1.4389,1.4391,4773.248321
2026-04-21 09:48:00,1.4391,1.4406,1.4383,1.4403,17600.257772
2026-04-21 09:51:00,1.4401,1.4403,1.4394,1.4399,8765.308599
2026-04-21 09:54:00,1.4399,1.4412,1.4399,1.4404,10067.811196
2026-04-21 09:57:00,1.4403,1.4414,1.4402,1.4414,6460.209034
2026-04-21 10:00:00,1.4415,1.4428,1.4414,1.442,16848.154034
2026-04-21 10:03:00,1.442,1.4429,1.4415,1.4429,9688.760948
2026-04-21 10:06:00,1.4428,1.4428,1.4412,1.4415,9826.249173
2026-04-21 10:09:00,1.4414,1.4423,1.4409,1.4415,29200.017713
2026-04-21 10:12:00,1.4417,1.4417,1.441,1.4411,29099.768474
2026-04-21 10:15:00,1.4411,1.4411,1.4394,1.4409,19760.06981
2026-04-21 10:18:00,1.4411,1.4411,1.439,1.439,31565.410883
2026-04-21 10:21:00,1.439,1.4415,1.4383,1.4411,13061.067494
2026-04-21 10:24:00,1.4412,1.4413,1.4396,1.4396,11549.699147
2026-04-21 10:27:00,1.4396,1.4396,1.4393,1.4394,10485.944045
2026-04-21 10:30:00,1.4394,1.4402,1.4392,1.4394,13685.327343
2026-04-21 10:33:00,1.4395,1.4401,1.4395,1.4399,2594.253881
2026-04-21 10:36:00,1.4399,1.44,1.4391,1.4391,6679.798434
2026-04-21 10:39:00,1.4392,1.4401,1.4387,1.4392,15153.952366
2026-04-21 10:42:00,1.4391,1.4419,1.4386,1.4419,14354.518721
2026-04-21 10:45:00,1.4414,1.4436,1.4412,1.4433,28018.704378
2026-04-21 10:48:00,1.4433,1.4451,1.4429,1.4449,23999.648755
2026-04-21 10:51:00,1.4449,1.4465,1.4446,1.4459,31732.092164
2026-04-21 10:54:00,1.4457,1.447,1.4457,1.4457,18911.611323
2026-04-21 10:57:00,1.4458,1.446,1.4446,1.4446,24119.769549
2026-04-21 11:00:00,1.4447,1.4449,1.4426,1.4434,44759.04442
2026-04-21 11:03:00,1.4435,1.4441,1.4425,1.4432,26258.816103
2026-04-21 11:06:00,1.4432,1.4442,1.4432,1.4438,7952.207498
2026-04-21 11:09:00,1.4437,1.4438,1.4385,1.4398,81041.9929
2026-04-21 11:12:00,1.4396,1.4399,1.4375,1.4395,66885.197562
2026-04-21 11:15:00,1.4396,1.4402,1.4391,1.4398,9006.83518
2026-04-21 11:18:00,1.4399,1.4413,1.4398,1.4412,19843.35554
2026-04-21 11:21:00,1.4412,1.4433,1.4412,1.443,20564.430981
2026-04-21 11:24:00,1.443,1.4431,1.4405,1.4419,17205.825316
2026-04-21 11:27:00,1.4419,1.4422,1.4414,1.4418,8324.138318
2026-04-21 11:30:00,1.442,1.4427,1.4417,1.4425,12963.697814
2026-04-21 11:33:00,1.4427,1.4433,1.4405,1.4405,20816.675795
2026-04-21 11:36:00,1.4412,1.4422,1.4411,1.4411,6363.896738
2026-04-21 11:39:00,1.4411,1.4415,1.4402,1.4415,6428.686172
2026-04-21 11:42:00,1.4416,1.4424,1.4401,1.4401,14115.186057
2026-04-21 11:45:00,1.4401,1.4406,1.4396,1.4401,18743.960983
2026-04-21 11:48:00,1.44,1.44,1.4394,1.4398,5325.402048
2026-04-21 11:51:00,1.4398,1.4398,1.4394,1.4394,6765.424973
2026-04-21 11:54:00,1.4394,1.4394,1.438,1.4382,16230.749441
2026-04-21 11:57:00,1.4382,1.4402,1.4382,1.44,18898.94036
2026-04-21 12:00:00,1.44,1.4411,1.4394,1.4394,13286.411023
2026-04-21 12:03:00,1.4391,1.4394,1.438,1.4389,9268.414717
2026-04-21 12:06:00,1.4389,1.439,1.4381,1.4382,7467.251119
2026-04-21 12:09:00,1.4381,1.4381,1.4365,1.4365,6087.863749
2026-04-21 12:12:00,1.4364,1.4378,1.4353,1.4354,48623.559709
2026-04-21 12:15:00,1.4353,1.4364,1.4352,1.4358,6760.694247
2026-04-21 12:18:00,1.4359,1.437,1.4356,1.437,4290.879371
2026-04-21 12:21:00,1.4372,1.4376,1.4367,1.4375,14294.196211
2026-04-21 12:24:00,1.4376,1.438,1.437,1.4379,6151.330144
2026-04-21 12:27:00,1.4379,1.4381,1.4376,1.4381,3338.538887
2026-04-21 12:30:00,1.4381,1.4381,1.4347,1.4364,18109.940988
2026-04-21 12:33:00,1.4374,1.4392,1.4354,1.4377,124775.570126
2026-04-21 12:36:00,1.4377,1.4385,1.433,1.4349,30377.202282
2026-04-21 12:39:00,1.4352,1.4352,1.4287,1.4308,103936.084346
2026-04-21 12:42:00,1.4309,1.4311,1.4269,1.4286,97848.163067
2026-04-21 12:45:00,1.4288,1.4298,1.4265,1.4296,40118.568559
2026-04-21 12:48:00,1.4296,1.4301,1.4281,1.43,32903.937726
2026-04-21 12:51:00,1.4301,1.4311,1.4296,1.4311,16377.361873
2026-04-21 12:54:00,1.4309,1.4322,1.4304,1.4313,23648.174508
2026-04-21 12:57:00,1.4312,1.4336,1.4312,1.4325,9262.752734
2026-04-21 13:00:00,1.4325,1.4341,1.4325,1.4341,13001.150632
2026-04-21 13:03:00,1.4341,1.435,1.4313,1.4333,49240.618138
2026-04-21 13:06:00,1.4333,1.4341,1.4321,1.4331,7137.956238
2026-04-21 13:09:00,1.4331,1.4336,1.4322,1.4326,4928.893762
2026-04-21 13:12:00,1.4327,1.4334,1.4324,1.4331,25399.188385
2026-04-21 13:15:00,1.4331,1.4342,1.4326,1.4342,8934.705139
2026-04-21 13:18:00,1.4344,1.4345,1.4332,1.4335,8487.200969
2026-04-21 13:21:00,1.4335,1.4337,1.4326,1.4328,11821.225005
2026-04-21 13:24:00,1.4328,1.4341,1.4325,1.4329,7554.347098
2026-04-21 13:27:00,1.4326,1.4329,1.4322,1.4325,5630.910162
2026-04-21 13:30:00,1.4327,1.4334,1.4302,1.4318,67002.970381
2026-04-21 13:33:00,1.4317,1.4322,1.4303,1.4318,15754.068489
2026-04-21 13:36:00,1.432,1.433,1.4307,1.4316,20569.105656
2026-04-21 13:39:00,1.4313,1.4337,1.429,1.4324,32219.936429
2026-04-21 13:42:00,1.4325,1.4357,1.4325,1.4331,30030.041351
2026-04-21 13:45:00,1.4332,1.434,1.4321,1.4334,19748.640931
2026-04-21 13:48:00,1.4335,1.4335,1.4316,1.4322,7416.834696
2026-04-21 13:51:00,1.4319,1.4339,1.4314,1.4331,13719.879954
2026-04-21 13:54:00,1.4329,1.4341,1.4322,1.4334,13699.671834
2026-04-21 13:57:00,1.4339,1.4344,1.4329,1.4334,8405.679678
2026-04-21 14:00:00,1.4335,1.4343,1.4316,1.4318,15789.362206
2026-04-21 14:03:00,1.4316,1.4332,1.4305,1.4327,46495.870218
2026-04-21 14:06:00,1.4327,1.4327,1.431,1.4319,40837.962716
2026-04-21 14:09:00,1.4321,1.4325,1.4308,1.4323,23873.166292
2026-04-21 14:12:00,1.4322,1.4323,1.4312,1.4316,25881.271332
2026-04-21 14:15:00,1.4317,1.4395,1.4317,1.437,64722.384247
2026-04-21 14:18:00,1.4379,1.4391,1.4371,1.4377,31279.732171
2026-04-21 14:21:00,1.438,1.4388,1.4359,1.4363,21610.011896
2026-04-21 14:24:00,1.4363,1.4383,1.4358,1.4375,15317.145023
2026-04-21 14:27:00,1.4376,1.4379,1.4366,1.437,13590.836878
2026-04-21 14:30:00,1.437,1.4397,1.4368,1.4397,30292.581071
2026-04-21 14:33:00,1.4397,1.4404,1.4383,1.4404,46585.185466
2026-04-21 14:36:00,1.4405,1.4408,1.4387,1.4405,31711.640153
2026-04-21 14:39:00,1.4408,1.4451,1.4402,1.4436,73876.543929
2026-04-21 14:42:00,1.4434,1.4434,1.4419,1.442,22157.083679
2026-04-21 14:45:00,1.4419,1.4424,1.4387,1.4387,54588.80778
2026-04-21 14:48:00,1.4388,1.439,1.438,1.4384,15494.59343
2026-04-21 14:51:00,1.4385,1.4394,1.4377,1.439,27659.415694
2026-04-21 14:54:00,1.4389,1.4389,1.4353,1.4353,29921.778449
2026-04-21 14:57:00,1.4352,1.4352,1.4303,1.4319,78250.450913
2026-04-21 15:00:00,1.432,1.4331,1.4304,1.431,92685.854508
2026-04-21 15:03:00,1.4309,1.4313,1.4275,1.4293,98322.220109
2026-04-21 15:06:00,1.4292,1.4313,1.4292,1.4298,25222.579278
2026-04-21 15:09:00,1.4297,1.4326,1.4297,1.4304,60170.76007
2026-04-21 15:12:00,1.4303,1.4308,1.4288,1.4308,47697.033438
2026-04-21 15:15:00,1.4308,1.4325,1.4308,1.4325,40107.826493
2026-04-21 15:18:00,1.4322,1.4332,1.4302,1.4326,115855.39144
2026-04-21 15:21:00,1.432,1.4337,1.4316,1.4316,14409.866589
2026-04-21 15:24:00,1.4315,1.4315,1.4275,1.4279,35221.444772
2026-04-21 15:27:00,1.4277,1.4288,1.4259,1.4286,33585.595317
2026-04-21 15:30:00,1.4286,1.4296,1.4282,1.4296,24971.729336
2026-04-21 15:33:00,1.4297,1.4298,1.427,1.4272,25495.943164
2026-04-21 15:36:00,1.4271,1.4287,1.4259,1.4287,38716.636659
2026-04-21 15:39:00,1.4288,1.4322,1.4288,1.4297,24776.856455
2026-04-21 15:42:00,1.4293,1.4309,1.4292,1.43,7682.395507
2026-04-21 15:45:00,1.4298,1.4324,1.4295,1.4324,16562.298936
2026-04-21 15:48:00,1.4317,1.4327,1.4307,1.4315,21873.597235
2026-04-21 15:51:00,1.4317,1.432,1.4314,1.4319,6283.068411
2026-04-21 15:54:00,1.4315,1.4316,1.4299,1.4316,16880.14958
2026-04-21 15:57:00,1.4318,1.4329,1.4313,1.4325,15987.948313
2026-04-21 16:00:00,1.4325,1.4355,1.4325,1.4346,30189.366338
2026-04-21 16:03:00,1.4349,1.4358,1.4319,1.432,68036.401504
2026-04-21 16:06:00,1.4318,1.4328,1.4312,1.4323,21989.525637
2026-04-21 16:09:00,1.4323,1.4343,1.4303,1.4316,68064.737768
2026-04-21 16:12:00,1.4317,1.4336,1.4317,1.4336,12910.547211
2026-04-21 16:15:00,1.4337,1.4348,1.4325,1.4347,11742.751544
2026-04-21 16:18:00,1.4347,1.4353,1.4328,1.4329,11261.825717
2026-04-21 16:21:00,1.4328,1.4355,1.4325,1.4325,19306.611767
2026-04-21 16:24:00,1.4324,1.4342,1.4323,1.4339,14736.001848
2026-04-21 16:27:00,1.4336,1.4336,1.4305,1.4306,12496.817345
2026-04-21 16:30:00,1.4305,1.4327,1.4303,1.4326,3815.674488
2026-04-21 16:33:00,1.4326,1.4359,1.4323,1.4351,23704.162484
2026-04-21 16:36:00,1.4349,1.4357,1.433,1.433,26655.650637
2026-04-21 16:39:00,1.4329,1.4356,1.4329,1.4347,8465.483013
2026-04-21 16:42:00,1.4346,1.4346,1.4307,1.4307,13856.225606
2026-04-21 16:45:00,1.4311,1.4322,1.4309,1.4311,5293.275185
2026-04-21 16:48:00,1.4315,1.4328,1.4315,1.4322,4765.329379
2026-04-21 16:51:00,1.4319,1.432,1.4308,1.4314,17613.752982
2026-04-21 16:54:00,1.4312,1.4314,1.4304,1.4305,7881.254757
2026-04-21 16:57:00,1.4303,1.4303,1.4276,1.4286,22640.475653
2026-04-21 17:00:00,1.4284,1.4288,1.4278,1.4286,10875.01176
2026-04-21 17:03:00,1.4286,1.4287,1.4252,1.4264,10981.852841
2026-04-21 17:06:00,1.4266,1.427,1.425,1.4257,19203.676474
2026-04-21 17:09:00,1.4251,1.4268,1.424,1.4241,31526.364328
2026-04-21 17:12:00,1.4244,1.4245,1.4221,1.4231,25889.456669
2026-04-21 17:15:00,1.4231,1.4233,1.4184,1.4193,115570.486286
2026-04-21 17:18:00,1.4191,1.4191,1.4135,1.4175,92283.068681
2026-04-21 17:21:00,1.4176,1.419,1.4173,1.4185,49242.2118
2026-04-21 17:24:00,1.4185,1.4218,1.4185,1.4201,53325.063972
2026-04-21 17:27:00,1.4198,1.4203,1.4178,1.4197,39112.069356
2026-04-21 17:30:00,1.4195,1.4204,1.4179,1.4189,14581.68832
2026-04-21 17:33:00,1.4189,1.4204,1.4188,1.4188,23248.497298
2026-04-21 17:36:00,1.4186,1.4237,1.4186,1.4226,70055.127869
2026-04-21 17:39:00,1.4223,1.4287,1.4217,1.4273,89748.11085
2026-04-21 17:42:00,1.4274,1.4306,1.4263,1.4273,41438.228431
2026-04-21 17:45:00,1.4271,1.428,1.4258,1.4263,26106.534827
2026-04-21 17:48:00,1.4263,1.4273,1.4259,1.4259,17970.435758
2026-04-21 17:51:00,1.4258,1.4277,1.4253,1.4253,14420.159692
2026-04-21 17:54:00,1.4254,1.4254,1.4236,1.4239,12096.767819
2026-04-21 17:57:00,1.4237,1.4244,1.4237,1.4244,1881.450145
2026-04-21 18:00:00,1.4244,1.4251,1.4237,1.4251,15807.385457
2026-04-21 18:03:00,1.4251,1.4259,1.4246,1.425,21859.48463
2026-04-21 18:06:00,1.4252,1.4262,1.4252,1.4258,11427.166698
2026-04-21 18:09:00,1.4258,1.4266,1.424,1.4256,16716.572743
2026-04-21 18:12:00,1.4258,1.4264,1.4254,1.4258,8249.441493
2026-04-21 18:15:00,1.4259,1.4269,1.4214,1.424,64385.814061
2026-04-21 18:18:00,1.4242,1.4243,1.4211,1.4214,16002.275189
2026-04-21 18:21:00,1.4214,1.4225,1.4211,1.4223,2463.802627
2026-04-21 18:24:00,1.4225,1.4227,1.4211,1.4219,3741.665689
2026-04-21 18:27:00,1.4214,1.4217,1.4202,1.4209,8524.61118
2026-04-21 18:30:00,1.4206,1.422,1.4203,1.4218,8974.026762
2026-04-21 18:33:00,1.4219,1.4229,1.4218,1.4229,8099.396612
2026-04-21 18:36:00,1.4227,1.4237,1.4218,1.4233,22555.143063
2026-04-21 18:39:00,1.4233,1.4234,1.4216,1.4223,5166.792965
2026-04-21 18:42:00,1.4229,1.4235,1.4222,1.4226,4310.419685
2026-04-21 18:45:00,1.4224,1.4234,1.4219,1.4226,24219.296226
2026-04-21 18:48:00,1.4229,1.4229,1.4207,1.4211,7082.855991
2026-04-21 18:51:00,1.4208,1.422,1.4208,1.4209,11575.788365
2026-04-21 18:54:00,1.4205,1.4267,1.4202,1.4251,87628.087647
2026-04-21 18:57:00,1.4255,1.4271,1.4255,1.427,13218.865478
2026-04-21 19:00:00,1.427,1.4304,1.427,1.4298,25684.768307
2026-04-21 19:03:00,1.4295,1.4311,1.4295,1.4306,18535.238694
2026-04-21 19:06:00,1.4305,1.4311,1.4298,1.4304,14193.038529
2026-04-21 19:09:00,1.43,1.43,1.4288,1.4298,3001.400591
2026-04-21 19:12:00,1.4292,1.4293,1.425,1.4266,42093.667029
2026-04-21 19:15:00,1.4267,1.4274,1.4248,1.4253,32090.793223
2026-04-21 19:18:00,1.4257,1.4273,1.4255,1.4273,34080.116741
2026-04-21 19:21:00,1.4275,1.4306,1.4275,1.43,20128.038895
2026-04-21 19:24:00,1.4299,1.4317,1.4297,1.4307,12286.441292
2026-04-21 19:27:00,1.4307,1.4307,1.4284,1.4284,13414.42241
2026-04-21 19:30:00,1.4287,1.4291,1.4269,1.4269,5830.361809
2026-04-21 19:33:00,1.4267,1.4267,1.4228,1.4228,26044.587423
2026-04-21 19:36:00,1.4227,1.423,1.4188,1.4189,70077.157667
2026-04-21 19:39:00,1.4191,1.4197,1.4164,1.4171,51376.538667
2026-04-21 19:42:00,1.4169,1.4171,1.4115,1.4128,116352.289858
2026-04-21 19:45:00,1.4126,1.4163,1.4116,1.416,86775.390808
2026-04-21 19:48:00,1.4158,1.4174,1.4146,1.4154,39151.302243
2026-04-21 19:51:00,1.4152,1.4157,1.4134,1.415,28334.597904
2026-04-21 19:54:00,1.4148,1.4163,1.4148,1.4159,18775.25452
2026-04-21 19:57:00,1.4154,1.4158,1.4121,1.4136,83216.339731
2026-04-21 20:00:00,1.4137,1.4155,1.4133,1.4145,26153.213804
2026-04-21 20:03:00,1.4144,1.4157,1.4144,1.4147,8502.044469
2026-04-21 20:06:00,1.4146,1.4146,1.4125,1.4129,20064.520788
2026-04-21 20:09:00,1.4129,1.4255,1.4128,1.4241,379238.207676
2026-04-21 20:12:00,1.4242,1.4255,1.4225,1.4247,42989.46869
2026-04-21 20:15:00,1.4248,1.4254,1.4234,1.4243,34482.542818
2026-04-21 20:18:00,1.424,1.4251,1.4222,1.4251,68690.453397
2026-04-21 20:21:00,1.4252,1.4254,1.4233,1.4243,32423.797157
2026-04-21 20:24:00,1.4245,1.4268,1.4245,1.4268,18846.247551
2026-04-21 20:27:00,1.4269,1.4273,1.4249,1.425,18485.391595
2026-04-21 20:30:00,1.4252,1.4282,1.4252,1.4268,20583.757216
2026-04-21 20:33:00,1.427,1.4289,1.427,1.4288,14117.315683
2026-04-21 20:36:00,1.4287,1.4287,1.4267,1.427,11930.144595
2026-04-21 20:39:00,1.4274,1.4278,1.4255,1.4257,27380.151995
2026-04-21 20:42:00,1.4261,1.4262,1.4258,1.4259,4770.582534
2026-04-21 20:45:00,1.4258,1.4258,1.4239,1.4242,9560.820401
2026-04-21 20:48:00,1.4245,1.426,1.4244,1.4251,27865.062705
2026-04-21 20:51:00,1.4256,1.4256,1.4247,1.4253,9757.455332
2026-04-21 20:54:00,1.425,1.4256,1.4245,1.425,5972.158521
2026-04-21 20:57:00,1.4249,1.4254,1.4234,1.4234,18185.476682
2026-04-21 21:00:00,1.4234,1.4247,1.4232,1.4232,14111.896937
2026-04-21 21:03:00,1.4231,1.4237,1.4227,1.4231,6827.191821
2026-04-21 21:06:00,1.423,1.4234,1.423,1.4232,5278.493033
2026-04-21 21:09:00,1.4232,1.4239,1.4216,1.4224,45089.138505
2026-04-21 21:12:00,1.4223,1.4233,1.4219,1.4233,31002.474555
2026-04-21 21:15:00,1.4232,1.4235,1.4222,1.4222,17511.657256
2026-04-21 21:18:00,1.4221,1.4242,1.4221,1.4242,20300.88878
2026-04-21 21:21:00,1.4241,1.4248,1.4241,1.4243,13029.127596
2026-04-21 21:24:00,1.4242,1.4243,1.4237,1.4243,12582.115702
2026-04-21 21:27:00,1.4244,1.4246,1.4222,1.4225,13586.02865
2026-04-21 21:30:00,1.4225,1.4234,1.4225,1.4226,16317.16698
2026-04-21 21:33:00,1.4225,1.4241,1.4221,1.4241,15504.569554
2026-04-21 21:36:00,1.4243,1.4243,1.4227,1.4231,17963.878267
2026-04-21 21:39:00,1.4233,1.4243,1.4225,1.4225,7227.195339
2026-04-21 21:42:00,1.4224,1.4224,1.4209,1.4209,10494.298383
2026-04-21 21:45:00,1.4208,1.4222,1.4207,1.4218,17930.612301
2026-04-21 21:48:00,1.4218,1.4228,1.4216,1.4224,25398.634274
2026-04-21 21:51:00,1.4226,1.4226,1.4216,1.4223,29832.310539
2026-04-21 21:54:00,1.4222,1.4225,1.422,1.4224,15442.373128
2026-04-21 21:57:00,1.4227,1.4234,1.4218,1.4227,32372.36309
2026-04-21 22:00:00,1.4226,1.4237,1.4211,1.4223,37453.736998
2026-04-21 22:03:00,1.4226,1.4226,1.4204,1.4211,18242.432831
2026-04-21 22:06:00,1.4211,1.4222,1.4209,1.4214,3537.143207
2026-04-21 22:09:00,1.4219,1.4226,1.4215,1.4225,9066.656277
2026-04-21 22:12:00,1.4224,1.4235,1.4222,1.423,7246.449845
2026-04-21 22:15:00,1.4229,1.4231,1.4215,1.4217,9727.186507
2026-04-21 22:18:00,1.4216,1.4216,1.4178,1.4192,30030.579537
2026-04-21 22:21:00,1.4191,1.4191,1.4173,1.4176,16541.356286
2026-04-21 22:24:00,1.4178,1.4187,1.4178,1.4183,1087.070286
2026-04-21 22:27:00,1.4182,1.4185,1.4179,1.4183,4964.145972
2026-04-21 22:30:00,1.4185,1.4187,1.4168,1.4183,29348.264504
2026-04-21 22:33:00,1.4183,1.4185,1.4178,1.4185,11556.38525
2026-04-21 22:36:00,1.4187,1.4199,1.4184,1.4193,12739.510257
2026-04-21 22:39:00,1.4194,1.4194,1.4185,1.419,12672.326087
2026-04-21 22:42:00,1.4192,1.4213,1.4192,1.4213,2708.125964
2026-04-21 22:45:00,1.4213,1.4214,1.4211,1.4213,6853.931533
2026-04-21 22:48:00,1.4214,1.4219,1.4201,1.4205,18983.456576
2026-04-21 22:51:00,1.4208,1.4212,1.4204,1.4207,7149.141484
2026-04-21 22:54:00,1.4208,1.4223,1.4208,1.4216,18654.568597
2026-04-21 22:57:00,1.4218,1.4223,1.4216,1.4222,5175.238837
2026-04-21 23:00:00,1.422,1.4256,1.422,1.4256,30053.58473
2026-04-21 23:03:00,1.4257,1.4264,1.4245,1.4255,5221.623279
2026-04-21 23:06:00,1.4254,1.4258,1.4254,1.4254,2320.586844
2026-04-21 23:09:00,1.4256,1.4256,1.4245,1.4245,11659.629692
2026-04-21 23:12:00,1.4244,1.4244,1.4236,1.4239,14828.768232
2026-04-21 23:15:00,1.4241,1.4247,1.4239,1.4244,11850.157981
2026-04-21 23:18:00,1.4244,1.4247,1.4239,1.4247,23706.188794
2026-04-21 23:21:00,1.4248,1.425,1.4241,1.4245,8412.151242
2026-04-21 23:24:00,1.4245,1.4247,1.4234,1.4234,2641.647715
2026-04-21 23:27:00,1.4234,1.4235,1.4232,1.4235,6629.598192
2026-04-21 23:30:00,1.4235,1.4249,1.4235,1.4246,4508.034765
2026-04-21 23:33:00,1.4248,1.4253,1.4248,1.4251,4788.163889
2026-04-21 23:36:00,1.425,1.4251,1.4243,1.4248,12623.150526
2026-04-21 23:39:00,1.4249,1.427,1.4249,1.4258,3554.102218
2026-04-21 23:42:00,1.4257,1.4289,1.4256,1.4289,57737.371072
2026-04-21 23:45:00,1.4287,1.4335,1.4284,1.4324,80296.940196
2026-04-21 23:48:00,1.4325,1.4333,1.4313,1.4313,6077.71943
2026-04-21 23:51:00,1.4312,1.4322,1.4305,1.4305,18323.960758
2026-04-21 23:54:00,1.4306,1.4314,1.4306,1.4308,12803.681126
2026-04-21 23:57:00,1.4308,1.4343,1.4307,1.4334,73668.885278
2026-04-22 00:00:00,1.4335,1.4344,1.4316,1.4318,47314.150542
2026-04-22 00:03:00,1.4319,1.4331,1.4315,1.4324,26966.935314
2026-04-22 00:06:00,1.4323,1.4335,1.4318,1.4331,17576.47166
2026-04-22 00:09:00,1.4333,1.4339,1.4322,1.4336,20329.404871
2026-04-22 00:12:00,1.4336,1.4336,1.4321,1.4322,2423.602674
2026-04-22 00:15:00,1.4321,1.4326,1.4308,1.4324,5779.909021
2026-04-22 00:18:00,1.4326,1.4339,1.4326,1.4339,12249.032086
2026-04-22 00:21:00,1.434,1.4344,1.4325,1.4325,6719.862216
2026-04-22 00:24:00,1.4326,1.4326,1.4315,1.4325,84291.946699
2026-04-22 00:27:00,1.4326,1.4328,1.4318,1.4322,8039.5995
2026-04-22 00:30:00,1.4323,1.4327,1.4319,1.4322,10746.053198
2026-04-22 00:33:00,1.4323,1.4324,1.4311,1.4312,2901.113335
2026-04-22 00:36:00,1.4312,1.4314,1.4303,1.4311,30524.876266
2026-04-22 00:39:00,1.431,1.4326,1.4307,1.4309,18322.625965
2026-04-22 00:42:00,1.4308,1.4314,1.4305,1.4305,6663.768987
2026-04-22 00:45:00,1.4306,1.4322,1.4306,1.4318,5376.542187
2026-04-22 00:48:00,1.4318,1.432,1.4303,1.4303,4230.649085
2026-04-22 00:51:00,1.4304,1.4313,1.4302,1.4313,2331.921426
2026-04-22 00:54:00,1.4315,1.4315,1.4307,1.4314,4909.494196
2026-04-22 00:57:00,1.4314,1.4321,1.4308,1.4321,27141.681955
2026-04-22 01:00:00,1.432,1.4321,1.4312,1.4321,7804.315152
2026-04-22 01:03:00,1.432,1.4321,1.431,1.4318,19041.898963
2026-04-22 01:06:00,1.4317,1.4317,1.4307,1.4309,13965.398956
2026-04-22 01:09:00,1.4306,1.4306,1.4292,1.4293,3954.750595
2026-04-22 01:12:00,1.4298,1.4318,1.4298,1.4313,15565.299316
2026-04-22 01:15:00,1.4311,1.4311,1.4297,1.4302,1722.694055
2026-04-22 01:18:00,1.4302,1.4302,1.4273,1.4284,45269.961663
2026-04-22 01:21:00,1.4284,1.4297,1.4275,1.4294,12698.783215
2026-04-22 01:24:00,1.4293,1.4293,1.4281,1.4284,7023.758137
2026-04-22 01:27:00,1.4285,1.4287,1.4273,1.4273,37767.681305
2026-04-22 01:30:00,1.4273,1.4287,1.4272,1.4277,9476.309181
2026-04-22 01:33:00,1.4276,1.4281,1.4269,1.4281,9805.812655
2026-04-22 01:36:00,1.4281,1.429,1.428,1.4285,2676.477273
2026-04-22 01:39:00,1.4285,1.4291,1.4282,1.4282,4167.772957
2026-04-22 01:42:00,1.4282,1.4284,1.4275,1.4279,6010.822265
2026-04-22 01:45:00,1.4279,1.4286,1.4274,1.4275,9802.614503
2026-04-22 01:48:00,1.4275,1.4296,1.4275,1.4295,6558.717807
2026-04-22 01:51:00,1.4293,1.4305,1.4288,1.429,24780.503813
2026-04-22 01:54:00,1.4289,1.4294,1.4286,1.4294,2829.232095
2026-04-22 01:57:00,1.4296,1.4297,1.4291,1.4291,2291.192021
2026-04-22 02:00:00,1.4293,1.4299,1.4288,1.4288,9106.126439
2026-04-22 02:03:00,1.4288,1.4289,1.4272,1.4276,44943.405366
2026-04-22 02:06:00,1.4277,1.4278,1.4269,1.4274,14863.064304
2026-04-22 02:09:00,1.4275,1.4353,1.4275,1.4346,30165.953128
2026-04-22 02:12:00,1.4351,1.4359,1.4333,1.4343,27750.487114
2026-04-22 02:15:00,1.4341,1.4394,1.4341,1.4392,64199.460825
2026-04-22 02:18:00,1.4391,1.4409,1.4385,1.4387,64930.264528
2026-04-22 02:21:00,1.4388,1.439,1.4362,1.4386,37881.093608
2026-04-22 02:24:00,1.4383,1.4403,1.4382,1.4402,36337.807731
2026-04-22 02:27:00,1.4406,1.4443,1.4406,1.4437,63076.005371
2026-04-22 02:30:00,1.4444,1.4471,1.443,1.4432,86510.389893
2026-04-22 02:33:00,1.4432,1.4455,1.4422,1.4449,13485.231384
2026-04-22 02:36:00,1.4447,1.4451,1.4436,1.4448,25512.603198
2026-04-22 02:39:00,1.444,1.4471,1.444,1.4463,61855.69889
2026-04-22 02:42:00,1.4464,1.4478,1.4464,1.4472,17548.176044
2026-04-22 02:45:00,1.4474,1.4474,1.4455,1.4464,36435.064613
2026-04-22 02:48:00,1.4465,1.4465,1.4442,1.4453,8997.028055
2026-04-22 02:51:00,1.4455,1.4478,1.4454,1.4458,38293.989286
2026-04-22 02:54:00,1.4458,1.4488,1.4458,1.4475,78310.070157
2026-04-22 02:57:00,1.4477,1.4492,1.4477,1.449,44576.800345
2026-04-22 03:00:00,1.4487,1.4493,1.4467,1.4488,30690.987986
2026-04-22 03:03:00,1.4488,1.4503,1.4473,1.4482,58847.394354
2026-04-22 03:06:00,1.4482,1.4505,1.4473,1.4481,141771.597435
2026-04-22 03:09:00,1.4478,1.4494,1.4477,1.4493,13334.300218
2026-04-22 03:12:00,1.4493,1.4493,1.4467,1.4479,15555.444817
2026-04-22 03:15:00,1.4479,1.4479,1.4446,1.4458,29309.620069
2026-04-22 03:18:00,1.4459,1.4473,1.4445,1.4448,37461.933502
2026-04-22 03:21:00,1.4447,1.4456,1.444,1.4446,22080.873334
2026-04-22 03:24:00,1.4447,1.4459,1.4446,1.4459,10562.24777
2026-04-22 03:27:00,1.4462,1.4463,1.4453,1.4463,3417.952675
2026-04-22 03:30:00,1.4466,1.4469,1.4436,1.4438,39932.114421
2026-04-22 03:33:00,1.4438,1.4442,1.4432,1.444,11502.365869
2026-04-22 03:36:00,1.4441,1.4446,1.4438,1.4444,6969.919379
2026-04-22 03:39:00,1.4443,1.4448,1.4437,1.4446,14807.827518
2026-04-22 03:42:00,1.4445,1.4448,1.444,1.4444,11112.48342
2026-04-22 03:45:00,1.4444,1.4447,1.4431,1.4433,14961.511198
2026-04-22 03:48:00,1.4433,1.4433,1.441,1.4421,84669.038892
2026-04-22 03:51:00,1.4421,1.4449,1.4421,1.4435,93874.473148
2026-04-22 03:54:00,1.4434,1.4437,1.4425,1.4426,9648.409546
2026-04-22 03:57:00,1.4424,1.4444,1.4424,1.4432,15371.844687
2026-04-22 04:00:00,1.4433,1.4445,1.4433,1.4443,11097.146955
2026-04-22 04:03:00,1.4446,1.4449,1.444,1.4447,12732.472187
2026-04-22 04:06:00,1.4441,1.4452,1.4434,1.445,26894.724091
2026-04-22 04:09:00,1.4452,1.4456,1.4452,1.4452,4128.884019
2026-04-22 04:12:00,1.4452,1.4452,1.4433,1.4434,50537.675471
2026-04-22 04:15:00,1.4436,1.4441,1.4431,1.4434,21464.880359
2026-04-22 04:18:00,1.4434,1.4441,1.4418,1.4418,45858.858535
2026-04-22 04:21:00,1.4417,1.4429,1.4417,1.4425,7187.466328
2026-04-22 04:24:00,1.4424,1.4425,1.4417,1.4425,19643.802235
2026-04-22 04:27:00,1.4427,1.4448,1.4424,1.4448,44338.762816
2026-04-22 04:30:00,1.4445,1.4446,1.4435,1.4443,5992.280563
2026-04-22 04:33:00,1.4443,1.4449,1.4442,1.4445,16673.718162
2026-04-22 04:36:00,1.4446,1.4446,1.4444,1.4444,2864.96044
2026-04-22 04:39:00,1.4445,1.4473,1.4445,1.4464,45915.395221
2026-04-22 04:42:00,1.4463,1.4463,1.445,1.4451,19085.91573
2026-04-22 04:45:00,1.4453,1.4453,1.4445,1.4452,3228.179147
2026-04-22 04:48:00,1.4451,1.4451,1.4444,1.4445,2271.525061
2026-04-22 04:51:00,1.4446,1.4449,1.4436,1.4445,9972.682545
2026-04-22 04:54:00,1.4446,1.4447,1.4437,1.4437,17751.210827
2026-04-22 04:57:00,1.4438,1.4446,1.4435,1.4446,6318.7931
2026-04-22 05:00:00,1.4448,1.4452,1.443,1.4431,17218.121364
2026-04-22 05:03:00,1.4431,1.4454,1.443,1.4452,16801.909181
2026-04-22 05:06:00,1.4452,1.4468,1.4452,1.4468,51840.665659
2026-04-22 05:09:00,1.4468,1.4472,1.4457,1.4457,40144.51366
2026-04-22 05:12:00,1.4457,1.4468,1.4457,1.4465,3701.462215
2026-04-22 05:15:00,1.4465,1.4539,1.446,1.4525,224952.01253
2026-04-22 05:18:00,1.4524,1.4544,1.4515,1.4538,80630.904751
2026-04-22 05:21:00,1.4536,1.456,1.4527,1.4547,144146.696952
2026-04-22 05:24:00,1.4548,1.4586,1.4548,1.4578,220917.748977
2026-04-22 05:27:00,1.4579,1.4595,1.4564,1.4593,79272.939843
2026-04-22 05:30:00,1.4593,1.4605,1.4578,1.4595,157430.560559
2026-04-22 05:33:00,1.4595,1.4606,1.4588,1.4605,59588.273772
2026-04-22 05:36:00,1.4606,1.4606,1.4575,1.4575,45265.370252
2026-04-22 05:39:00,1.4575,1.4594,1.4553,1.4573,82689.318136
2026-04-22 05:42:00,1.4571,1.4581,1.4569,1.4571,35927.818421
2026-04-22 05:45:00,1.457,1.4591,1.4567,1.4586,67434.147719
2026-04-22 05:48:00,1.4585,1.4585,1.4562,1.4562,44626.126453
2026-04-22 05:51:00,1.4563,1.4597,1.4563,1.4564,92712.134606
2026-04-22 05:54:00,1.4564,1.4577,1.4556,1.4563,34308.18594
2026-04-22 05:57:00,1.4563,1.4564,1.4537,1.4543,86502.099619
2026-04-22 06:00:00,1.4542,1.4543,1.4516,1.4536,124516.99735
2026-04-22 06:03:00,1.4536,1.4548,1.4536,1.4545,33724.835266
2026-04-22 06:06:00,1.4546,1.4548,1.4532,1.4532,25283.145817
2026-04-22 06:09:00,1.4532,1.4537,1.4531,1.4532,25774.208998
2026-04-22 06:12:00,1.4532,1.4545,1.4526,1.4533,45159.404463
2026-04-22 06:15:00,1.4534,1.4544,1.453,1.4534,28109.089425
2026-04-22 06:18:00,1.4534,1.4537,1.4532,1.4537,22326.957656
2026-04-22 06:21:00,1.4537,1.4538,1.4532,1.4532,20634.460989
2026-04-22 06:24:00,1.4531,1.4539,1.4516,1.4536,106097.923883
2026-04-22 06:27:00,1.4535,1.4544,1.4535,1.4542,14926.020179
2026-04-22 06:30:00,1.4545,1.4551,1.4543,1.4547,6196.510422
2026-04-22 06:33:00,1.4549,1.4552,1.4535,1.4541,30681.700248
2026-04-22 06:36:00,1.4541,1.4545,1.4539,1.4541,13979.763722
2026-04-22 06:39:00,1.4541,1.4552,1.4541,1.4548,24546.334089
2026-04-22 06:42:00,1.4547,1.4553,1.4544,1.4546,13981.155013
2026-04-22 06:45:00,1.4545,1.4553,1.4542,1.4548,12201.151999
2026-04-22 06:48:00,1.4549,1.456,1.4549,1.456,37988.065626
2026-04-22 06:51:00,1.4559,1.4575,1.4548,1.4565,161605.732045
2026-04-22 06:54:00,1.4565,1.4568,1.4559,1.4561,28042.093197
2026-04-22 06:57:00,1.4562,1.4568,1.456,1.4567,11359.472577
2026-04-22 07:00:00,1.4567,1.4573,1.4563,1.4572,8309.978416
2026-04-22 07:03:00,1.4572,1.4577,1.4562,1.4572,31412.38581
2026-04-22 07:06:00,1.457,1.4572,1.4563,1.4569,35656.433277
2026-04-22 07:09:00,1.4569,1.4574,1.4566,1.4573,31141.979597
2026-04-22 07:12:00,1.4572,1.4585,1.4571,1.4576,25403.116192
2026-04-22 07:15:00,1.4575,1.4575,1.4563,1.4564,85032.06052
2026-04-22 07:18:00,1.4563,1.4563,1.4535,1.4537,665025.339596
2026-04-22 07:21:00,1.4536,1.4545,1.453,1.4542,48802.829679
2026-04-22 07:24:00,1.4543,1.4543,1.4529,1.4529,36202.2392
2026-04-22 07:27:00,1.4528,1.453,1.452,1.4523,35073.440079
2026-04-22 07:30:00,1.4523,1.4524,1.4517,1.4524,18189.203856
2026-04-22 07:33:00,1.4523,1.4538,1.4519,1.4538,25722.147536
2026-04-22 07:36:00,1.4537,1.4537,1.4522,1.4523,31084.495159
2026-04-22 07:39:00,1.4523,1.4535,1.4522,1.4532,43884.384588
2026-04-22 07:42:00,1.4531,1.455,1.453,1.4542,36135.196967
2026-04-22 07:45:00,1.4543,1.4552,1.4536,1.4552,34356.580853
2026-04-22 07:48:00,1.4552,1.4554,1.4542,1.4546,43554.543327
2026-04-22 07:51:00,1.4547,1.4553,1.4542,1.4542,37090.566494
2026-04-22 07:54:00,1.4542,1.4553,1.454,1.4553,29614.788531
2026-04-22 07:57:00,1.4552,1.4564,1.4546,1.4546,44205.555413
2026-04-22 08:00:00,1.4546,1.4552,1.4544,1.4546,21058.818997
2026-04-22 08:03:00,1.4545,1.4547,1.4531,1.4544,22644.91023
2026-04-22 08:06:00,1.4543,1.4546,1.4538,1.4545,12283.382453
2026-04-22 08:09:00,1.4544,1.4556,1.4542,1.4551,30023.364688
2026-04-22 08:12:00,1.4552,1.4555,1.4544,1.4544,24781.425498
2026-04-22 08:15:00,1.4544,1.4548,1.4534,1.4545,75593.229978
2026-04-22 08:18:00,1.4544,1.4545,1.4542,1.4543,2042.213495
2026-04-22 08:21:00,1.4542,1.4545,1.4531,1.4531,17092.968062
2026-04-22 08:24:00,1.4531,1.4538,1.4517,1.4528,57526.096845
2026-04-22 08:27:00,1.4528,1.4535,1.452,1.452,23209.982271
2026-04-22 08:30:00,1.4521,1.4526,1.4517,1.4522,12555.100877
2026-04-22 08:33:00,1.4521,1.4526,1.4511,1.4519,74038.394399
2026-04-22 08:36:00,1.4516,1.4516,1.4503,1.4513,80466.126754
2026-04-22 08:39:00,1.4513,1.4514,1.4501,1.4507,22251.320326
2026-04-22 08:42:00,1.4513,1.4518,1.4512,1.4513,17131.442182
2026-04-22 08:45:00,1.4515,1.4521,1.4514,1.4514,2875.971026
2026-04-22 08:48:00,1.4513,1.4515,1.4508,1.4514,7664.371606
2026-04-22 08:51:00,1.4511,1.4528,1.4511,1.4528,23390.161874
2026-04-22 08:54:00,1.4528,1.453,1.4526,1.4529,4289.63775
2026-04-22 08:57:00,1.4529,1.4542,1.4526,1.4528,50943.23301
2026-04-22 09:00:00,1.4524,1.4541,1.4512,1.4517,46466.266823
2026-04-22 09:03:00,1.4516,1.4521,1.4511,1.4521,31214.356907
2026-04-22 09:06:00,1.4522,1.4531,1.4513,1.4531,17499.997648
2026-04-22 09:09:00,1.4535,1.4549,1.4533,1.4534,28551.355905
2026-04-22 09:12:00,1.4532,1.4534,1.4526,1.4531,22492.804672
2026-04-22 09:15:00,1.453,1.4536,1.4529,1.453,17310.455097
2026-04-22 09:18:00,1.4528,1.4528,1.4515,1.4519,14229.448504
2026-04-22 09:21:00,1.452,1.4532,1.4519,1.4524,16896.966121
2026-04-22 09:24:00,1.4523,1.4536,1.4523,1.4536,8346.101426
2026-04-22 09:27:00,1.4535,1.454,1.453,1.4539,12908.368539
2026-04-22 09:30:00,1.4539,1.454,1.4535,1.4536,5605.466331
2026-04-22 09:33:00,1.4537,1.4537,1.4519,1.4519,10452.262183
2026-04-22 09:36:00,1.452,1.452,1.4512,1.4515,7407.293679
2026-04-22 09:39:00,1.4515,1.4533,1.4515,1.4531,16282.579942
2026-04-22 09:42:00,1.4532,1.4535,1.4525,1.4526,8828.825639
2026-04-22 09:45:00,1.4525,1.4527,1.4522,1.4526,3265.101956
2026-04-22 09:48:00,1.4526,1.4534,1.4523,1.4532,11679.056003
2026-04-22 09:51:00,1.4531,1.4531,1.4511,1.4512,39965.658678
2026-04-22 09:54:00,1.4513,1.4515,1.45,1.4506,39040.82379
2026-04-22 09:57:00,1.4507,1.452,1.4507,1.4517,14168.585965
2026-04-22 10:00:00,1.4517,1.4526,1.4506,1.4506,34065.789741
2026-04-22 10:03:00,1.4504,1.4506,1.45,1.4505,7787.646497
2026-04-22 10:06:00,1.4506,1.4513,1.45,1.45,11133.648307
2026-04-22 10:09:00,1.4502,1.4502,1.449,1.4501,27487.456647
2026-04-22 10:12:00,1.45,1.45,1.449,1.4498,12064.207662
2026-04-22 10:15:00,1.4498,1.45,1.4491,1.4491,15508.135749
2026-04-22 10:18:00,1.4491,1.4499,1.4488,1.4495,24291.228696
2026-04-22 10:21:00,1.4495,1.4502,1.4487,1.4488,19694.108634
2026-04-22 10:24:00,1.4488,1.4493,1.4488,1.4492,4667.098742
2026-04-22 10:27:00,1.4492,1.4503,1.449,1.4501,14333.129357
2026-04-22 10:30:00,1.4499,1.4516,1.4499,1.4516,116289.061023
2026-04-22 10:33:00,1.4517,1.4528,1.4514,1.4527,19130.548159
2026-04-22 10:36:00,1.4524,1.4524,1.4519,1.4519,5114.019535
2026-04-22 10:39:00,1.4519,1.4522,1.4518,1.4521,9048.089161
2026-04-22 10:42:00,1.4518,1.4518,1.4507,1.4511,13112.447344
2026-04-22 10:45:00,1.4511,1.4514,1.451,1.4513,7246.51213
2026-04-22 10:48:00,1.4513,1.4516,1.4512,1.4513,6113.449198
2026-04-22 10:51:00,1.4514,1.4515,1.4511,1.4514,10022.183786
2026-04-22 10:54:00,1.4514,1.4514,1.4508,1.4508,7142.651686
2026-04-22 10:57:00,1.4508,1.4513,1.4501,1.4509,14925.727855
2026-04-22 11:00:00,1.4508,1.4525,1.4508,1.4523,10444.604458
2026-04-22 11:03:00,1.4524,1.4535,1.4509,1.452,60373.948761
2026-04-22 11:06:00,1.452,1.4521,1.4507,1.4509,50752.055087
2026-04-22 11:09:00,1.4509,1.4509,1.4492,1.4507,18147.442805
2026-04-22 11:12:00,1.4507,1.4513,1.4504,1.4505,16731.324828
2026-04-22 11:15:00,1.4505,1.4517,1.4504,1.4516,7797.155284
2026-04-22 11:18:00,1.4514,1.4518,1.4507,1.4511,16434.903754
2026-04-22 11:21:00,1.4512,1.4512,1.45,1.451,16355.806509
2026-04-22 11:24:00,1.4509,1.4509,1.4503,1.4504,3080.086928
2026-04-22 11:27:00,1.4504,1.4513,1.4503,1.451,19856.226541
2026-04-22 11:30:00,1.4509,1.4522,1.4509,1.452,30716.233381
2026-04-22 11:33:00,1.452,1.4539,1.4515,1.4515,33925.948331
2026-04-22 11:36:00,1.4516,1.4527,1.4513,1.4526,10302.294844
2026-04-22 11:39:00,1.4527,1.4529,1.4522,1.4525,18795.940605
2026-04-22 11:42:00,1.4526,1.4527,1.4516,1.4521,14885.674836
2026-04-22 11:45:00,1.4521,1.4533,1.4513,1.4513,22723.854503
2026-04-22 11:48:00,1.4514,1.4535,1.4514,1.4524,15931.024012
2026-04-22 11:51:00,1.4525,1.4543,1.4522,1.4542,15887.93865
2026-04-22 11:54:00,1.4542,1.4548,1.4537,1.4537,6666.751891
2026-04-22 11:57:00,1.4538,1.4543,1.4533,1.4543,14395.785642
2026-04-22 12:00:00,1.4545,1.4545,1.4529,1.4544,52259.720111
2026-04-22 12:03:00,1.4545,1.4554,1.4532,1.4532,70100.789581
2026-04-22 12:06:00,1.4533,1.4543,1.4533,1.4533,12146.407675
2026-04-22 12:09:00,1.4534,1.4549,1.4532,1.4548,9378.88073
2026-04-22 12:12:00,1.4547,1.4555,1.4543,1.455,28577.294855
2026-04-22 12:15:00,1.4548,1.4554,1.4536,1.4536,29826.866396
2026-04-22 12:18:00,1.4538,1.4552,1.4538,1.4542,41213.159979
2026-04-22 12:21:00,1.4542,1.4543,1.4528,1.4536,42618.01776
2026-04-22 12:24:00,1.4531,1.4533,1.4523,1.4523,24721.256879
2026-04-22 12:27:00,1.4523,1.4523,1.4509,1.4509,27512.274792
2026-04-22 12:30:00,1.4509,1.4513,1.45,1.4501,106357.966645
2026-04-22 12:33:00,1.4501,1.4515,1.4501,1.4503,38647.891941
2026-04-22 12:36:00,1.4503,1.4508,1.4502,1.4503,8805.771332
2026-04-22 12:39:00,1.4503,1.4503,1.4477,1.4499,53406.971458
2026-04-22 12:42:00,1.4492,1.4492,1.4474,1.4482,133017.168934
2026-04-22 12:45:00,1.4483,1.4523,1.4483,1.4516,48856.811504
2026-04-22 12:48:00,1.4516,1.4516,1.449,1.4503,58345.655219
2026-04-22 12:51:00,1.4505,1.4512,1.45,1.4504,32847.855867
2026-04-22 12:54:00,1.4504,1.4509,1.4504,1.4506,11133.242187
2026-04-22 12:57:00,1.4507,1.4514,1.4505,1.4508,24196.122954
2026-04-22 13:00:00,1.4507,1.4507,1.4479,1.4493,63011.639243
2026-04-22 13:03:00,1.4494,1.4513,1.4493,1.4513,67100.310372
2026-04-22 13:06:00,1.4512,1.4515,1.4506,1.4508,83806.41684
2026-04-22 13:09:00,1.4507,1.4553,1.45,1.4527,134646.164195
2026-04-22 13:12:00,1.4527,1.4536,1.4527,1.4533,32337.498517
2026-04-22 13:15:00,1.4534,1.4547,1.4533,1.4539,52290.25922
2026-04-22 13:18:00,1.4539,1.456,1.4532,1.4551,94709.059939
2026-04-22 13:21:00,1.455,1.4553,1.4541,1.455,86416.380983
2026-04-22 13:24:00,1.4549,1.4551,1.4535,1.4539,14345.039728
2026-04-22 13:27:00,1.454,1.4544,1.4533,1.4534,27060.84175
2026-04-22 13:30:00,1.4535,1.4566,1.4519,1.4531,64931.659587
2026-04-22 13:33:00,1.4532,1.4552,1.4513,1.4513,43513.870129
2026-04-22 13:36:00,1.4512,1.4552,1.4512,1.4543,517969.283798
2026-04-22 13:39:00,1.4544,1.457,1.4542,1.4566,102157.625715
2026-04-22 13:42:00,1.4566,1.4578,1.4563,1.4578,50453.831245
2026-04-22 13:45:00,1.4578,1.4612,1.4578,1.4606,90047.201673
2026-04-22 13:48:00,1.4604,1.4604,1.4561,1.4597,81150.919757
2026-04-22 13:51:00,1.4597,1.4605,1.4581,1.4602,30348.625677
2026-04-22 13:54:00,1.4601,1.4601,1.4582,1.4585,21623.443769
2026-04-22 13:57:00,1.4584,1.4592,1.4578,1.459,58786.385734
2026-04-22 14:00:00,1.4591,1.4595,1.4579,1.458,99027.902217
2026-04-22 14:03:00,1.4581,1.4586,1.4561,1.4561,47821.922465
2026-04-22 14:06:00,1.4562,1.4569,1.4551,1.4562,45429.109175
2026-04-22 14:09:00,1.4561,1.4586,1.456,1.458,37601.603067
2026-04-22 14:12:00,1.4578,1.4627,1.4578,1.4616,190517.304232
2026-04-22 14:15:00,1.4613,1.4618,1.459,1.4591,48448.034599
2026-04-22 14:18:00,1.459,1.459,1.4569,1.4579,19225.661688
2026-04-22 14:21:00,1.4578,1.4606,1.4571,1.4589,43728.99186
2026-04-22 14:24:00,1.4584,1.4597,1.4579,1.4588,16758.523467
2026-04-22 14:27:00,1.4589,1.4598,1.458,1.4584,18517.998623
2026-04-22 14:30:00,1.4586,1.4589,1.4517,1.4544,45103.993675
2026-04-22 14:33:00,1.4543,1.4571,1.4538,1.4545,28317.198287
2026-04-22 14:36:00,1.4548,1.4559,1.4542,1.4545,27669.329036
2026-04-22 14:39:00,1.4544,1.4565,1.4543,1.4555,28486.836167
2026-04-22 14:42:00,1.4555,1.4555,1.4522,1.4523,23967.588803
2026-04-22 14:45:00,1.4522,1.4547,1.452,1.454,13609.914082
2026-04-22 14:48:00,1.4542,1.4572,1.454,1.457,65565.025385
2026-04-22 14:51:00,1.4572,1.4572,1.4551,1.4552,53170.001214
2026-04-22 14:54:00,1.4555,1.4572,1.4547,1.457,29929.689576
2026-04-22 14:57:00,1.4569,1.4581,1.4566,1.4578,14921.465343
2026-04-22 15:00:00,1.4578,1.4585,1.4546,1.4547,37428.609462
2026-04-22 15:03:00,1.4549,1.4556,1.4535,1.4537,28917.134677
2026-04-22 15:06:00,1.4533,1.455,1.453,1.455,20541.271467
2026-04-22 15:09:00,1.4553,1.456,1.454,1.456,16025.075611
2026-04-22 15:12:00,1.4559,1.4559,1.4541,1.4543,11490.425455
2026-04-22 15:15:00,1.4543,1.4554,1.4541,1.455,12616.44812
2026-04-22 15:18:00,1.4553,1.4557,1.454,1.4546,23293.98409
2026-04-22 15:21:00,1.4544,1.4567,1.4541,1.4567,20800.785428
2026-04-22 15:24:00,1.4568,1.457,1.453,1.4531,32107.564457
2026-04-22 15:27:00,1.4532,1.4562,1.4528,1.4543,28451.897508
2026-04-22 15:30:00,1.4542,1.4575,1.4539,1.4539,41610.566634
2026-04-22 15:33:00,1.4537,1.4537,1.4527,1.4531,7202.531345
2026-04-22 15:36:00,1.4532,1.4559,1.4515,1.4551,232545.393073
2026-04-22 15:39:00,1.4552,1.4575,1.4552,1.4567,34368.661411
2026-04-22 15:42:00,1.4567,1.4568,1.4559,1.4565,7996.830799
2026-04-22 15:45:00,1.4562,1.4589,1.4561,1.4589,18315.753435
2026-04-22 15:48:00,1.459,1.4606,1.4589,1.4594,23478.183271
2026-04-22 15:51:00,1.4598,1.46,1.4589,1.4592,14154.307247
2026-04-22 15:54:00,1.4592,1.4602,1.4584,1.4585,9593.972411
2026-04-22 15:57:00,1.4585,1.4585,1.4565,1.4565,8558.474674
2026-04-22 16:00:00,1.4566,1.4577,1.4562,1.4577,33808.027714
2026-04-22 16:03:00,1.4581,1.459,1.4572,1.4572,8956.634641
2026-04-22 16:06:00,1.4572,1.4579,1.457,1.4575,12964.250832
2026-04-22 16:09:00,1.4573,1.4575,1.4539,1.4539,16685.993727
2026-04-22 16:12:00,1.4538,1.4547,1.4533,1.4542,33314.760008
2026-04-22 16:15:00,1.4544,1.4547,1.4529,1.4532,27114.185438
2026-04-22 16:18:00,1.4532,1.4532,1.4512,1.4518,31634.208316
2026-04-22 16:21:00,1.4521,1.4525,1.4482,1.4485,77750.516205
2026-04-22 16:24:00,1.4484,1.4496,1.4469,1.4475,65547.11
2026-04-22 16:27:00,1.4474,1.449,1.4469,1.4481,103438.426008
2026-04-22 16:30:00,1.4474,1.4482,1.4463,1.4471,35290.784327
2026-04-22 16:33:00,1.4473,1.4485,1.4471,1.4484,31689.46619
2026-04-22 16:36:00,1.4479,1.4494,1.4474,1.4486,18663.060497
2026-04-22 16:39:00,1.4485,1.4497,1.4485,1.4492,12771.443338
2026-04-22 16:42:00,1.4493,1.4496,1.4473,1.4477,189192.501195
2026-04-22 16:45:00,1.4476,1.4484,1.4465,1.4484,322371.540762
2026-04-22 16:48:00,1.4483,1.4488,1.4475,1.4486,33713.386602
2026-04-22 16:51:00,1.449,1.4493,1.4462,1.4471,52132.860293
2026-04-22 16:54:00,1.4472,1.4475,1.4459,1.4472,28496.113911
2026-04-22 16:57:00,1.4472,1.4472,1.4462,1.4468,21046.502271
2026-04-22 17:00:00,1.4469,1.4503,1.4469,1.4488,24487.25075
2026-04-22 17:03:00,1.4488,1.4504,1.4486,1.4501,17808.728082
2026-04-22 17:06:00,1.4499,1.4501,1.4482,1.4491,34396.265252
2026-04-22 17:09:00,1.4494,1.4521,1.4494,1.4514,22111.278077
2026-04-22 17:12:00,1.4516,1.4516,1.4503,1.4505,31450.930025
2026-04-22 17:15:00,1.4505,1.4511,1.4474,1.4486,35042.992845
2026-04-22 17:18:00,1.4481,1.4482,1.4467,1.4478,34472.398234
2026-04-22 17:21:00,1.4481,1.4489,1.4475,1.4475,16851.253348
2026-04-22 17:24:00,1.4472,1.4479,1.4461,1.4479,17113.094636
2026-04-22 17:27:00,1.4479,1.4482,1.4474,1.4475,113627.551778
2026-04-22 17:30:00,1.4474,1.4484,1.447,1.4477,7570.75292
2026-04-22 17:33:00,1.4477,1.4479,1.4464,1.4466,22231.539236
2026-04-22 17:36:00,1.4466,1.4479,1.4463,1.4477,6317.691089
2026-04-22 17:39:00,1.4479,1.4493,1.4479,1.449,10793.327704
2026-04-22 17:42:00,1.4489,1.4489,1.4467,1.4473,133075.916658
2026-04-22 17:45:00,1.4472,1.4494,1.446,1.4488,31846.787011
2026-04-22 17:48:00,1.4488,1.449,1.4475,1.4484,4153.052343
2026-04-22 17:51:00,1.4488,1.4505,1.4488,1.4503,11661.951163
2026-04-22 17:54:00,1.4503,1.4511,1.4503,1.4506,11696.961329
2026-04-22 17:57:00,1.4506,1.4506,1.4491,1.4492,15070.078623
2026-04-22 18:00:00,1.4493,1.452,1.4492,1.4509,19289.088113
2026-04-22 18:03:00,1.451,1.4519,1.4508,1.4508,8989.516489
2026-04-22 18:06:00,1.4507,1.4512,1.45,1.451,7174.683432
2026-04-22 18:09:00,1.4509,1.4511,1.4506,1.4511,8715.923713
2026-04-22 18:12:00,1.4512,1.453,1.4512,1.4528,22379.504375
2026-04-22 18:15:00,1.4526,1.4527,1.4518,1.4524,5788.170545
2026-04-22 18:18:00,1.4523,1.4529,1.4517,1.4517,1998.945782
2026-04-22 18:21:00,1.452,1.4522,1.4509,1.4509,9767.219333
2026-04-22 18:24:00,1.4513,1.4518,1.4513,1.4514,9154.87537
2026-04-22 18:27:00,1.4513,1.4516,1.4507,1.4508,72728.706789
2026-04-22 18:30:00,1.4505,1.4508,1.4497,1.4503,6471.377264
2026-04-22 18:33:00,1.4502,1.4511,1.4502,1.4507,10463.49274
2026-04-22 18:36:00,1.4508,1.4509,1.4497,1.45,6650.904114
2026-04-22 18:39:00,1.4501,1.4507,1.4501,1.4503,4581.032478
2026-04-22 18:42:00,1.4504,1.4507,1.4485,1.4487,20396.849253
2026-04-22 18:45:00,1.4488,1.4499,1.4488,1.4498,2834.446049
2026-04-22 18:48:00,1.4499,1.4509,1.4499,1.4505,23988.994438
2026-04-22 18:51:00,1.4509,1.4515,1.4503,1.4503,13684.570819
2026-04-22 18:54:00,1.4502,1.4502,1.4491,1.4493,10860.627133
2026-04-22 18:57:00,1.4494,1.4494,1.4478,1.4478,7230.347676
2026-04-22 19:00:00,1.4479,1.4481,1.4441,1.4461,27213.32943
2026-04-22 19:03:00,1.4463,1.4464,1.4427,1.4445,26524.982917
2026-04-22 19:06:00,1.4444,1.4446,1.4433,1.4433,22296.097862
2026-04-22 19:09:00,1.4433,1.4442,1.4426,1.4442,31988.347971
2026-04-22 19:12:00,1.4442,1.4453,1.4438,1.4445,11680.615645
2026-04-22 19:15:00,1.4444,1.4453,1.444,1.4442,13058.942481
2026-04-22 19:18:00,1.4442,1.4473,1.4442,1.4465,26527.926434
2026-04-22 19:21:00,1.4466,1.4473,1.446,1.4468,39892.395304
2026-04-22 19:24:00,1.4468,1.4472,1.4461,1.4469,11374.446766
2026-04-22 19:27:00,1.4466,1.4467,1.4458,1.446,8259.393642
2026-04-22 19:30:00,1.4459,1.4461,1.445,1.4451,15266.989201
2026-04-22 19:33:00,1.4449,1.4449,1.4385,1.4386,94909.973081
2026-04-22 19:36:00,1.4384,1.4407,1.4373,1.4407,65073.168754
2026-04-22 19:39:00,1.4407,1.441,1.4399,1.4404,20739.495338
2026-04-22 19:42:00,1.4401,1.4414,1.44,1.441,9728.082948
2026-04-22 19:45:00,1.441,1.4416,1.4402,1.4414,17840.025797
2026-04-22 19:48:00,1.4413,1.4424,1.4406,1.4408,13851.116848
2026-04-22 19:51:00,1.4408,1.4415,1.44,1.4403,14841.328189
2026-04-22 19:54:00,1.4406,1.4423,1.4406,1.4423,4682.488684
2026-04-22 19:57:00,1.4423,1.4428,1.4408,1.4412,95451.797967
2026-04-22 20:00:00,1.4411,1.4413,1.44,1.4411,25285.654967
2026-04-22 20:03:00,1.4412,1.4428,1.4412,1.4419,13974.977938
2026-04-22 20:06:00,1.4418,1.4422,1.4412,1.4416,16740.691443
2026-04-22 20:09:00,1.4415,1.4416,1.4404,1.4409,5966.230066
2026-04-22 20:12:00,1.4408,1.4411,1.4387,1.4387,75071.447867
2026-04-22 20:15:00,1.4387,1.4387,1.4375,1.4375,9372.915223
2026-04-22 20:18:00,1.4375,1.4379,1.4354,1.4375,68793.886557
2026-04-22 20:21:00,1.4373,1.4374,1.4343,1.4368,110685.009759
2026-04-22 20:24:00,1.437,1.4378,1.4367,1.4378,13722.195243
2026-04-22 20:27:00,1.4376,1.438,1.4375,1.438,7092.714691
2026-04-22 20:30:00,1.4379,1.4388,1.4377,1.4386,22313.947344
2026-04-22 20:33:00,1.4385,1.4386,1.4376,1.4376,5274.45648
2026-04-22 20:36:00,1.4377,1.4384,1.4366,1.4378,15048.308008
2026-04-22 20:39:00,1.4377,1.4383,1.4375,1.4381,6644.573126
2026-04-22 20:42:00,1.4381,1.4382,1.4376,1.4377,15072.836491
2026-04-22 20:45:00,1.4376,1.4376,1.4359,1.4367,31072.042207
2026-04-22 20:48:00,1.4367,1.4372,1.4366,1.4366,5578.273358
2026-04-22 20:51:00,1.4368,1.4372,1.4364,1.4372,970.360234
2026-04-22 20:54:00,1.4373,1.4382,1.4372,1.4377,10779.290813
2026-04-22 20:57:00,1.4377,1.4378,1.4366,1.437,9124.314898
2026-04-22 21:00:00,1.437,1.4385,1.437,1.4382,8321.185994
2026-04-22 21:03:00,1.438,1.438,1.4371,1.4377,6760.846333
2026-04-22 21:06:00,1.4377,1.4381,1.4377,1.4379,10751.387744
2026-04-22 21:09:00,1.4379,1.439,1.4378,1.439,17235.781519
2026-04-22 21:12:00,1.439,1.4397,1.4387,1.4387,63557.669502
2026-04-22 21:15:00,1.4386,1.439,1.4384,1.439,2020.763166
2026-04-22 21:18:00,1.439,1.4395,1.439,1.4395,4482.929676
2026-04-22 21:21:00,1.4396,1.4399,1.4393,1.4398,8845.815258
2026-04-22 21:24:00,1.4398,1.4399,1.4396,1.4397,2645.168206
2026-04-22 21:27:00,1.4398,1.4398,1.4395,1.4398,9718.122374
2026-04-22 21:30:00,1.4398,1.4409,1.4398,1.4409,7101.50917
2026-04-22 21:33:00,1.441,1.4411,1.4404,1.4411,25425.331214
2026-04-22 21:36:00,1.4411,1.4411,1.4399,1.4407,19006.818721
2026-04-22 21:39:00,1.4407,1.4409,1.4405,1.4409,9437.334648
2026-04-22 21:42:00,1.4409,1.4412,1.4407,1.441,12016.935088
2026-04-22 21:45:00,1.441,1.441,1.4405,1.4406,10280.604382
2026-04-22 21:48:00,1.4408,1.4409,1.4403,1.4408,7824.86047
2026-04-22 21:51:00,1.4407,1.4408,1.4403,1.4404,9162.003241
2026-04-22 21:54:00,1.4408,1.4415,1.4404,1.4414,6341.625839
2026-04-22 21:57:00,1.4413,1.4418,1.4413,1.4416,11549.369937
2026-04-22 22:00:00,1.4416,1.4418,1.4404,1.4404,45861.581288
2026-04-22 22:03:00,1.4403,1.4408,1.4395,1.4395,11661.920706
2026-04-22 22:06:00,1.4396,1.4418,1.4396,1.4416,52165.058343
2026-04-22 22:09:00,1.4412,1.4412,1.4403,1.4404,18170.079791
2026-04-22 22:12:00,1.4407,1.4412,1.4397,1.4397,21773.840156
2026-04-22 22:15:00,1.4398,1.44,1.4386,1.4396,12238.110074
2026-04-22 22:18:00,1.4398,1.4398,1.4372,1.4372,9463.389067
2026-04-22 22:21:00,1.4372,1.4382,1.4371,1.4376,11923.340648
2026-04-22 22:24:00,1.4378,1.4381,1.4376,1.4378,15666.278754
2026-04-22 22:27:00,1.4377,1.4377,1.4369,1.437,9133.715544
2026-04-22 22:30:00,1.4368,1.4382,1.4366,1.4377,27895.433494
2026-04-22 22:33:00,1.4377,1.4377,1.4365,1.4375,23875.703872
2026-04-22 22:36:00,1.4373,1.4373,1.4361,1.4368,3171.654625
2026-04-22 22:39:00,1.4367,1.4371,1.4367,1.4371,1425.385757
2026-04-22 22:42:00,1.4371,1.4377,1.4369,1.4369,11186.864757
2026-04-22 22:45:00,1.4365,1.4374,1.4361,1.4363,7919.572671
2026-04-22 22:48:00,1.4361,1.4367,1.4355,1.4366,7390.713281
2026-04-22 22:51:00,1.4365,1.4373,1.4363,1.4364,3581.377605
2026-04-22 22:54:00,1.4363,1.4371,1.4363,1.4368,8531.968021
2026-04-22 22:57:00,1.4368,1.438,1.4368,1.438,3687.472345
2026-04-22 23:00:00,1.4381,1.4382,1.4356,1.4363,12369.514623
2026-04-22 23:03:00,1.4364,1.4364,1.4352,1.4354,11928.913537
2026-04-22 23:06:00,1.4357,1.4364,1.4352,1.4362,17252.510112
2026-04-22 23:09:00,1.4363,1.4372,1.4359,1.4366,11157.288649
2026-04-22 23:12:00,1.4364,1.4368,1.4359,1.4359,6362.151803
2026-04-22 23:15:00,1.4359,1.4367,1.4356,1.4362,28887.802967
2026-04-22 23:18:00,1.4362,1.4362,1.4352,1.4354,14793.934759
2026-04-22 23:21:00,1.4354,1.4354,1.4321,1.4334,105879.124519
2026-04-22 23:24:00,1.4333,1.4334,1.4315,1.432,50844.470747
2026-04-22 23:27:00,1.432,1.4331,1.4296,1.4328,118213.408738
2026-04-22 23:30:00,1.4328,1.4328,1.429,1.4308,36663.249725
2026-04-22 23:33:00,1.4306,1.4314,1.43,1.4308,6589.063535
2026-04-22 23:36:00,1.431,1.4315,1.4295,1.4295,29786.870971
2026-04-22 23:39:00,1.4297,1.431,1.4295,1.4299,23382.316399
2026-04-22 23:42:00,1.4298,1.4307,1.429,1.43,10915.794154
2026-04-22 23:45:00,1.43,1.4312,1.4291,1.4306,45738.255863
2026-04-22 23:48:00,1.4304,1.4306,1.4297,1.4302,10979.633286
2026-04-22 23:51:00,1.4301,1.4302,1.4289,1.4296,37297.836915
2026-04-22 23:54:00,1.4298,1.4304,1.4289,1.4303,33044.330776
2026-04-22 23:57:00,1.4298,1.4298,1.4286,1.4294,23011.154802
2026-04-23 00:00:00,1.4297,1.4305,1.4286,1.4294,57009.591362
2026-04-23 00:03:00,1.4294,1.4298,1.4283,1.429,19764.317067
2026-04-23 00:06:00,1.4289,1.4292,1.4275,1.428,11977.600305
2026-04-23 00:09:00,1.428,1.428,1.4239,1.4248,167649.173578
2026-04-23 00:12:00,1.4247,1.4248,1.4224,1.4229,61282.481641
2026-04-23 00:15:00,1.4225,1.4232,1.4169,1.4228,299242.225228
2026-04-23 00:18:00,1.4229,1.4314,1.4224,1.4286,152695.237229
2026-04-23 00:21:00,1.4283,1.4286,1.4261,1.4266,36655.864143
2026-04-23 00:24:00,1.4265,1.4282,1.4262,1.4281,17189.786201
2026-04-23 00:27:00,1.4282,1.4289,1.4255,1.4287,35250.02067
2026-04-23 00:30:00,1.4286,1.43,1.4269,1.4275,33085.096068
2026-04-23 00:33:00,1.4275,1.429,1.4273,1.4285,9173.985484
2026-04-23 00:36:00,1.4286,1.4312,1.4281,1.4286,117093.509748
2026-04-23 00:39:00,1.4286,1.4296,1.4282,1.429,18080.016884
2026-04-23 00:42:00,1.429,1.4291,1.4278,1.4286,11962.970747
2026-04-23 00:45:00,1.4287,1.4293,1.4279,1.4279,16301.563448
2026-04-23 00:48:00,1.4279,1.4297,1.4264,1.428,91583.302274
2026-04-23 00:51:00,1.4283,1.43,1.4283,1.429,17119.140801
2026-04-23 00:54:00,1.4289,1.4289,1.4278,1.4284,6885.040509
2026-04-23 00:57:00,1.4285,1.4291,1.4282,1.4291,8450.696734
2026-04-23 01:00:00,1.4291,1.4292,1.4283,1.4292,10878.485314
2026-04-23 01:03:00,1.4291,1.4291,1.4277,1.4283,5528.914933
2026-04-23 01:06:00,1.4284,1.4298,1.4275,1.428,19701.372428
2026-04-23 01:09:00,1.4281,1.4281,1.4259,1.4259,10370.883675
2026-04-23 01:12:00,1.4259,1.4264,1.4258,1.4261,20817.617883
2026-04-23 01:15:00,1.4262,1.4265,1.4245,1.4246,8215.018735
2026-04-23 01:18:00,1.4247,1.4249,1.4236,1.4247,9964.110268
2026-04-23 01:21:00,1.4246,1.4251,1.4232,1.4232,6253.600582
2026-04-23 01:24:00,1.4234,1.4245,1.4232,1.424,6798.678339
2026-04-23 01:27:00,1.4239,1.4251,1.4217,1.4217,26755.541105
2026-04-23 01:30:00,1.4216,1.4236,1.421,1.4226,54286.173988
2026-04-23 01:33:00,1.4226,1.4238,1.4221,1.4237,12113.350108
2026-04-23 01:36:00,1.4234,1.4247,1.4234,1.4242,8090.606838
2026-04-23 01:39:00,1.4244,1.4262,1.4243,1.4257,3119.49554
2026-04-23 01:42:00,1.426,1.4272,1.4249,1.4257,14047.852734
2026-04-23 01:45:00,1.4257,1.4263,1.4252,1.4255,24046.310905
2026-04-23 01:48:00,1.4254,1.4272,1.425,1.427,14802.836016
2026-04-23 01:51:00,1.427,1.4274,1.4261,1.4272,6377.97924
2026-04-23 01:54:00,1.4272,1.4272,1.4257,1.4263,8753.698427
2026-04-23 01:57:00,1.4264,1.4265,1.4256,1.426,7847.924387
2026-04-23 02:00:00,1.4258,1.426,1.4239,1.4246,58750.51002
2026-04-23 02:03:00,1.4245,1.4245,1.4233,1.4242,15668.200996
2026-04-23 02:06:00,1.4242,1.425,1.4237,1.4244,35359.419807
2026-04-23 02:09:00,1.4245,1.425,1.4239,1.4239,16755.10778
2026-04-23 02:12:00,1.4238,1.4239,1.4229,1.4229,8727.777176
2026-04-23 02:15:00,1.4229,1.4247,1.4221,1.424,25768.795962
2026-04-23 02:18:00,1.4238,1.4246,1.4229,1.4245,34665.966514
2026-04-23 02:21:00,1.4243,1.4248,1.4226,1.4232,18859.054827
2026-04-23 02:24:00,1.4233,1.4233,1.4187,1.4202,98749.499518
2026-04-23 02:27:00,1.4196,1.4201,1.4187,1.4195,15243.324915
2026-04-23 02:30:00,1.4198,1.42,1.4168,1.4178,89165.060681
2026-04-23 02:33:00,1.4179,1.419,1.4173,1.419,19406.351255
2026-04-23 02:36:00,1.4193,1.4196,1.4153,1.4162,62241.378162
2026-04-23 02:39:00,1.4159,1.4177,1.4159,1.416,19008.118905
2026-04-23 02:42:00,1.4158,1.4176,1.4154,1.4172,11905.738796
2026-04-23 02:45:00,1.4174,1.4181,1.4171,1.4172,5649.251434
2026-04-23 02:48:00,1.417,1.4193,1.4166,1.4191,14455.869484
2026-04-23 02:51:00,1.4192,1.42,1.419,1.4199,37221.432525
2026-04-23 02:54:00,1.4197,1.4197,1.4184,1.4187,13890.027404
2026-04-23 02:57:00,1.4186,1.4197,1.4185,1.4188,16798.057819
2026-04-23 03:00:00,1.4189,1.4207,1.4187,1.4207,19386.840134
2026-04-23 03:03:00,1.4205,1.4218,1.4196,1.4197,97630.566783
2026-04-23 03:06:00,1.4195,1.42,1.4195,1.4195,4523.732929
2026-04-23 03:09:00,1.4194,1.42,1.4181,1.4182,18288.613469
2026-04-23 03:12:00,1.4182,1.4182,1.4157,1.4157,36426.262903
2026-04-23 03:15:00,1.4156,1.4165,1.4148,1.4154,28693.259678
2026-04-23 03:18:00,1.4151,1.4157,1.4144,1.4149,13551.376382
2026-04-23 03:21:00,1.4151,1.4165,1.4149,1.4152,19054.351827
2026-04-23 03:24:00,1.4152,1.4156,1.4147,1.415,10480.507712
2026-04-23 03:27:00,1.4152,1.4156,1.415,1.4152,4065.461434
2026-04-23 03:30:00,1.4151,1.4151,1.4134,1.4143,33553.791751
2026-04-23 03:33:00,1.4134,1.4143,1.413,1.4142,67324.408636
2026-04-23 03:36:00,1.4141,1.4143,1.412,1.4126,23276.459416
2026-04-23 03:39:00,1.4125,1.4135,1.4113,1.4135,31008.121536
2026-04-23 03:42:00,1.4137,1.4145,1.4126,1.4144,32456.400374
2026-04-23 03:45:00,1.4145,1.4154,1.4142,1.4151,44855.06532
2026-04-23 03:48:00,1.4143,1.4144,1.413,1.4142,34465.862874
2026-04-23 03:51:00,1.4143,1.4153,1.414,1.4152,11248.651636
2026-04-23 03:54:00,1.4153,1.416,1.4146,1.4155,19723.151702
2026-04-23 03:57:00,1.4156,1.4162,1.4152,1.4162,10296.515596
2026-04-23 04:00:00,1.4162,1.4166,1.4153,1.4163,6305.113605
2026-04-23 04:03:00,1.4165,1.4172,1.4161,1.4165,24109.66578
2026-04-23 04:06:00,1.4165,1.4173,1.4161,1.4173,8964.5915
2026-04-23 04:09:00,1.4174,1.4186,1.4171,1.4186,19761.032584
2026-04-23 04:12:00,1.4186,1.419,1.4179,1.4184,46482.178065
2026-04-23 04:15:00,1.4185,1.4185,1.417,1.4174,15586.173945
2026-04-23 04:18:00,1.4176,1.4182,1.4171,1.4178,13267.910511
2026-04-23 04:21:00,1.4177,1.4178,1.4169,1.4169,14648.681554
2026-04-23 04:24:00,1.4167,1.4172,1.4163,1.4166,12235.796197
2026-04-23 04:27:00,1.4167,1.4172,1.4165,1.4166,6200.532707
2026-04-23 04:30:00,1.4168,1.4192,1.4168,1.418,63675.413731
2026-04-23 04:33:00,1.4181,1.4185,1.418,1.4182,2181.233746
2026-04-23 04:36:00,1.4182,1.4187,1.4174,1.4175,6640.638215
2026-04-23 04:39:00,1.4175,1.4178,1.4172,1.4176,11810.396588
2026-04-23 04:42:00,1.4175,1.4178,1.4171,1.4176,4096.005081
2026-04-23 04:45:00,1.4176,1.4185,1.4172,1.4172,5367.205793
2026-04-23 04:48:00,1.4171,1.4178,1.4169,1.4171,14595.629754
2026-04-23 04:51:00,1.417,1.4172,1.4162,1.4172,16706.653682
2026-04-23 04:54:00,1.4172,1.4174,1.4167,1.4171,8759.955839
2026-04-23 04:57:00,1.417,1.4181,1.4169,1.4179,4477.524124
2026-04-23 05:00:00,1.4179,1.4196,1.4177,1.4193,10703.067968
2026-04-23 05:03:00,1.4193,1.4195,1.4188,1.4188,6153.806522
2026-04-23 05:06:00,1.4189,1.4189,1.4183,1.4188,9441.559945
2026-04-23 05:09:00,1.4189,1.4203,1.4182,1.4187,75877.712154
2026-04-23 05:12:00,1.4187,1.4191,1.4186,1.419,7591.167629
2026-04-23 05:15:00,1.419,1.4191,1.4179,1.4179,7579.501827
2026-04-23 05:18:00,1.4179,1.419,1.4171,1.4188,31207.408568
2026-04-23 05:21:00,1.4188,1.4188,1.4183,1.4185,5379.422811
2026-04-23 05:24:00,1.4184,1.4185,1.4172,1.4176,9044.507962
2026-04-23 05:27:00,1.4175,1.4179,1.4174,1.4175,4628.035423
2026-04-23 05:30:00,1.4175,1.4175,1.4158,1.4162,48287.077882
2026-04-23 05:33:00,1.4162,1.4164,1.4151,1.4158,20041.7721
2026-04-23 05:36:00,1.4157,1.4165,1.415,1.416,6578.558916
2026-04-23 05:39:00,1.416,1.4165,1.4157,1.4163,12804.434417
2026-04-23 05:42:00,1.4164,1.4177,1.4163,1.4177,18456.006496
2026-04-23 05:45:00,1.4174,1.4188,1.4174,1.4187,14724.539376
2026-04-23 05:48:00,1.4188,1.4198,1.4187,1.4198,5085.990447
2026-04-23 05:51:00,1.4199,1.4207,1.4197,1.4199,15989.535986
2026-04-23 05:54:00,1.4198,1.4202,1.419,1.4196,17415.198199
2026-04-23 05:57:00,1.4195,1.4196,1.419,1.4195,3339.156106
2026-04-23 06:00:00,1.4202,1.4209,1.42,1.4209,8639.254745
2026-04-23 06:03:00,1.4209,1.4226,1.4209,1.4226,33844.374467
2026-04-23 06:06:00,1.4225,1.4234,1.4217,1.423,17610.588584
2026-04-23 06:09:00,1.4229,1.4236,1.4229,1.4233,10723.887398
2026-04-23 06:12:00,1.4234,1.4237,1.4227,1.4228,5384.924753
2026-04-23 06:15:00,1.4229,1.4238,1.4225,1.4238,10715.358596
2026-04-23 06:18:00,1.4238,1.4238,1.4222,1.423,36250.13771
2026-04-23 06:21:00,1.4229,1.4248,1.4229,1.4246,46447.063793
2026-04-23 06:24:00,1.4246,1.4248,1.4235,1.4243,8248.841273
2026-04-23 06:27:00,1.4243,1.4243,1.424,1.4242,2747.89072
2026-04-23 06:30:00,1.4242,1.425,1.424,1.425,6057.451931
2026-04-23 06:33:00,1.4249,1.425,1.4238,1.424,10384.350152
2026-04-23 06:36:00,1.4239,1.4241,1.4233,1.4238,5393.524016
2026-04-23 06:39:00,1.4239,1.424,1.4235,1.4236,4037.550508
2026-04-23 06:42:00,1.4237,1.4237,1.4226,1.4229,17879.538842
2026-04-23 06:45:00,1.4227,1.4228,1.4225,1.4228,3213.408277
2026-04-23 06:48:00,1.4228,1.4228,1.4213,1.4226,25129.212169
2026-04-23 06:51:00,1.4226,1.4239,1.4226,1.4235,6935.958894
2026-04-23 06:54:00,1.4237,1.424,1.4228,1.4236,16984.519692
2026-04-23 06:57:00,1.4236,1.4239,1.4234,1.4237,2989.598343
2026-04-23 07:00:00,1.4238,1.424,1.4226,1.4232,104953.702492
2026-04-23 07:03:00,1.4231,1.4233,1.4229,1.4233,2251.181475
2026-04-23 07:06:00,1.4232,1.4241,1.4229,1.4238,9350.966906
2026-04-23 07:09:00,1.4238,1.4238,1.423,1.423,23295.720408
2026-04-23 07:12:00,1.423,1.423,1.4216,1.4216,12520.647374
2026-04-23 07:15:00,1.4217,1.422,1.4211,1.4215,22990.667399
2026-04-23 07:18:00,1.4215,1.4221,1.4215,1.422,2958.747675
2026-04-23 07:21:00,1.422,1.4232,1.4218,1.4231,5532.295935
2026-04-23 07:24:00,1.4229,1.423,1.4225,1.4227,5196.259349
2026-04-23 07:27:00,1.4226,1.4228,1.4222,1.4222,3097.964377
2026-04-23 07:30:00,1.4221,1.4228,1.4218,1.4223,16018.640022
2026-04-23 07:33:00,1.4223,1.423,1.4223,1.4229,10450.240563
2026-04-23 07:36:00,1.4228,1.4229,1.4209,1.4221,12109.915315
2026-04-23 07:39:00,1.4222,1.4227,1.4222,1.4227,2283.587112
2026-04-23 07:42:00,1.4228,1.4229,1.4217,1.4228,5017.507192
2026-04-23 07:45:00,1.4228,1.4231,1.4215,1.4218,23008.706603
2026-04-23 07:48:00,1.4216,1.4227,1.4212,1.4225,7028.375065
2026-04-23 07:51:00,1.4225,1.4225,1.42,1.4205,44104.426725
2026-04-23 07:54:00,1.4204,1.421,1.42,1.4207,14702.842086
2026-04-23 07:57:00,1.4205,1.421,1.4195,1.421,26243.421697
2026-04-23 08:00:00,1.4211,1.4213,1.4198,1.4199,6346.937124
2026-04-23 08:03:00,1.4199,1.4205,1.4196,1.4199,4975.12738
2026-04-23 08:06:00,1.4199,1.4199,1.418,1.4193,23674.400452
2026-04-23 08:09:00,1.4192,1.4197,1.4188,1.4191,14074.878477
2026-04-23 08:12:00,1.4191,1.4201,1.4191,1.4198,11075.237562
2026-04-23 08:15:00,1.4198,1.4198,1.4188,1.4191,6051.901099
2026-04-23 08:18:00,1.419,1.42,1.4183,1.42,8590.375477
2026-04-23 08:21:00,1.42,1.4202,1.4191,1.4193,34395.309157
2026-04-23 08:24:00,1.4193,1.4195,1.418,1.4189,20072.379557
2026-04-23 08:27:00,1.4188,1.4188,1.4168,1.4175,24587.332434
2026-04-23 08:30:00,1.4176,1.4176,1.4166,1.4168,7783.455888
2026-04-23 08:33:00,1.4167,1.4168,1.4159,1.4167,8661.582346
2026-04-23 08:36:00,1.4167,1.4167,1.4159,1.416,5428.388045
2026-04-23 08:39:00,1.416,1.4161,1.4152,1.4156,13002.581084
2026-04-23 08:42:00,1.4157,1.4163,1.4152,1.4153,13035.95697
2026-04-23 08:45:00,1.4153,1.4167,1.4153,1.4167,13622.184775
2026-04-23 08:48:00,1.4167,1.4168,1.416,1.4168,7143.412219
2026-04-23 08:51:00,1.4167,1.4177,1.4167,1.4177,9168.786273
2026-04-23 08:54:00,1.4177,1.4181,1.4175,1.418,6518.63407
2026-04-23 08:57:00,1.4181,1.4188,1.4179,1.4182,6284.935041
2026-04-23 09:00:00,1.4182,1.4188,1.4177,1.4185,8317.658191
2026-04-23 09:03:00,1.4185,1.4185,1.415,1.4153,97780.413216
2026-04-23 09:06:00,1.4153,1.4156,1.4139,1.414,32977.984325
2026-04-23 09:09:00,1.4141,1.4151,1.4121,1.4133,75892.752456
2026-04-23 09:12:00,1.4131,1.4136,1.4124,1.4136,13374.807551
2026-04-23 09:15:00,1.4135,1.4145,1.4135,1.4143,11427.255944
2026-04-23 09:18:00,1.4145,1.4167,1.4145,1.4153,17543.608684
2026-04-23 09:21:00,1.4156,1.4161,1.4145,1.4151,28196.009962
2026-04-23 09:24:00,1.415,1.415,1.4145,1.4147,4559.856247
2026-04-23 09:27:00,1.4148,1.4154,1.4148,1.4154,14520.779864
2026-04-23 09:30:00,1.4155,1.4162,1.4151,1.4151,29638.221085
2026-04-23 09:33:00,1.415,1.4154,1.4146,1.415,9783.72801
2026-04-23 09:36:00,1.4154,1.4157,1.4151,1.4151,20314.753893
2026-04-23 09:39:00,1.4151,1.4163,1.4151,1.4163,9298.97374
2026-04-23 09:42:00,1.4162,1.4163,1.4159,1.416,13379.892671
2026-04-23 09:45:00,1.4159,1.416,1.413,1.4131,36119.903479
2026-04-23 09:48:00,1.413,1.4139,1.4124,1.4139,12287.684825
2026-04-23 09:51:00,1.4139,1.415,1.4139,1.4141,12045.062143
2026-04-23 09:54:00,1.4142,1.415,1.414,1.4149,17071.512573
2026-04-23 09:57:00,1.4149,1.4152,1.4145,1.4151,14515.548337
2026-04-23 10:00:00,1.415,1.4161,1.4145,1.4161,13679.895766
2026-04-23 10:03:00,1.416,1.416,1.412,1.414,160696.257293
2026-04-23 10:06:00,1.4137,1.4139,1.4115,1.4124,60344.976054
2026-04-23 10:09:00,1.4121,1.4128,1.4119,1.4122,26454.621911
2026-04-23 10:12:00,1.4121,1.4121,1.4085,1.4092,243280.700525
2026-04-23 10:15:00,1.4092,1.41,1.4092,1.4099,23102.329542
2026-04-23 10:18:00,1.4098,1.4113,1.4097,1.4107,51115.394663
2026-04-23 10:21:00,1.4107,1.4112,1.4099,1.4104,18427.110803
2026-04-23 10:24:00,1.4105,1.4111,1.4105,1.4107,7529.403466
2026-04-23 10:27:00,1.4107,1.4112,1.4105,1.411,7343.282289
2026-04-23 10:30:00,1.4109,1.4115,1.4107,1.4107,2721.575872
2026-04-23 10:33:00,1.4107,1.4117,1.4107,1.4112,19410.0715
2026-04-23 10:36:00,1.4113,1.4113,1.4101,1.4108,4593.318033
2026-04-23 10:39:00,1.4107,1.411,1.4105,1.4105,1606.142055
2026-04-23 10:42:00,1.4104,1.4106,1.4102,1.4104,13106.528748
2026-04-23 10:45:00,1.4105,1.4115,1.41,1.41,20167.170494
2026-04-23 10:48:00,1.4101,1.4105,1.4096,1.4099,20469.150768
2026-04-23 10:51:00,1.41,1.4103,1.4096,1.4099,5944.278213
2026-04-23 10:54:00,1.4099,1.4106,1.4094,1.4106,23122.441606
2026-04-23 10:57:00,1.4109,1.4111,1.4107,1.4107,5740.940808
2026-04-23 11:00:00,1.4107,1.4124,1.4107,1.4119,9955.215771
2026-04-23 11:03:00,1.4119,1.4121,1.4116,1.4117,8398.294053
2026-04-23 11:06:00,1.4117,1.4124,1.4111,1.4123,15011.669546
2026-04-23 11:09:00,1.4123,1.4128,1.412,1.4127,19276.403904
2026-04-23 11:12:00,1.4127,1.4127,1.4114,1.4122,21845.176022
2026-04-23 11:15:00,1.4121,1.4126,1.4117,1.4125,10770.848348
2026-04-23 11:18:00,1.4126,1.4131,1.4125,1.4131,12488.992887
2026-04-23 11:21:00,1.413,1.413,1.4117,1.4117,10365.760961
2026-04-23 11:24:00,1.4118,1.4129,1.4118,1.4128,18848.996097
2026-04-23 11:27:00,1.4127,1.4138,1.4126,1.4132,32497.038692
2026-04-23 11:30:00,1.413,1.4131,1.4126,1.4131,7699.701942
2026-04-23 11:33:00,1.4127,1.4133,1.4122,1.4133,17195.42906
2026-04-23 11:36:00,1.4138,1.4147,1.4136,1.4141,25281.005163
2026-04-23 11:39:00,1.4138,1.4139,1.4137,1.4137,616.501812
2026-04-23 11:42:00,1.4139,1.4152,1.4139,1.4148,31598.49457
2026-04-23 11:45:00,1.4149,1.4166,1.4149,1.4165,65072.698103
2026-04-23 11:48:00,1.4165,1.4169,1.4154,1.4154,24908.970302
2026-04-23 11:51:00,1.4155,1.417,1.4155,1.4167,12112.703316
2026-04-23 11:54:00,1.4167,1.4176,1.4167,1.4172,27481.705015
2026-04-23 11:57:00,1.4171,1.4171,1.4162,1.4163,12533.683096
2026-04-23 12:00:00,1.4164,1.4174,1.4163,1.4171,14278.727874
2026-04-23 12:03:00,1.4171,1.4174,1.4158,1.417,78338.274519
2026-04-23 12:06:00,1.4169,1.4189,1.4166,1.418,49283.975322
2026-04-23 12:09:00,1.418,1.4181,1.4173,1.4178,19664.76278
2026-04-23 12:12:00,1.4178,1.4188,1.4173,1.418,13064.886168
2026-04-23 12:15:00,1.4178,1.4179,1.4165,1.417,20372.953806
2026-04-23 12:18:00,1.4169,1.4169,1.4166,1.4168,5773.700273
2026-04-23 12:21:00,1.4169,1.4169,1.4153,1.4165,32955.123639
2026-04-23 12:24:00,1.4165,1.4175,1.4165,1.4172,18003.384185
2026-04-23 12:27:00,1.4171,1.4179,1.4166,1.4179,33599.385873
2026-04-23 12:30:00,1.4176,1.4189,1.4175,1.4184,11709.264869
2026-04-23 12:33:00,1.4183,1.4202,1.4177,1.4197,51486.584898
2026-04-23 12:36:00,1.4197,1.4199,1.4193,1.4198,3389.320803
2026-04-23 12:39:00,1.4198,1.4208,1.4197,1.4208,23568.092702
2026-04-23 12:42:00,1.4208,1.4209,1.4192,1.4197,35865.602988
2026-04-23 12:45:00,1.4198,1.4205,1.4152,1.4166,120066.946316
2026-04-23 12:48:00,1.4166,1.4177,1.4164,1.4164,33483.854544
2026-04-23 12:51:00,1.4166,1.4182,1.4166,1.4171,27554.129811
2026-04-23 12:54:00,1.4171,1.4179,1.4168,1.4172,40428.80406
2026-04-23 12:57:00,1.4174,1.4185,1.4174,1.4185,15541.761664
2026-04-23 13:00:00,1.4187,1.4194,1.418,1.4183,14778.314446
2026-04-23 13:03:00,1.4183,1.4199,1.4183,1.4185,9187.296676
2026-04-23 13:06:00,1.4185,1.4191,1.4184,1.4184,2572.282631
2026-04-23 13:09:00,1.419,1.4197,1.4186,1.4186,19064.498508
2026-04-23 13:12:00,1.4186,1.4187,1.4159,1.4167,35217.628124
2026-04-23 13:15:00,1.4168,1.4176,1.4163,1.4163,5756.107268
2026-04-23 13:18:00,1.4161,1.417,1.4157,1.4165,10983.912919
2026-04-23 13:21:00,1.4165,1.4168,1.4163,1.4164,16164.530109
2026-04-23 13:24:00,1.4165,1.4165,1.4157,1.4158,12176.886601
2026-04-23 13:27:00,1.4158,1.4159,1.4147,1.4155,17669.43611
2026-04-23 13:30:00,1.4154,1.4176,1.4151,1.4171,28592.89589
2026-04-23 13:33:00,1.4169,1.4169,1.4152,1.4164,15973.502792
2026-04-23 13:36:00,1.4162,1.4174,1.4152,1.4166,24082.76742
2026-04-23 13:39:00,1.4168,1.4173,1.4156,1.4163,11252.049147
2026-04-23 13:42:00,1.4164,1.4164,1.4159,1.4161,9543.841026
2026-04-23 13:45:00,1.416,1.4179,1.4148,1.4166,41565.579812
2026-04-23 13:48:00,1.4166,1.4192,1.4156,1.4161,159776.271639
2026-04-23 13:51:00,1.4162,1.4169,1.4144,1.4152,14077.932842
2026-04-23 13:54:00,1.4152,1.4153,1.4142,1.415,17759.809585
2026-04-23 13:57:00,1.4152,1.4167,1.4152,1.4162,12282.852194
2026-04-23 14:00:00,1.4162,1.4164,1.4141,1.4157,24027.603899
2026-04-23 14:03:00,1.416,1.4177,1.4158,1.4176,19168.098402
2026-04-23 14:06:00,1.4172,1.4174,1.4152,1.4173,16982.672451
2026-04-23 14:09:00,1.4171,1.4173,1.4156,1.4162,13894.455101
2026-04-23 14:12:00,1.4161,1.4167,1.416,1.4164,11005.604878
2026-04-23 14:15:00,1.4166,1.418,1.4166,1.4175,12210.444583
2026-04-23 14:18:00,1.4174,1.4174,1.4157,1.4166,4953.21347
2026-04-23 14:21:00,1.4166,1.4184,1.4163,1.4184,15916.151576
2026-04-23 14:24:00,1.4184,1.4194,1.4184,1.4193,17884.987827
2026-04-23 14:27:00,1.4195,1.4209,1.418,1.4185,34264.04283
2026-04-23 14:30:00,1.419,1.4208,1.419,1.4206,12005.487779
2026-04-23 14:33:00,1.4207,1.4209,1.4199,1.4207,18071.706708
2026-04-23 14:36:00,1.421,1.4236,1.421,1.4219,61536.161448
2026-04-23 14:39:00,1.4218,1.4264,1.4212,1.4235,101975.433493
2026-04-23 14:42:00,1.4231,1.4249,1.4227,1.4249,18721.399444
2026-04-23 14:45:00,1.4251,1.4265,1.4251,1.4259,22283.668435
2026-04-23 14:48:00,1.4259,1.427,1.4255,1.427,25738.860418
2026-04-23 14:51:00,1.4271,1.429,1.4266,1.4287,19868.833789
2026-04-23 14:54:00,1.4288,1.4294,1.4277,1.4294,12913.514347
2026-04-23 14:57:00,1.4295,1.4305,1.4286,1.4301,87024.421533
2026-04-23 15:00:00,1.4303,1.4314,1.4286,1.4287,28495.013438
2026-04-23 15:03:00,1.4287,1.429,1.4274,1.4283,116448.720051
2026-04-23 15:06:00,1.4282,1.4283,1.4272,1.4272,10349.452966
2026-04-23 15:09:00,1.4273,1.4282,1.4271,1.4275,24575.652328
2026-04-23 15:12:00,1.4273,1.4276,1.4263,1.4264,11478.524965
2026-04-23 15:15:00,1.4264,1.4329,1.4257,1.4317,36846.089279
2026-04-23 15:18:00,1.4322,1.4346,1.4322,1.4346,130777.926989
2026-04-23 15:21:00,1.4347,1.4367,1.434,1.4366,22621.871484
2026-04-23 15:24:00,1.4366,1.4369,1.4343,1.4343,29597.066964
2026-04-23 15:27:00,1.4346,1.4348,1.4326,1.4326,14827.581999
2026-04-23 15:30:00,1.4325,1.4336,1.4311,1.4335,15918.425098
2026-04-23 15:33:00,1.4336,1.434,1.4323,1.4325,32556.164777
2026-04-23 15:36:00,1.4325,1.433,1.4317,1.4326,14685.60183
2026-04-23 15:39:00,1.4326,1.4342,1.4326,1.4337,33245.902175
2026-04-23 15:42:00,1.4334,1.434,1.4322,1.4322,21663.093657
2026-04-23 15:45:00,1.4321,1.4321,1.4298,1.4311,37546.423361
2026-04-23 15:48:00,1.4317,1.4325,1.4312,1.4318,7482.912578
2026-04-23 15:51:00,1.4315,1.4327,1.4311,1.4316,21643.171676
2026-04-23 15:54:00,1.4314,1.4326,1.4296,1.4319,138357.088988
2026-04-23 15:57:00,1.4319,1.4319,1.4311,1.4316,29423.691899
2026-04-23 16:00:00,1.4317,1.4328,1.4313,1.4326,41553.350143
2026-04-23 16:03:00,1.4322,1.4326,1.4297,1.431,13649.828875
2026-04-23 16:06:00,1.4306,1.4313,1.4302,1.4302,15328.513288
2026-04-23 16:09:00,1.4297,1.4313,1.4296,1.4307,25638.549416
2026-04-23 16:12:00,1.4304,1.4314,1.4285,1.429,87032.228073
2026-04-23 16:15:00,1.4291,1.43,1.4286,1.4286,22932.891362
2026-04-23 16:18:00,1.4288,1.4307,1.4288,1.4296,10849.375838
2026-04-23 16:21:00,1.4296,1.4329,1.4296,1.4324,256204.217651
2026-04-23 16:24:00,1.4324,1.4327,1.4318,1.4319,22493.74832
2026-04-23 16:27:00,1.4322,1.4322,1.4304,1.4304,6943.80154
2026-04-23 16:30:00,1.4302,1.4322,1.4302,1.4311,14557.251253
2026-04-23 16:33:00,1.4309,1.4328,1.4305,1.4327,22734.625615
2026-04-23 16:36:00,1.4327,1.4328,1.431,1.4315,20017.951249
2026-04-23 16:39:00,1.4315,1.4319,1.4304,1.4305,23430.074948
2026-04-23 16:42:00,1.4305,1.4331,1.43,1.4312,192183.535998
2026-04-23 16:45:00,1.4311,1.4321,1.431,1.4319,47790.111495
2026-04-23 16:48:00,1.432,1.4327,1.4313,1.4324,48443.566811
2026-04-23 16:51:00,1.4327,1.433,1.4304,1.4304,43678.376307
2026-04-23 16:54:00,1.4304,1.4306,1.4278,1.4284,84464.163875
2026-04-23 16:57:00,1.4287,1.4316,1.4287,1.43,123131.331725
2026-04-23 17:00:00,1.4301,1.4321,1.4263,1.4267,103697.301294
2026-04-23 17:03:00,1.4269,1.4301,1.4266,1.4279,221794.750179
2026-04-23 17:06:00,1.4279,1.4295,1.4269,1.428,225398.282897
2026-04-23 17:09:00,1.428,1.4302,1.4269,1.43,243499.489084
2026-04-23 17:12:00,1.4303,1.4331,1.4303,1.4331,119157.307742
2026-04-23 17:15:00,1.4331,1.4355,1.4298,1.4338,170062.661516
2026-04-23 17:18:00,1.4338,1.4338,1.4305,1.4328,125042.414195
2026-04-23 17:21:00,1.4335,1.4354,1.4334,1.4348,62414.072183
2026-04-23 17:24:00,1.4355,1.4367,1.4328,1.4352,52508.38936
2026-04-23 17:27:00,1.4351,1.4351,1.4302,1.4302,57103.207748
2026-04-23 17:30:00,1.4301,1.4321,1.4288,1.4318,170960.113626
2026-04-23 17:33:00,1.4319,1.4369,1.4311,1.4357,187765.223867
2026-04-23 17:36:00,1.4355,1.4355,1.4282,1.4292,188980.733836
2026-04-23 17:39:00,1.4292,1.4296,1.423,1.4238,181689.637947
2026-04-23 17:42:00,1.4238,1.4261,1.4224,1.4243,102620.865196
2026-04-23 17:45:00,1.4242,1.426,1.4212,1.4254,131708.342192
2026-04-23 17:48:00,1.4252,1.4284,1.4247,1.4267,73089.060027
2026-04-23 17:51:00,1.4268,1.4345,1.425,1.4317,249846.851855
2026-04-23 17:54:00,1.4317,1.4366,1.4291,1.4352,118009.151185
2026-04-23 17:57:00,1.4352,1.4367,1.4345,1.4353,79980.676469
2026-04-23 18:00:00,1.4353,1.4388,1.4349,1.4366,121531.815755
2026-04-23 18:03:00,1.437,1.4377,1.4326,1.4364,134577.999412
2026-04-23 18:06:00,1.4366,1.4405,1.4366,1.437,54478.474931
2026-04-23 18:09:00,1.437,1.4409,1.437,1.4391,95316.328832
2026-04-23 18:12:00,1.4391,1.4402,1.4378,1.4378,72507.140518
2026-04-23 18:15:00,1.4379,1.441,1.4379,1.4392,48388.527139
2026-04-23 18:18:00,1.4395,1.4408,1.4383,1.4387,99578.226211
2026-04-23 18:21:00,1.4387,1.4391,1.4352,1.4361,77766.628581
2026-04-23 18:24:00,1.436,1.436,1.434,1.4341,22020.304494
2026-04-23 18:27:00,1.4341,1.4348,1.4309,1.434,180905.231681
2026-04-23 18:30:00,1.4341,1.4365,1.4341,1.4351,52990.038974
2026-04-23 18:33:00,1.4346,1.4371,1.4345,1.436,23904.433481
2026-04-23 18:36:00,1.4363,1.4402,1.4363,1.4389,63947.390566
2026-04-23 18:39:00,1.4388,1.4399,1.4382,1.4398,39482.651306
2026-04-23 18:42:00,1.4398,1.44,1.4385,1.4388,30172.606457
2026-04-23 18:45:00,1.4388,1.4392,1.4379,1.4386,33068.07578
2026-04-23 18:48:00,1.4386,1.4392,1.4355,1.4363,50694.597354
2026-04-23 18:51:00,1.4356,1.4383,1.4356,1.4377,43879.67757
2026-04-23 18:54:00,1.4377,1.4378,1.4354,1.4356,33583.093293
2026-04-23 18:57:00,1.4355,1.4356,1.4311,1.4312,68570.121022
2026-04-23 19:00:00,1.4313,1.4328,1.4289,1.4294,51967.099111
2026-04-23 19:03:00,1.4294,1.4298,1.4278,1.4296,49670.750194
2026-04-23 19:06:00,1.4297,1.4304,1.4286,1.4297,23838.471526
2026-04-23 19:09:00,1.4297,1.4302,1.429,1.43,37632.304193
2026-04-23 19:12:00,1.4304,1.4311,1.4292,1.4304,33807.927121
2026-04-23 19:15:00,1.4307,1.4339,1.4307,1.4337,39838.662172
2026-04-23 19:18:00,1.4334,1.4335,1.4316,1.4323,10017.610398
2026-04-23 19:21:00,1.4322,1.4325,1.4314,1.4317,11070.852903
2026-04-23 19:24:00,1.4319,1.4337,1.4316,1.4329,33460.625598
2026-04-23 19:27:00,1.4333,1.4337,1.4318,1.4318,11537.94932
2026-04-23 19:30:00,1.4318,1.433,1.4314,1.4317,30242.161526
2026-04-23 19:33:00,1.4316,1.4316,1.4269,1.4287,18412.505397
2026-04-23 19:36:00,1.4289,1.4299,1.4286,1.4296,12815.091605
2026-04-23 19:39:00,1.4296,1.4297,1.4285,1.429,12650.154983
2026-04-23 19:42:00,1.4291,1.4296,1.4288,1.4288,6194.927222
2026-04-23 19:45:00,1.4289,1.4307,1.4289,1.4305,22588.019451
2026-04-23 19:48:00,1.4307,1.4325,1.4278,1.4308,85060.298327
2026-04-23 19:51:00,1.4309,1.4328,1.4306,1.4325,17918.563882
2026-04-23 19:54:00,1.4324,1.4325,1.4317,1.4325,4749.862563
2026-04-23 19:57:00,1.4325,1.433,1.4294,1.4294,25831.531508
2026-04-23 20:00:00,1.4297,1.4322,1.4292,1.431,50948.612991
2026-04-23 20:03:00,1.4312,1.4344,1.4308,1.4344,15210.849239
2026-04-23 20:06:00,1.4344,1.4349,1.4324,1.4329,17603.02331
2026-04-23 20:09:00,1.4329,1.4338,1.4319,1.4319,13177.367661
2026-04-23 20:12:00,1.4317,1.4317,1.4301,1.4301,13392.831604
2026-04-23 20:15:00,1.4301,1.4306,1.4279,1.4286,44199.371931
2026-04-23 20:18:00,1.4288,1.4299,1.4288,1.4297,17192.070622
2026-04-23 20:21:00,1.4299,1.4301,1.4287,1.4296,15927.86586
2026-04-23 20:24:00,1.4296,1.4317,1.4296,1.4315,43892.277707
2026-04-23 20:27:00,1.432,1.4333,1.4317,1.4317,29577.668297
2026-04-23 20:30:00,1.4319,1.4323,1.431,1.4323,11066.163155
2026-04-23 20:33:00,1.4324,1.4339,1.4324,1.433,8395.380258
2026-04-23 20:36:00,1.4331,1.4331,1.4313,1.4325,43925.876978
2026-04-23 20:39:00,1.4325,1.4362,1.4325,1.4358,302362.897985
2026-04-23 20:42:00,1.4358,1.4369,1.4356,1.4369,30160.849878
2026-04-23 20:45:00,1.4368,1.4373,1.4363,1.4364,19742.204
2026-04-23 20:48:00,1.4365,1.4367,1.4354,1.4359,18500.425671
2026-04-23 20:51:00,1.4358,1.4358,1.4342,1.4342,29993.729511
2026-04-23 20:54:00,1.4338,1.4339,1.4328,1.4331,10664.583532
2026-04-23 20:57:00,1.4327,1.4331,1.4319,1.4329,26159.832134
2026-04-23 21:00:00,1.433,1.4338,1.433,1.4337,14513.14653
2026-04-23 21:03:00,1.4336,1.4346,1.4336,1.4342,12768.523182
2026-04-23 21:06:00,1.4341,1.4341,1.4329,1.4329,8811.631486
2026-04-23 21:09:00,1.4329,1.4331,1.4327,1.4327,21019.878826
2026-04-23 21:12:00,1.4326,1.4326,1.4305,1.4314,318078.943837
2026-04-23 21:15:00,1.4315,1.4317,1.4308,1.4309,11098.464115
2026-04-23 21:18:00,1.4307,1.4321,1.4307,1.4311,9768.227613
2026-04-23 21:21:00,1.431,1.4326,1.4309,1.432,14025.291187
2026-04-23 21:24:00,1.432,1.4327,1.4319,1.4321,5139.50677
2026-04-23 21:27:00,1.4321,1.4337,1.432,1.4337,19146.047793
2026-04-23 21:30:00,1.4339,1.4356,1.4339,1.4355,24432.07256
2026-04-23 21:33:00,1.4355,1.436,1.4355,1.4357,7935.722613
2026-04-23 21:36:00,1.4358,1.436,1.4355,1.4359,24282.440925
2026-04-23 21:39:00,1.4358,1.437,1.435,1.437,19359.287798
2026-04-23 21:42:00,1.4371,1.4379,1.4371,1.4375,23650.822705
2026-04-23 21:45:00,1.4373,1.4378,1.4369,1.4377,16238.081384
2026-04-23 21:48:00,1.4377,1.438,1.4373,1.4379,15041.508989
2026-04-23 21:51:00,1.4378,1.4378,1.4366,1.4372,23174.355123
2026-04-23 21:54:00,1.4372,1.4373,1.4356,1.4356,20862.828864
2026-04-23 21:57:00,1.4355,1.4355,1.4333,1.4334,32941.183822
2026-04-23 22:00:00,1.4333,1.4359,1.4333,1.4346,64455.921104
2026-04-23 22:03:00,1.4346,1.4352,1.4338,1.4338,11173.704171
2026-04-23 22:06:00,1.4336,1.4373,1.4336,1.4356,27598.791596
2026-04-23 22:09:00,1.4356,1.4368,1.4354,1.4357,15926.450712
2026-04-23 22:12:00,1.4357,1.4361,1.4354,1.4359,11018.868254
2026-04-23 22:15:00,1.4359,1.438,1.4355,1.4374,33680.206698
2026-04-23 22:18:00,1.4374,1.4389,1.4365,1.4387,36224.998754
2026-04-23 22:21:00,1.4387,1.439,1.4373,1.4387,28864.89256
2026-04-23 22:24:00,1.4385,1.4385,1.4373,1.4377,10742.932217
2026-04-23 22:27:00,1.4377,1.4386,1.4373,1.4373,11077.207148
2026-04-23 22:30:00,1.4373,1.438,1.4369,1.437,18940.0819
2026-04-23 22:33:00,1.437,1.4381,1.4369,1.4379,14246.619784
2026-04-23 22:36:00,1.4381,1.4387,1.4379,1.438,16264.573186
2026-04-23 22:39:00,1.438,1.4387,1.4378,1.4382,19066.736299
2026-04-23 22:42:00,1.4381,1.4385,1.438,1.4383,10196.700585
2026-04-23 22:45:00,1.4384,1.4392,1.4383,1.4383,27057.875834
2026-04-23 22:48:00,1.4383,1.4392,1.4383,1.439,14075.37516
2026-04-23 22:51:00,1.4391,1.4391,1.438,1.4381,27717.434518
2026-04-23 22:54:00,1.4381,1.4388,1.4373,1.4374,47437.222099
2026-04-23 22:57:00,1.4373,1.4373,1.4358,1.436,34588.760829
2026-04-23 23:00:00,1.436,1.4374,1.4356,1.4368,18923.581879
2026-04-23 23:03:00,1.4369,1.4369,1.4357,1.4364,26221.319774
2026-04-23 23:06:00,1.4364,1.4365,1.4352,1.4353,8239.992961
2026-04-23 23:09:00,1.4354,1.4356,1.4335,1.434,8310.211546
2026-04-23 23:12:00,1.4337,1.4338,1.4331,1.4337,5301.874527
2026-04-23 23:15:00,1.4337,1.4345,1.4325,1.4344,19579.801044
2026-04-23 23:18:00,1.4343,1.4348,1.4338,1.4347,18918.277509
2026-04-23 23:21:00,1.4347,1.4356,1.4347,1.4355,19241.595462
2026-04-23 23:24:00,1.4356,1.4356,1.4352,1.4352,2970.542938
2026-04-23 23:27:00,1.4351,1.4356,1.4347,1.4347,21603.739502
2026-04-23 23:30:00,1.4348,1.4355,1.4348,1.4349,15045.592936
2026-04-23 23:33:00,1.4349,1.4354,1.4348,1.4353,4708.129836
2026-04-23 23:36:00,1.4354,1.4368,1.4354,1.4368,20246.162361
2026-04-23 23:39:00,1.4368,1.4376,1.4361,1.4373,12793.346138
2026-04-23 23:42:00,1.4373,1.4378,1.4373,1.4377,26220.169681
2026-04-23 23:45:00,1.4379,1.4405,1.4378,1.4402,50958.882014
2026-04-23 23:48:00,1.4403,1.4403,1.4393,1.4396,32396.167124
2026-04-23 23:51:00,1.4395,1.4397,1.4391,1.4392,8561.396953
2026-04-23 23:54:00,1.4391,1.4393,1.4385,1.4385,29988.061786
