timestamp,open,high,low,close,volume
2026-04-19 15:00:00,1.4378,1.4379,1.4347,1.4372,57887.726728
2026-04-19 15:05:00,1.4372,1.4372,1.4347,1.4349,32443.54872
2026-04-19 15:10:00,1.435,1.436,1.4348,1.4351,17988.668198
2026-04-19 15:15:00,1.4349,1.4388,1.4349,1.4374,33042.823675
2026-04-19 15:20:00,1.4375,1.4375,1.433,1.4352,42361.896877
2026-04-19 15:25:00,1.4347,1.435,1.4332,1.434,11546.824889
2026-04-19 15:30:00,1.4341,1.4344,1.4275,1.4292,98090.275082
2026-04-19 15:35:00,1.4295,1.4304,1.4219,1.426,430579.785041
2026-04-19 15:40:00,1.4262,1.4269,1.4243,1.4261,57187.648186
2026-04-19 15:45:00,1.4259,1.4291,1.4252,1.4281,43614.769704
2026-04-19 15:50:00,1.4281,1.4306,1.4265,1.43,53222.309964
2026-04-19 15:55:00,1.4304,1.4313,1.429,1.4313,44812.695202
2026-04-19 16:00:00,1.4314,1.4322,1.4287,1.432,55570.015294
2026-04-19 16:05:00,1.4317,1.4317,1.4288,1.4288,32794.682961
2026-04-19 16:10:00,1.4287,1.4297,1.4277,1.4284,45405.603703
2026-04-19 16:15:00,1.4283,1.4301,1.4258,1.4258,34150.723469
2026-04-19 16:20:00,1.4262,1.4266,1.4237,1.4261,42041.149848
2026-04-19 16:25:00,1.4255,1.4278,1.4239,1.4244,30907.901583
2026-04-19 16:30:00,1.4242,1.4291,1.4231,1.4277,45580.414639
2026-04-19 16:35:00,1.4279,1.4282,1.4267,1.4273,37595.621911
2026-04-19 16:40:00,1.4274,1.428,1.4255,1.4268,20813.475825
2026-04-19 16:45:00,1.4268,1.428,1.4261,1.4274,14883.55286
2026-04-19 16:50:00,1.4275,1.4275,1.4221,1.4222,50601.146117
2026-04-19 16:55:00,1.4222,1.4238,1.4203,1.4222,60363.188746
2026-04-19 17:00:00,1.4222,1.4232,1.4191,1.4193,75957.432198
2026-04-19 17:05:00,1.419,1.4206,1.4163,1.4177,133030.626904
2026-04-19 17:10:00,1.418,1.4198,1.4169,1.4198,43065.914889
2026-04-19 17:15:00,1.4199,1.4238,1.4197,1.4219,217935.911793
2026-04-19 17:20:00,1.4221,1.4242,1.4199,1.4199,44401.865745
2026-04-19 17:25:00,1.42,1.4208,1.4182,1.4203,38853.950435
2026-04-19 17:30:00,1.4206,1.4225,1.4166,1.4172,77260.304346
2026-04-19 17:35:00,1.4169,1.42,1.416,1.42,67185.603364
2026-04-19 17:40:00,1.4201,1.4207,1.4188,1.4203,56075.885535
2026-04-19 17:45:00,1.42,1.4217,1.4181,1.4182,51496.430616
2026-04-19 17:50:00,1.4178,1.4178,1.4111,1.4134,153475.557549
2026-04-19 17:55:00,1.4135,1.4147,1.4123,1.413,66729.285107
2026-04-19 18:00:00,1.4133,1.415,1.4115,1.4124,61767.539798
2026-04-19 18:05:00,1.4124,1.4155,1.4117,1.4153,40412.407931
2026-04-19 18:10:00,1.4155,1.4175,1.415,1.4171,46176.070145
2026-04-19 18:15:00,1.4172,1.4178,1.4162,1.4164,20009.879753
2026-04-19 18:20:00,1.4161,1.4162,1.4131,1.4132,90853.092428
2026-04-19 18:25:00,1.4132,1.4176,1.4123,1.4161,55220.032868
2026-04-19 18:30:00,1.416,1.4162,1.4141,1.4141,32828.455787
2026-04-19 18:35:00,1.4142,1.4167,1.4142,1.4161,37421.825879
2026-04-19 18:40:00,1.4156,1.4165,1.4148,1.4151,96838.019688
2026-04-19 18:45:00,1.4151,1.4165,1.4135,1.4164,28592.501977
2026-04-19 18:50:00,1.4164,1.4169,1.4148,1.4153,26957.066993
2026-04-19 18:55:00,1.415,1.4156,1.4141,1.4154,27882.96857
2026-04-19 19:00:00,1.4161,1.4192,1.4161,1.4168,43835.714227
2026-04-19 19:05:00,1.4171,1.4197,1.4171,1.4187,27026.010498
2026-04-19 19:10:00,1.4188,1.4196,1.4176,1.4183,45707.305047
2026-04-19 19:15:00,1.4183,1.4215,1.418,1.4214,26196.215555
2026-04-19 19:20:00,1.4214,1.4215,1.4173,1.4174,27009.344239
2026-04-19 19:25:00,1.4172,1.4193,1.4169,1.4186,27398.301406
2026-04-19 19:30:00,1.4185,1.4209,1.4182,1.4188,18861.484807
2026-04-19 19:35:00,1.4187,1.4193,1.4182,1.4187,11180.135068
2026-04-19 19:40:00,1.4185,1.4207,1.4185,1.419,19594.178023
2026-04-19 19:45:00,1.4191,1.42,1.4188,1.419,10923.680783
2026-04-19 19:50:00,1.4191,1.4198,1.4178,1.4178,6571.984029
2026-04-19 19:55:00,1.4175,1.4179,1.4158,1.4175,49349.874244
2026-04-19 20:00:00,1.4173,1.4173,1.4135,1.4141,48682.547773
2026-04-19 20:05:00,1.4141,1.4142,1.4126,1.4142,36998.394138
2026-04-19 20:10:00,1.414,1.4154,1.4127,1.4144,92620.34917
2026-04-19 20:15:00,1.4143,1.4143,1.4116,1.4117,36933.39752
2026-04-19 20:20:00,1.4118,1.4132,1.4115,1.4124,55468.694682
2026-04-19 20:25:00,1.4125,1.4148,1.4124,1.414,33808.64258
2026-04-19 20:30:00,1.414,1.4173,1.4133,1.4165,100858.075809
2026-04-19 20:35:00,1.4167,1.4171,1.4144,1.4144,29826.521497
2026-04-19 20:40:00,1.4143,1.4144,1.4087,1.4105,170222.823227
2026-04-19 20:45:00,1.4109,1.4128,1.4097,1.4113,38222.46877
2026-04-19 20:50:00,1.4117,1.4148,1.4108,1.4136,57131.061188
2026-04-19 20:55:00,1.4133,1.4133,1.4101,1.4104,30763.237784
2026-04-19 21:00:00,1.4104,1.4132,1.41,1.4123,50801.916878
2026-04-19 21:05:00,1.4117,1.4142,1.4117,1.4137,21386.667456
2026-04-19 21:10:00,1.414,1.4162,1.4125,1.4141,131400.746719
2026-04-19 21:15:00,1.4138,1.4138,1.4114,1.4125,34061.414837
2026-04-19 21:20:00,1.4127,1.4135,1.4122,1.4127,21322.330455
2026-04-19 21:25:00,1.4125,1.4147,1.4119,1.4143,9804.166265
2026-04-19 21:30:00,1.4142,1.4166,1.4142,1.4143,13606.054982
2026-04-19 21:35:00,1.4149,1.4166,1.4149,1.4155,31386.442224
2026-04-19 21:40:00,1.4157,1.4166,1.4155,1.4159,14899.41454
2026-04-19 21:45:00,1.4159,1.4168,1.4138,1.4139,27652.307496
2026-04-19 21:50:00,1.4139,1.4141,1.4098,1.4099,52662.02388
2026-04-19 21:55:00,1.4098,1.4116,1.4092,1.4096,35055.70229
2026-04-19 22:00:00,1.4094,1.4094,1.4,1.4012,368430.42233
2026-04-19 22:05:00,1.4013,1.4067,1.4009,1.4053,132057.8607
2026-04-19 22:10:00,1.4058,1.4058,1.3991,1.4003,119519.754561
2026-04-19 22:15:00,1.4005,1.4024,1.3975,1.4011,133001.311723
2026-04-19 22:20:00,1.4011,1.4011,1.39,1.397,406516.411217
2026-04-19 22:25:00,1.3971,1.3991,1.3944,1.3972,52225.031041
2026-04-19 22:30:00,1.3972,1.4026,1.3968,1.3999,73559.159263
2026-04-19 22:35:00,1.4001,1.4025,1.3999,1.4011,45890.931803
2026-04-19 22:40:00,1.4014,1.4023,1.4006,1.4017,33965.500171
2026-04-19 22:45:00,1.4017,1.4024,1.3999,1.4005,27928.6955
2026-04-19 22:50:00,1.4006,1.4022,1.4,1.4003,47248.136376
2026-04-19 22:55:00,1.4003,1.4017,1.399,1.3993,65361.951595
2026-04-19 23:00:00,1.3991,1.3991,1.3938,1.3954,106023.544998
2026-04-19 23:05:00,1.395,1.3963,1.3939,1.396,83358.297678
2026-04-19 23:10:00,1.3961,1.3974,1.3952,1.3973,61299.968462
2026-04-19 23:15:00,1.3972,1.3972,1.3939,1.3962,84980.175226
2026-04-19 23:20:00,1.3963,1.3965,1.3928,1.3938,63311.119846
2026-04-19 23:25:00,1.3938,1.3956,1.3938,1.3954,82600.725513
2026-04-19 23:30:00,1.3956,1.3966,1.3945,1.3953,82424.577405
2026-04-19 23:35:00,1.3953,1.3975,1.3945,1.396,36804.964032
2026-04-19 23:40:00,1.396,1.3965,1.3946,1.3955,30165.546062
2026-04-19 23:45:00,1.3956,1.3956,1.3941,1.3943,34100.670613
2026-04-19 23:50:00,1.3941,1.3966,1.3941,1.395,30635.426379
2026-04-19 23:55:00,1.395,1.395,1.3931,1.3942,81138.364214
2026-04-20 00:00:00,1.3944,1.4018,1.3934,1.3996,286478.001355
2026-04-20 00:05:00,1.3994,1.4016,1.3971,1.4011,121373.53537
2026-04-20 00:10:00,1.401,1.4019,1.4003,1.4003,38667.317498
2026-04-20 00:15:00,1.4003,1.404,1.4003,1.4015,78571.032608
2026-04-20 00:20:00,1.4015,1.4054,1.4012,1.4054,60835.885262
2026-04-20 00:25:00,1.4052,1.4058,1.4041,1.4056,47138.334373
2026-04-20 00:30:00,1.4054,1.4072,1.405,1.406,30191.81709
2026-04-20 00:35:00,1.4059,1.406,1.4044,1.4056,17763.311854
2026-04-20 00:40:00,1.4055,1.4067,1.405,1.4054,36333.360466
2026-04-20 00:45:00,1.4052,1.4065,1.4049,1.4063,15873.685465
2026-04-20 00:50:00,1.4062,1.408,1.4062,1.4075,26504.242262
2026-04-20 00:55:00,1.4074,1.4081,1.4057,1.4057,30290.699071
2026-04-20 01:00:00,1.4055,1.4074,1.4053,1.4068,28654.608896
2026-04-20 01:05:00,1.4068,1.4075,1.4058,1.4063,49904.919689
2026-04-20 01:10:00,1.4063,1.408,1.4063,1.408,12671.208243
2026-04-20 01:15:00,1.408,1.408,1.4062,1.4068,18436.537447
2026-04-20 01:20:00,1.4067,1.4067,1.4047,1.4052,29102.40712
2026-04-20 01:25:00,1.4053,1.4062,1.4052,1.4058,21605.749834
2026-04-20 01:30:00,1.406,1.4117,1.406,1.4104,98117.285481
2026-04-20 01:35:00,1.4105,1.4108,1.4095,1.4106,19239.054784
2026-04-20 01:40:00,1.4107,1.4117,1.4099,1.4105,18267.514621
2026-04-20 01:45:00,1.4105,1.4109,1.408,1.4087,30918.784375
2026-04-20 01:50:00,1.4086,1.4093,1.4079,1.4092,16136.998485
2026-04-20 01:55:00,1.4093,1.4095,1.4082,1.4082,9502.72482
2026-04-20 02:00:00,1.4083,1.4086,1.4061,1.4062,22665.01791
2026-04-20 02:05:00,1.4063,1.4086,1.406,1.4081,19355.787978
2026-04-20 02:10:00,1.4078,1.4078,1.4051,1.4053,3361.987942
2026-04-20 02:15:00,1.4051,1.408,1.4042,1.4065,46849.733588
2026-04-20 02:20:00,1.4066,1.4066,1.4054,1.4059,18586.372545
2026-04-20 02:25:00,1.4058,1.4059,1.4048,1.4051,33336.304841
2026-04-20 02:30:00,1.4052,1.4064,1.4044,1.4062,17147.257519
2026-04-20 02:35:00,1.4061,1.4076,1.4059,1.407,60489.145158
2026-04-20 02:40:00,1.407,1.4075,1.4063,1.4075,24572.803661
2026-04-20 02:45:00,1.4077,1.4086,1.4066,1.4083,26707.131363
2026-04-20 02:50:00,1.4085,1.4088,1.4075,1.4087,34838.171209
2026-04-20 02:55:00,1.4082,1.4096,1.4071,1.4082,89411.087819
2026-04-20 03:00:00,1.4082,1.4097,1.4077,1.4092,34467.875612
2026-04-20 03:05:00,1.4093,1.4117,1.4085,1.4107,39141.264997
2026-04-20 03:10:00,1.4108,1.4133,1.4104,1.4111,97978.638059
2026-04-20 03:15:00,1.4111,1.4117,1.4105,1.4113,50642.624819
2026-04-20 03:20:00,1.4114,1.4128,1.4105,1.412,49222.030047
2026-04-20 03:25:00,1.412,1.4125,1.4098,1.4113,79377.52013
2026-04-20 03:30:00,1.4114,1.4125,1.4106,1.4107,44582.69373
2026-04-20 03:35:00,1.4103,1.4106,1.4095,1.4103,24567.215769
2026-04-20 03:40:00,1.4101,1.4104,1.4095,1.4096,24204.70984
2026-04-20 03:45:00,1.4094,1.4099,1.4088,1.4095,14448.469701
2026-04-20 03:50:00,1.4095,1.411,1.4095,1.411,25751.281701
2026-04-20 03:55:00,1.4108,1.4112,1.4105,1.4112,24221.524572
2026-04-20 04:00:00,1.4112,1.4114,1.4102,1.4105,40417.342833
2026-04-20 04:05:00,1.4104,1.4109,1.4097,1.4098,20703.024204
2026-04-20 04:10:00,1.4099,1.4102,1.4087,1.4087,10667.316226
2026-04-20 04:15:00,1.4086,1.4098,1.4086,1.4088,38834.960909
2026-04-20 04:20:00,1.4088,1.4088,1.4058,1.4063,52234.073946
2026-04-20 04:25:00,1.4063,1.4078,1.4063,1.4078,18380.889863
2026-04-20 04:30:00,1.4079,1.4086,1.4077,1.4085,27616.156789
2026-04-20 04:35:00,1.4084,1.4086,1.4077,1.4077,20052.568971
2026-04-20 04:40:00,1.4079,1.4086,1.4076,1.4076,26964.076895
2026-04-20 04:45:00,1.4077,1.4103,1.4077,1.4096,23091.980022
2026-04-20 04:50:00,1.4098,1.4106,1.4088,1.4095,18579.197568
2026-04-20 04:55:00,1.4095,1.41,1.4093,1.4093,20094.294561
2026-04-20 05:00:00,1.4093,1.4096,1.4062,1.4068,76216.632338
2026-04-20 05:05:00,1.4066,1.4067,1.4026,1.4026,62881.189197
2026-04-20 05:10:00,1.4025,1.4027,1.4004,1.4024,62239.211418
2026-04-20 05:15:00,1.4024,1.4024,1.4004,1.4007,15963.114654
2026-04-20 05:20:00,1.4006,1.4009,1.3995,1.3995,45489.579708
2026-04-20 05:25:00,1.3994,1.4012,1.399,1.4002,39339.014395
2026-04-20 05:30:00,1.4001,1.401,1.3995,1.4006,65009.865288
2026-04-20 05:35:00,1.4007,1.4025,1.3986,1.3986,36999.354123
2026-04-20 05:40:00,1.3986,1.3988,1.396,1.396,71162.846624
2026-04-20 05:45:00,1.396,1.3984,1.3952,1.3978,74933.189685
2026-04-20 05:50:00,1.3978,1.3995,1.3978,1.3994,25003.748835
2026-04-20 05:55:00,1.3995,1.4,1.3986,1.3992,15824.041724
2026-04-20 06:00:00,1.3993,1.4039,1.3993,1.4027,56151.58321
2026-04-20 06:05:00,1.4024,1.4035,1.4024,1.4035,19428.928516
2026-04-20 06:10:00,1.4036,1.4036,1.4012,1.4021,26325.054107
2026-04-20 06:15:00,1.4019,1.4054,1.4007,1.4047,132503.285685
2026-04-20 06:20:00,1.4048,1.4048,1.4034,1.4039,15408.265843
2026-04-20 06:25:00,1.4038,1.4046,1.4034,1.404,11704.548302
2026-04-20 06:30:00,1.4037,1.4086,1.4037,1.4085,22397.602987
2026-04-20 06:35:00,1.4085,1.4088,1.4068,1.4077,31154.244406
2026-04-20 06:40:00,1.4078,1.4154,1.4078,1.4134,133274.819082
2026-04-20 06:45:00,1.4132,1.414,1.4116,1.4126,62582.082022
2026-04-20 06:50:00,1.4126,1.413,1.4113,1.4126,52473.155433
2026-04-20 06:55:00,1.4127,1.4147,1.4116,1.414,71929.08197
2026-04-20 07:00:00,1.4141,1.416,1.4133,1.4138,78182.388203
2026-04-20 07:05:00,1.4138,1.4145,1.4122,1.4133,32929.800851
2026-04-20 07:10:00,1.4132,1.4161,1.4128,1.4158,37328.261171
2026-04-20 07:15:00,1.4155,1.4187,1.4136,1.4185,113091.371614
2026-04-20 07:20:00,1.4184,1.4326,1.4178,1.4309,295858.745474
2026-04-20 07:25:00,1.4311,1.4319,1.423,1.4257,441660.336823
2026-04-20 07:30:00,1.4258,1.4272,1.4196,1.4222,192893.525091
2026-04-20 07:35:00,1.422,1.422,1.4149,1.417,200186.435598
2026-04-20 07:40:00,1.4171,1.4178,1.4155,1.4163,108621.835364
2026-04-20 07:45:00,1.4163,1.4181,1.4147,1.4147,72452.197971
2026-04-20 07:50:00,1.4149,1.4152,1.412,1.4124,60534.71881
2026-04-20 07:55:00,1.4124,1.4156,1.4114,1.4156,26687.811391
2026-04-20 08:00:00,1.4156,1.4157,1.4122,1.4127,82812.865252
2026-04-20 08:05:00,1.4127,1.4133,1.4116,1.4118,39413.948429
2026-04-20 08:10:00,1.4119,1.4144,1.4119,1.4134,27716.688739
2026-04-20 08:15:00,1.4134,1.4177,1.413,1.4174,49337.14463
2026-04-20 08:20:00,1.4174,1.4177,1.4144,1.4154,55679.994329
2026-04-20 08:25:00,1.4153,1.4153,1.4114,1.4138,47455.446551
2026-04-20 08:30:00,1.4142,1.415,1.4122,1.4137,57578.726401
2026-04-20 08:35:00,1.4136,1.414,1.4115,1.4122,41083.670137
2026-04-20 08:40:00,1.412,1.4123,1.411,1.4119,12667.468719
2026-04-20 08:45:00,1.4119,1.4122,1.4091,1.4104,67082.286172
2026-04-20 08:50:00,1.4107,1.4109,1.4076,1.4088,37838.355263
2026-04-20 08:55:00,1.4088,1.4101,1.4085,1.4099,34241.201537
2026-04-20 09:00:00,1.4098,1.4098,1.4083,1.4093,26033.404987
2026-04-20 09:05:00,1.4093,1.415,1.4091,1.4135,137081.730623
2026-04-20 09:10:00,1.4134,1.4165,1.4122,1.4147,45274.333285
2026-04-20 09:15:00,1.4152,1.4183,1.4147,1.4167,26771.099805
2026-04-20 09:20:00,1.4167,1.4197,1.4158,1.4164,83469.305992
2026-04-20 09:25:00,1.4168,1.4169,1.4149,1.4159,27151.175624
2026-04-20 09:30:00,1.416,1.4173,1.4156,1.4159,47276.874026
2026-04-20 09:35:00,1.4159,1.4194,1.4151,1.4191,33547.306522
2026-04-20 09:40:00,1.4191,1.4196,1.4183,1.4196,52301.913616
2026-04-20 09:45:00,1.4196,1.4209,1.418,1.4181,56880.179156
2026-04-20 09:50:00,1.4183,1.4188,1.4171,1.4178,13624.057787
2026-04-20 09:55:00,1.418,1.4189,1.4164,1.4178,31104.921529
2026-04-20 10:00:00,1.4178,1.4227,1.4172,1.422,48386.850151
2026-04-20 10:05:00,1.4221,1.4236,1.4218,1.4232,44843.580921
2026-04-20 10:10:00,1.4229,1.4246,1.4229,1.4242,199177.465772
2026-04-20 10:15:00,1.4242,1.4274,1.4236,1.4267,115863.897973
2026-04-20 10:20:00,1.4265,1.4265,1.4227,1.4238,121982.719648
2026-04-20 10:25:00,1.4237,1.4239,1.4229,1.4237,25661.411458
2026-04-20 10:30:00,1.4234,1.4234,1.4157,1.4204,493008.129155
2026-04-20 10:35:00,1.4203,1.4227,1.4201,1.4224,130538.451075
2026-04-20 10:40:00,1.4225,1.4226,1.4214,1.4218,145110.028098
2026-04-20 10:45:00,1.4217,1.4221,1.4201,1.421,64243.14474
2026-04-20 10:50:00,1.4211,1.4216,1.4205,1.421,41649.462848
2026-04-20 10:55:00,1.4209,1.4209,1.413,1.4142,277585.492235
2026-04-20 11:00:00,1.4144,1.4144,1.4122,1.4128,89440.750277
2026-04-20 11:05:00,1.4128,1.4161,1.4128,1.4161,113716.74941
2026-04-20 11:10:00,1.4161,1.4165,1.4142,1.4162,51748.73825
2026-04-20 11:15:00,1.4162,1.4168,1.4158,1.4158,50217.441226
2026-04-20 11:20:00,1.4159,1.4166,1.4139,1.4166,67483.200369
2026-04-20 11:25:00,1.4165,1.4172,1.4155,1.4168,114422.354424
2026-04-20 11:30:00,1.4168,1.4187,1.414,1.4173,122357.087464
2026-04-20 11:35:00,1.4173,1.4174,1.4157,1.4165,68203.216634
2026-04-20 11:40:00,1.4164,1.4165,1.4151,1.4154,37061.094823
2026-04-20 11:45:00,1.4154,1.4169,1.4151,1.4156,60643.415454
2026-04-20 11:50:00,1.4156,1.4161,1.4143,1.4158,24174.300799
2026-04-20 11:55:00,1.4158,1.4166,1.4146,1.4155,29103.502459
2026-04-20 12:00:00,1.4154,1.4158,1.4131,1.4152,44149.745495
2026-04-20 12:05:00,1.4153,1.4187,1.4153,1.4173,56174.981708
2026-04-20 12:10:00,1.4173,1.4195,1.4173,1.4182,45341.649518
2026-04-20 12:15:00,1.4182,1.4206,1.4171,1.4206,37914.668953
2026-04-20 12:20:00,1.4205,1.4239,1.4198,1.4214,132779.326666
2026-04-20 12:25:00,1.4216,1.4217,1.4187,1.4187,52431.360922
2026-04-20 12:30:00,1.4192,1.4205,1.4185,1.42,18944.987584
2026-04-20 12:35:00,1.4199,1.4214,1.4177,1.4198,58167.482487
2026-04-20 12:40:00,1.4198,1.4208,1.4172,1.4202,56242.223964
2026-04-20 12:45:00,1.4203,1.4229,1.4202,1.4229,50641.876805
2026-04-20 12:50:00,1.4229,1.4239,1.4212,1.4225,50685.022275
2026-04-20 12:55:00,1.4225,1.4226,1.4204,1.4224,34757.598689
2026-04-20 13:00:00,1.4223,1.4228,1.4194,1.4215,44612.105724
2026-04-20 13:05:00,1.4214,1.4265,1.4209,1.4249,137135.106195
2026-04-20 13:10:00,1.4249,1.4256,1.4235,1.4248,52744.104184
2026-04-20 13:15:00,1.4251,1.4258,1.4209,1.4221,51077.310717
2026-04-20 13:20:00,1.4222,1.423,1.4204,1.4207,36671.063973
2026-04-20 13:25:00,1.4207,1.4246,1.4205,1.4245,77942.42457
2026-04-20 13:30:00,1.4248,1.4259,1.4179,1.424,245152.894248
2026-04-20 13:35:00,1.424,1.4249,1.4209,1.4217,71007.803142
2026-04-20 13:40:00,1.4219,1.4237,1.4201,1.4231,80309.383228
2026-04-20 13:45:00,1.4228,1.4247,1.4192,1.4201,122930.328793
2026-04-20 13:50:00,1.4201,1.4219,1.4189,1.4218,67887.244278
2026-04-20 13:55:00,1.422,1.4276,1.422,1.4249,146442.316458
2026-04-20 14:00:00,1.4247,1.4248,1.4215,1.4225,101205.642507
2026-04-20 14:05:00,1.4226,1.4249,1.4205,1.423,109933.662763
2026-04-20 14:10:00,1.4229,1.4239,1.4201,1.4218,63809.396854
2026-04-20 14:15:00,1.4215,1.43,1.421,1.4271,448819.237031
2026-04-20 14:20:00,1.4274,1.4308,1.4274,1.4302,168360.756545
2026-04-20 14:25:00,1.4301,1.4317,1.4259,1.4277,95982.102057
2026-04-20 14:30:00,1.4278,1.4316,1.4277,1.4287,68506.80897
2026-04-20 14:35:00,1.4288,1.4298,1.4274,1.4275,39034.567646
2026-04-20 14:40:00,1.4274,1.4275,1.4229,1.4259,57311.405439
2026-04-20 14:45:00,1.4257,1.427,1.4217,1.4258,327449.702749
2026-04-20 14:50:00,1.4257,1.4263,1.4166,1.4176,249518.36655
2026-04-20 14:55:00,1.4173,1.4175,1.4144,1.4166,95560.090577
2026-04-20 15:00:00,1.4168,1.418,1.4115,1.4129,128244.782744
2026-04-20 15:05:00,1.4129,1.414,1.4089,1.4116,98866.386363
2026-04-20 15:10:00,1.4113,1.4164,1.411,1.4147,65613.706105
2026-04-20 15:15:00,1.4144,1.4209,1.4139,1.4199,180764.264225
2026-04-20 15:20:00,1.4197,1.4301,1.4191,1.4284,140446.156561
2026-04-20 15:25:00,1.4284,1.4348,1.4283,1.4347,137187.91279
2026-04-20 15:30:00,1.4346,1.4346,1.4288,1.4306,89345.37067
2026-04-20 15:35:00,1.4306,1.4333,1.4301,1.4311,27765.348179
2026-04-20 15:40:00,1.4311,1.4331,1.4306,1.4306,19859.45488
2026-04-20 15:45:00,1.4308,1.4337,1.43,1.4306,46523.175606
2026-04-20 15:50:00,1.4306,1.4326,1.4305,1.431,36087.819637
2026-04-20 15:55:00,1.431,1.4333,1.4298,1.4328,34891.504055
2026-04-20 16:00:00,1.433,1.4337,1.429,1.4297,88203.952391
2026-04-20 16:05:00,1.4295,1.4295,1.4258,1.4276,57434.052742
2026-04-20 16:10:00,1.4278,1.4294,1.4268,1.4278,103697.806029
2026-04-20 16:15:00,1.4278,1.4281,1.425,1.4281,270455.772383
2026-04-20 16:20:00,1.4282,1.4304,1.427,1.4274,150832.058203
2026-04-20 16:25:00,1.4272,1.4275,1.4248,1.4261,158431.46925
2026-04-20 16:30:00,1.4262,1.4274,1.4244,1.4252,48725.393478
2026-04-20 16:35:00,1.425,1.425,1.4225,1.4249,41929.506252
2026-04-20 16:40:00,1.4248,1.4279,1.4238,1.4263,44403.203743
2026-04-20 16:45:00,1.4265,1.4278,1.4236,1.4236,38055.57618
2026-04-20 16:50:00,1.4236,1.4242,1.4227,1.4236,30784.604001
2026-04-20 16:55:00,1.4236,1.4244,1.4227,1.4236,28872.39026
2026-04-20 17:00:00,1.4235,1.4266,1.4228,1.4256,108757.571786
2026-04-20 17:05:00,1.4254,1.4284,1.4244,1.4271,53597.298728
2026-04-20 17:10:00,1.4272,1.4303,1.4271,1.4293,26000.183847
2026-04-20 17:15:00,1.4291,1.4332,1.4282,1.4319,24716.937775
2026-04-20 17:20:00,1.4319,1.4319,1.4299,1.4302,36131.397923
2026-04-20 17:25:00,1.43,1.4302,1.4284,1.4293,17809.363779
2026-04-20 17:30:00,1.4292,1.4292,1.4248,1.4253,25992.539222
2026-04-20 17:35:00,1.4252,1.4264,1.4238,1.4257,24009.47449
2026-04-20 17:40:00,1.4255,1.4269,1.4244,1.4244,21861.494266
2026-04-20 17:45:00,1.4245,1.4287,1.4239,1.4287,29491.709946
2026-04-20 17:50:00,1.4289,1.4299,1.4255,1.4264,40386.956727
2026-04-20 17:55:00,1.4262,1.4278,1.4255,1.4274,34634.990204
2026-04-20 18:00:00,1.4275,1.4325,1.4275,1.4294,173023.020627
2026-04-20 18:05:00,1.4295,1.4336,1.4294,1.4336,88524.158535
2026-04-20 18:10:00,1.4335,1.4335,1.4316,1.4326,77716.552671
2026-04-20 18:15:00,1.4326,1.4335,1.4315,1.4335,32333.477309
2026-04-20 18:20:00,1.4334,1.437,1.4318,1.4341,216747.73399
2026-04-20 18:25:00,1.4341,1.4347,1.4304,1.4312,197347.354478
2026-04-20 18:30:00,1.4314,1.4315,1.4294,1.431,88218.426423
2026-04-20 18:35:00,1.431,1.4321,1.4276,1.4282,92439.691699
2026-04-20 18:40:00,1.4281,1.4323,1.4278,1.4308,209448.170631
2026-04-20 18:45:00,1.4307,1.4307,1.4281,1.4295,62741.485892
2026-04-20 18:50:00,1.4294,1.4332,1.4294,1.4323,107548.513703
2026-04-20 18:55:00,1.4321,1.4342,1.4313,1.4323,121487.190695
2026-04-20 19:00:00,1.4325,1.4336,1.4307,1.4332,91397.594919
2026-04-20 19:05:00,1.4329,1.4338,1.4316,1.4321,88400.108333
2026-04-20 19:10:00,1.4317,1.433,1.4309,1.4316,96938.52265
2026-04-20 19:15:00,1.4314,1.4314,1.4285,1.4285,55583.805118
2026-04-20 19:20:00,1.4284,1.4291,1.4278,1.4286,45627.569285
2026-04-20 19:25:00,1.4286,1.4295,1.4278,1.4295,31643.565087
2026-04-20 19:30:00,1.4295,1.4311,1.4291,1.4311,54684.038396
2026-04-20 19:35:00,1.431,1.4319,1.4305,1.4305,32588.715938
2026-04-20 19:40:00,1.4306,1.4306,1.4295,1.4296,29482.13765
2026-04-20 19:45:00,1.4292,1.4299,1.4288,1.4295,35470.817188
2026-04-20 19:50:00,1.4296,1.4313,1.4296,1.4311,36857.400533
2026-04-20 19:55:00,1.4306,1.4321,1.4299,1.4302,206707.94624
2026-04-20 20:00:00,1.4304,1.4304,1.4259,1.428,54351.68866
2026-04-20 20:05:00,1.4283,1.4283,1.4251,1.4258,52567.908301
2026-04-20 20:10:00,1.4258,1.4276,1.4257,1.4272,33728.364011
2026-04-20 20:15:00,1.4267,1.4302,1.4265,1.4302,51583.022331
2026-04-20 20:20:00,1.4302,1.4327,1.4301,1.4308,59738.419684
2026-04-20 20:25:00,1.4309,1.4318,1.4291,1.4298,39360.659045
2026-04-20 20:30:00,1.4297,1.4309,1.4291,1.4307,20166.176415
2026-04-20 20:35:00,1.4307,1.4319,1.4306,1.431,23331.8531
2026-04-20 20:40:00,1.4311,1.4311,1.4295,1.4307,33840.569834
2026-04-20 20:45:00,1.4305,1.4332,1.4303,1.4332,88516.382014
2026-04-20 20:50:00,1.4333,1.4335,1.4318,1.4322,36952.844832
2026-04-20 20:55:00,1.432,1.4323,1.4313,1.4318,35470.29545
2026-04-20 21:00:00,1.4317,1.4326,1.4306,1.4317,62737.039995
2026-04-20 21:05:00,1.4317,1.4328,1.4288,1.4288,68525.079133
2026-04-20 21:10:00,1.4287,1.4287,1.4252,1.4273,88829.009114
2026-04-20 21:15:00,1.4273,1.4281,1.4244,1.4262,41717.194675
2026-04-20 21:20:00,1.4263,1.4282,1.4259,1.4277,52506.802378
2026-04-20 21:25:00,1.4278,1.428,1.4268,1.428,40276.011955
2026-04-20 21:30:00,1.4278,1.4278,1.426,1.4278,18731.876334
2026-04-20 21:35:00,1.428,1.4291,1.4275,1.4276,26288.498581
2026-04-20 21:40:00,1.4275,1.4286,1.4274,1.4279,15699.879558
2026-04-20 21:45:00,1.4278,1.4289,1.4278,1.4289,14086.35126
2026-04-20 21:50:00,1.4293,1.4306,1.4289,1.4301,57964.486095
2026-04-20 21:55:00,1.4302,1.431,1.4297,1.4299,18999.101199
2026-04-20 22:00:00,1.4298,1.4311,1.4295,1.4309,47281.233601
2026-04-20 22:05:00,1.4309,1.4318,1.4299,1.43,29874.931115
2026-04-20 22:10:00,1.43,1.4306,1.4295,1.4299,12295.680933
2026-04-20 22:15:00,1.43,1.4308,1.428,1.4284,8837.839451
2026-04-20 22:20:00,1.4282,1.4282,1.4264,1.4277,30688.497378
2026-04-20 22:25:00,1.4277,1.4282,1.4271,1.4276,13823.556539
2026-04-20 22:30:00,1.428,1.4292,1.4278,1.4291,12080.698162
2026-04-20 22:35:00,1.4292,1.4299,1.4277,1.4278,29971.616758
2026-04-20 22:40:00,1.4276,1.4279,1.4261,1.4273,30792.515169
2026-04-20 22:45:00,1.427,1.427,1.4253,1.4254,8870.454793
2026-04-20 22:50:00,1.4254,1.4262,1.4251,1.4258,26444.840606
2026-04-20 22:55:00,1.4258,1.426,1.4251,1.426,16718.789754
2026-04-20 23:00:00,1.4259,1.4259,1.4214,1.4234,84244.598596
2026-04-20 23:05:00,1.4233,1.4236,1.422,1.4233,23832.109452
2026-04-20 23:10:00,1.4233,1.4235,1.4223,1.4225,36432.012131
2026-04-20 23:15:00,1.4222,1.423,1.4217,1.423,24160.186107
2026-04-20 23:20:00,1.4231,1.4246,1.4228,1.4239,9591.551185
2026-04-20 23:25:00,1.4239,1.4242,1.4218,1.4225,51920.83586
2026-04-20 23:30:00,1.4226,1.4235,1.4216,1.4233,31663.837274
2026-04-20 23:35:00,1.4233,1.4244,1.423,1.4239,15192.484704
2026-04-20 23:40:00,1.4238,1.4246,1.4232,1.4233,13109.616605
2026-04-20 23:45:00,1.4234,1.4243,1.4226,1.4242,52063.164163
2026-04-20 23:50:00,1.4238,1.4242,1.4235,1.4238,3924.744098
2026-04-20 23:55:00,1.4239,1.4248,1.4236,1.4243,21688.224593
2026-04-21 00:00:00,1.4243,1.4276,1.4242,1.4265,44942.235527
2026-04-21 00:05:00,1.4263,1.4275,1.4253,1.4256,94115.779371
2026-04-21 00:10:00,1.4255,1.4277,1.4255,1.4271,22963.699669
2026-04-21 00:15:00,1.4271,1.428,1.4264,1.4265,26122.956296
2026-04-21 00:20:00,1.4262,1.4267,1.4252,1.4265,16674.437422
2026-04-21 00:25:00,1.4264,1.4265,1.4248,1.4262,18410.604271
2026-04-21 00:30:00,1.4263,1.4273,1.4252,1.4266,30567.489013
2026-04-21 00:35:00,1.4266,1.4276,1.4259,1.4259,17427.684213
2026-04-21 00:40:00,1.4259,1.4271,1.4255,1.4255,17602.642522
2026-04-21 00:45:00,1.4255,1.4295,1.4255,1.4279,105774.682047
2026-04-21 00:50:00,1.4276,1.4276,1.4253,1.4255,10477.249147
2026-04-21 00:55:00,1.4255,1.4276,1.4255,1.4276,15974.932969
2026-04-21 01:00:00,1.4276,1.428,1.4267,1.4276,19317.817251
2026-04-21 01:05:00,1.4276,1.4318,1.4276,1.4302,72597.708444
2026-04-21 01:10:00,1.43,1.4307,1.4291,1.4302,27762.547439
2026-04-21 01:15:00,1.4301,1.4309,1.4297,1.4303,22197.5013
2026-04-21 01:20:00,1.4303,1.4307,1.4296,1.4305,19859.782168
2026-04-21 01:25:00,1.4305,1.4308,1.4293,1.4299,29448.397869
2026-04-21 01:30:00,1.4298,1.4311,1.4291,1.4291,108600.429573
2026-04-21 01:35:00,1.4291,1.4296,1.4278,1.4296,221153.497336
2026-04-21 01:40:00,1.4296,1.4306,1.429,1.429,85027.157514
2026-04-21 01:45:00,1.4291,1.4292,1.4278,1.4284,25889.319106
2026-04-21 01:50:00,1.4288,1.4288,1.4252,1.4254,39778.163925
2026-04-21 01:55:00,1.4254,1.4259,1.4251,1.4256,4542.737609
2026-04-21 02:00:00,1.4257,1.4265,1.4236,1.4247,17993.665891
2026-04-21 02:05:00,1.4244,1.4251,1.4242,1.4249,19160.114482
2026-04-21 02:10:00,1.4247,1.4252,1.4238,1.4243,29903.849938
2026-04-21 02:15:00,1.4242,1.4259,1.4239,1.424,54362.057158
2026-04-21 02:20:00,1.424,1.4251,1.4238,1.4245,23641.707129
2026-04-21 02:25:00,1.425,1.4266,1.4239,1.4245,38461.428032
2026-04-21 02:30:00,1.4246,1.4252,1.4246,1.4247,10286.340336
2026-04-21 02:35:00,1.4248,1.4254,1.4242,1.4242,24472.211897
2026-04-21 02:40:00,1.4243,1.4243,1.4227,1.423,36042.492327
2026-04-21 02:45:00,1.423,1.4238,1.4224,1.4224,18211.109147
2026-04-21 02:50:00,1.4225,1.4235,1.4223,1.4231,32927.368873
2026-04-21 02:55:00,1.4232,1.4232,1.422,1.422,23238.743482
2026-04-21 03:00:00,1.4219,1.4225,1.4201,1.4225,73950.393515
2026-04-21 03:05:00,1.4226,1.4226,1.4211,1.4211,13310.679649
2026-04-21 03:10:00,1.4211,1.4219,1.4208,1.421,15850.901841
2026-04-21 03:15:00,1.4211,1.4218,1.4191,1.4201,67480.399992
2026-04-21 03:20:00,1.4199,1.4222,1.4198,1.4209,30780.314333
2026-04-21 03:25:00,1.4209,1.4234,1.4209,1.4226,64753.241833
2026-04-21 03:30:00,1.4225,1.4245,1.4222,1.4241,23423.029062
2026-04-21 03:35:00,1.424,1.424,1.4218,1.4221,18948.182242
2026-04-21 03:40:00,1.4219,1.4234,1.4218,1.423,12564.805123
2026-04-21 03:45:00,1.423,1.4238,1.423,1.4237,6168.371923
2026-04-21 03:50:00,1.4238,1.4256,1.4238,1.4241,16107.297528
2026-04-21 03:55:00,1.424,1.4244,1.4238,1.424,34469.815052
2026-04-21 04:00:00,1.4238,1.4258,1.4238,1.4258,29879.189176
2026-04-21 04:05:00,1.4258,1.4269,1.425,1.426,50789.495142
2026-04-21 04:10:00,1.426,1.4267,1.4244,1.4244,47280.259469
2026-04-21 04:15:00,1.4243,1.4256,1.4243,1.4246,15872.107309
2026-04-21 04:20:00,1.4248,1.4252,1.4239,1.4247,13454.45349
2026-04-21 04:25:00,1.4246,1.4263,1.4245,1.425,18655.891092
2026-04-21 04:30:00,1.4249,1.4262,1.4249,1.425,10545.12653
2026-04-21 04:35:00,1.425,1.4265,1.425,1.4253,25572.486101
2026-04-21 04:40:00,1.4252,1.4268,1.4247,1.4268,22193.161343
2026-04-21 04:45:00,1.427,1.427,1.4257,1.4264,14278.878224
2026-04-21 04:50:00,1.4266,1.4286,1.4266,1.4274,16039.665303
2026-04-21 04:55:00,1.4276,1.4284,1.4274,1.4282,17579.791129
2026-04-21 05:00:00,1.4282,1.4292,1.4281,1.4289,12282.376848
2026-04-21 05:05:00,1.4291,1.4327,1.4288,1.4325,24356.010197
2026-04-21 05:10:00,1.4324,1.4334,1.4304,1.4304,34697.690578
2026-04-21 05:15:00,1.4302,1.4302,1.429,1.4293,26123.14552
2026-04-21 05:20:00,1.4293,1.4309,1.4293,1.4306,10625.125549
2026-04-21 05:25:00,1.4306,1.4316,1.4294,1.4314,60774.654185
2026-04-21 05:30:00,1.4313,1.4318,1.4305,1.4309,36270.331934
2026-04-21 05:35:00,1.4308,1.4323,1.4308,1.4309,13928.112107
2026-04-21 05:40:00,1.431,1.4319,1.4309,1.431,6961.359683
2026-04-21 05:45:00,1.4309,1.4315,1.4301,1.4306,34622.885611
2026-04-21 05:50:00,1.4306,1.4313,1.4299,1.4313,14653.431645
2026-04-21 05:55:00,1.4313,1.4321,1.4311,1.4315,8822.600911
2026-04-21 06:00:00,1.4317,1.4325,1.4297,1.4304,33146.091045
2026-04-21 06:05:00,1.4304,1.4304,1.4292,1.43,28456.519582
2026-04-21 06:10:00,1.43,1.4307,1.4291,1.4295,23691.357071
2026-04-21 06:15:00,1.4294,1.4294,1.4285,1.4285,13063.406982
2026-04-21 06:20:00,1.4285,1.4298,1.4283,1.4289,21143.979406
2026-04-21 06:25:00,1.429,1.4302,1.4289,1.4297,8167.427214
2026-04-21 06:30:00,1.4298,1.439,1.4298,1.4387,141151.436295
2026-04-21 06:35:00,1.4387,1.4411,1.4384,1.44,120437.57036
2026-04-21 06:40:00,1.44,1.4408,1.4375,1.4376,33285.124188
2026-04-21 06:45:00,1.4377,1.4387,1.4371,1.4375,70855.460399
2026-04-21 06:50:00,1.4374,1.4388,1.4372,1.4376,28302.632773
2026-04-21 06:55:00,1.4375,1.4389,1.4372,1.4372,22529.124092
2026-04-21 07:00:00,1.4372,1.4373,1.4325,1.4348,78031.059044
2026-04-21 07:05:00,1.4347,1.4359,1.434,1.4352,27586.321158
2026-04-21 07:10:00,1.4352,1.4364,1.4344,1.4352,107567.698583
2026-04-21 07:15:00,1.4354,1.4357,1.4337,1.4351,30501.719264
2026-04-21 07:20:00,1.435,1.4367,1.4349,1.4362,16490.404542
2026-04-21 07:25:00,1.4364,1.4411,1.4364,1.4398,28321.327599
2026-04-21 07:30:00,1.4398,1.4404,1.4356,1.4368,39011.503867
2026-04-21 07:35:00,1.4369,1.4401,1.4369,1.4399,22366.284123
2026-04-21 07:40:00,1.4399,1.4424,1.4397,1.441,35591.492056
2026-04-21 07:45:00,1.4409,1.4414,1.439,1.4406,16595.490616
2026-04-21 07:50:00,1.4407,1.4421,1.4396,1.44,12880.247478
2026-04-21 07:55:00,1.44,1.4408,1.4389,1.4394,30308.955445
2026-04-21 08:00:00,1.4392,1.4406,1.4379,1.4386,42521.976305
2026-04-21 08:05:00,1.4385,1.4405,1.4383,1.4395,30917.529574
2026-04-21 08:10:00,1.4394,1.4395,1.4376,1.4382,15910.995908
2026-04-21 08:15:00,1.4381,1.4396,1.4379,1.4395,20513.391935
2026-04-21 08:20:00,1.4395,1.4427,1.4392,1.4414,38197.906333
2026-04-21 08:25:00,1.4414,1.4426,1.4409,1.4418,35008.705969
2026-04-21 08:30:00,1.4417,1.4426,1.4398,1.4409,27681.289483
2026-04-21 08:35:00,1.4411,1.4412,1.4394,1.4412,24222.629966
2026-04-21 08:40:00,1.4411,1.445,1.4404,1.4438,40614.811932
2026-04-21 08:45:00,1.4437,1.4494,1.4435,1.4462,117536.997921
2026-04-21 08:50:00,1.4465,1.4468,1.4439,1.4447,121255.421663
2026-04-21 08:55:00,1.4447,1.4447,1.4422,1.4426,25433.553472
2026-04-21 09:00:00,1.4427,1.4433,1.4394,1.4403,44176.913275
2026-04-21 09:05:00,1.4404,1.4406,1.4391,1.4393,28273.61458
2026-04-21 09:10:00,1.4393,1.4416,1.4393,1.4413,57998.250324
2026-04-21 09:15:00,1.4413,1.4448,1.4413,1.4444,82637.314727
2026-04-21 09:20:00,1.4442,1.4447,1.4432,1.4436,18015.288682
2026-04-21 09:25:00,1.4439,1.4439,1.4387,1.4387,73666.200063
2026-04-21 09:30:00,1.4387,1.439,1.4378,1.438,19079.271293
2026-04-21 09:35:00,1.4381,1.4391,1.4379,1.4391,18200.11389
2026-04-21 09:40:00,1.4392,1.4401,1.438,1.4386,72378.024838
2026-04-21 09:45:00,1.439,1.4406,1.4383,1.4406,16125.78892
2026-04-21 09:50:00,1.4406,1.4406,1.4394,1.4401,16241.826696
2026-04-21 09:55:00,1.4401,1.4414,1.4401,1.4414,15299.219306
2026-04-21 10:00:00,1.4415,1.4428,1.4414,1.4423,23613.914612
2026-04-21 10:05:00,1.4426,1.4429,1.4412,1.4419,26752.941285
2026-04-21 10:10:00,1.4418,1.442,1.4409,1.4411,44296.094445
2026-04-21 10:15:00,1.4411,1.4411,1.4394,1.4397,29329.980702
2026-04-21 10:20:00,1.4395,1.4415,1.4383,1.4412,35464.788855
2026-04-21 10:25:00,1.441,1.4412,1.4393,1.4394,21627.421822
2026-04-21 10:30:00,1.4394,1.4402,1.4392,1.4399,16008.208847
2026-04-21 10:35:00,1.44,1.44,1.4391,1.4392,7716.541811
2026-04-21 10:40:00,1.4392,1.4419,1.4386,1.4419,28743.100087
2026-04-21 10:45:00,1.4414,1.4443,1.4412,1.4442,44122.660731
2026-04-21 10:50:00,1.4444,1.4468,1.4444,1.4467,51066.555162
2026-04-21 10:55:00,1.4469,1.447,1.4446,1.4446,31592.610276
2026-04-21 11:00:00,1.4447,1.4449,1.4425,1.4439,69103.186464
2026-04-21 11:05:00,1.4438,1.4442,1.4414,1.4427,49765.131312
2026-04-21 11:10:00,1.4428,1.4428,1.4375,1.4395,108028.940707
2026-04-21 11:15:00,1.4396,1.4404,1.4391,1.44,16503.116022
2026-04-21 11:20:00,1.4399,1.4433,1.4399,1.4425,41948.26145
2026-04-21 11:25:00,1.4426,1.4427,1.4405,1.4418,16493.207863
2026-04-21 11:30:00,1.442,1.4433,1.4411,1.4411,28847.270759
2026-04-21 11:35:00,1.4409,1.4422,1.4405,1.4412,14843.768455
2026-04-21 11:40:00,1.4411,1.4424,1.4401,1.4401,16997.103362
2026-04-21 11:45:00,1.4401,1.4406,1.4395,1.4395,19943.386974
2026-04-21 11:50:00,1.4394,1.4398,1.4388,1.4388,16215.288193
2026-04-21 11:55:00,1.4388,1.4402,1.438,1.44,29805.802638
2026-04-21 12:00:00,1.44,1.4411,1.438,1.4384,20470.19309
2026-04-21 12:05:00,1.4383,1.439,1.4376,1.4377,10749.410898
2026-04-21 12:10:00,1.4375,1.4378,1.4353,1.4354,53513.896329
2026-04-21 12:15:00,1.4353,1.4367,1.4352,1.4365,9683.553329
2026-04-21 12:20:00,1.4362,1.4377,1.4362,1.4371,18325.896467
2026-04-21 12:25:00,1.437,1.4381,1.437,1.4381,6826.189064
2026-04-21 12:30:00,1.4381,1.4392,1.4347,1.4388,43348.484331
2026-04-21 12:35:00,1.4387,1.4389,1.4316,1.4318,167526.436852
2026-04-21 12:40:00,1.4318,1.4321,1.4269,1.4286,164172.039626
2026-04-21 12:45:00,1.4288,1.4298,1.4265,1.4282,61014.780407
2026-04-21 12:50:00,1.4281,1.4318,1.4281,1.4314,46366.064652
2026-04-21 12:55:00,1.4316,1.4336,1.4312,1.4325,14929.950341
2026-04-21 13:00:00,1.4325,1.435,1.4321,1.4321,43803.977397
2026-04-21 13:05:00,1.4322,1.4341,1.4313,1.4327,28042.164108
2026-04-21 13:10:00,1.4327,1.4335,1.4322,1.4331,27861.66565
2026-04-21 13:15:00,1.4331,1.4345,1.4326,1.4336,12318.513502
2026-04-21 13:20:00,1.4334,1.4337,1.4325,1.4325,17681.495948
2026-04-21 13:25:00,1.4332,1.4341,1.4322,1.4325,12428.378923
2026-04-21 13:30:00,1.4327,1.4334,1.4302,1.432,80496.308506
2026-04-21 13:35:00,1.432,1.433,1.4303,1.4303,24447.938471
2026-04-21 13:40:00,1.4301,1.4357,1.429,1.4331,60631.875329
2026-04-21 13:45:00,1.4332,1.434,1.4321,1.4328,24340.435727
2026-04-21 13:50:00,1.4328,1.4339,1.4314,1.4324,17080.176782
2026-04-21 13:55:00,1.4326,1.4344,1.4326,1.4334,21570.094584
2026-04-21 14:00:00,1.4335,1.4343,1.4305,1.4328,56009.438452
2026-04-21 14:05:00,1.4328,1.4332,1.431,1.432,54364.795981
2026-04-21 14:10:00,1.432,1.4325,1.4308,1.4316,42503.398331
2026-04-21 14:15:00,1.4317,1.4395,1.4317,1.4377,87130.686839
2026-04-21 14:20:00,1.4378,1.4388,1.4358,1.4367,39037.878054
2026-04-21 14:25:00,1.4367,1.4383,1.4365,1.437,20351.545322
2026-04-21 14:30:00,1.437,1.44,1.4368,1.4394,71157.982039
2026-04-21 14:35:00,1.4397,1.4412,1.4387,1.4406,45814.868455
2026-04-21 14:40:00,1.4413,1.4451,1.4402,1.442,87650.183804
2026-04-21 14:45:00,1.4419,1.4424,1.438,1.4388,66193.068127
2026-04-21 14:50:00,1.4386,1.4394,1.4377,1.4381,35997.483913
2026-04-21 14:55:00,1.438,1.438,1.4303,1.4319,103724.494226
2026-04-21 15:00:00,1.432,1.4331,1.4275,1.4311,154138.704676
2026-04-21 15:05:00,1.4311,1.4313,1.4289,1.4303,72658.271393
2026-04-21 15:10:00,1.4304,1.4326,1.4288,1.4308,97301.471334
2026-04-21 15:15:00,1.4308,1.4332,1.4302,1.4331,149856.253055
2026-04-21 15:20:00,1.4332,1.4337,1.43,1.4305,25524.477519
2026-04-21 15:25:00,1.4303,1.4303,1.4259,1.4286,63799.394037
2026-04-21 15:30:00,1.4286,1.4298,1.427,1.4285,44934.865595
2026-04-21 15:35:00,1.4286,1.4312,1.4259,1.4312,60119.027945
2026-04-21 15:40:00,1.4313,1.4322,1.4292,1.43,16589.667581
2026-04-21 15:45:00,1.4298,1.4327,1.4295,1.4318,31681.439157
2026-04-21 15:50:00,1.4314,1.432,1.4307,1.4309,16549.738968
2026-04-21 15:55:00,1.4309,1.4329,1.4299,1.4325,29355.88435
2026-04-21 16:00:00,1.4325,1.4358,1.4324,1.4327,82213.600856
2026-04-21 16:05:00,1.4326,1.4343,1.4312,1.4343,46596.717658
2026-04-21 16:10:00,1.4343,1.4343,1.4303,1.4336,72380.259944
2026-04-21 16:15:00,1.4337,1.4353,1.4325,1.4347,16265.892602
2026-04-21 16:20:00,1.4347,1.4355,1.4323,1.4325,30066.29748
2026-04-21 16:25:00,1.4328,1.4342,1.4305,1.4306,23211.818139
2026-04-21 16:30:00,1.4305,1.4346,1.4303,1.4345,16816.091928
2026-04-21 16:35:00,1.4346,1.4359,1.4329,1.434,39397.917115
2026-04-21 16:40:00,1.4341,1.4356,1.4307,1.4307,20283.187185
2026-04-21 16:45:00,1.4311,1.4328,1.4309,1.4328,9159.188462
2026-04-21 16:50:00,1.4328,1.4328,1.4308,1.4308,23421.77389
2026-04-21 16:55:00,1.4306,1.4314,1.4276,1.4286,25613.125604
2026-04-21 17:00:00,1.4284,1.4288,1.4269,1.4277,13284.287437
2026-04-21 17:05:00,1.4277,1.4277,1.4249,1.4265,40660.556629
2026-04-21 17:10:00,1.4262,1.4262,1.4221,1.4231,44531.518006
2026-04-21 17:15:00,1.4231,1.4233,1.4143,1.4147,186826.176761
2026-04-21 17:20:00,1.4146,1.4196,1.4135,1.4196,98874.530139
2026-04-21 17:25:00,1.4197,1.4218,1.4178,1.4197,63832.193195
2026-04-21 17:30:00,1.4195,1.4204,1.4179,1.4196,26851.072001
2026-04-21 17:35:00,1.4194,1.4255,1.4186,1.4228,130136.713988
2026-04-21 17:40:00,1.4233,1.4306,1.4233,1.4273,82083.866779
2026-04-21 17:45:00,1.4271,1.428,1.4258,1.4269,34957.914945
2026-04-21 17:50:00,1.4268,1.4277,1.4248,1.4248,27192.953977
2026-04-21 17:55:00,1.4247,1.4247,1.4236,1.4244,10324.479319
2026-04-21 18:00:00,1.4244,1.4257,1.4237,1.4249,26458.489828
2026-04-21 18:05:00,1.4249,1.4263,1.4246,1.4262,25142.423406
2026-04-21 18:10:00,1.4259,1.4266,1.424,1.4258,22459.137787
2026-04-21 18:15:00,1.4259,1.4269,1.4214,1.4226,78487.713817
2026-04-21 18:20:00,1.422,1.4227,1.4211,1.4217,7477.035683
2026-04-21 18:25:00,1.4213,1.4219,1.4202,1.4209,9153.419246
2026-04-21 18:30:00,1.4206,1.4228,1.4203,1.4227,12578.459664
2026-04-21 18:35:00,1.4227,1.4237,1.4218,1.4231,29378.67096
2026-04-21 18:40:00,1.423,1.4235,1.4216,1.4226,7148.648463
2026-04-21 18:45:00,1.4224,1.4234,1.4216,1.4216,28271.835664
2026-04-21 18:50:00,1.4208,1.4249,1.4202,1.4233,87224.461036
2026-04-21 18:55:00,1.4232,1.4271,1.4227,1.427,28228.597007
2026-04-21 19:00:00,1.427,1.4304,1.427,1.4303,36690.982848
2026-04-21 19:05:00,1.4303,1.4311,1.4289,1.4289,22206.124505
2026-04-21 19:10:00,1.4289,1.4298,1.425,1.4266,44611.005797
2026-04-21 19:15:00,1.4267,1.4274,1.4248,1.4258,58676.437314
2026-04-21 19:20:00,1.4258,1.4306,1.4258,1.4305,29131.428732
2026-04-21 19:25:00,1.4302,1.4317,1.4284,1.4284,24191.946515
2026-04-21 19:30:00,1.4287,1.4291,1.4247,1.4247,27433.097916
2026-04-21 19:35:00,1.4247,1.4247,1.4179,1.4194,98310.395533
2026-04-21 19:40:00,1.4196,1.4197,1.4115,1.4128,143937.441975
2026-04-21 19:45:00,1.4126,1.4163,1.4116,1.4153,105067.768881
2026-04-21 19:50:00,1.4155,1.4174,1.4134,1.415,55095.951605
2026-04-21 19:55:00,1.415,1.4163,1.4121,1.4136,96089.16472
2026-04-21 20:00:00,1.4137,1.4157,1.4133,1.415,27732.399426
2026-04-21 20:05:00,1.4147,1.4234,1.4125,1.4211,270852.851777
2026-04-21 20:10:00,1.4212,1.4255,1.4205,1.4247,178362.204224
2026-04-21 20:15:00,1.4248,1.4254,1.4222,1.4223,98565.096705
2026-04-21 20:20:00,1.4225,1.4255,1.4225,1.4247,43925.481263
2026-04-21 20:25:00,1.4249,1.4273,1.4249,1.425,30437.85455
2026-04-21 20:30:00,1.4252,1.4284,1.4252,1.4279,30878.840147
2026-04-21 20:35:00,1.4281,1.4289,1.4267,1.4278,17571.138648
2026-04-21 20:40:00,1.4277,1.4277,1.4255,1.4259,30331.973228
2026-04-21 20:45:00,1.4258,1.4258,1.4239,1.4255,32745.382384
2026-04-21 20:50:00,1.4257,1.426,1.4247,1.4255,16598.321338
2026-04-21 20:55:00,1.4256,1.4256,1.4234,1.4234,21997.269919
2026-04-21 21:00:00,1.4234,1.4247,1.4227,1.4235,20215.417362
2026-04-21 21:05:00,1.4232,1.4234,1.4224,1.4224,9004.565444
2026-04-21 21:10:00,1.4224,1.4239,1.4216,1.4233,73089.212045
2026-04-21 21:15:00,1.4232,1.4235,1.4221,1.4225,25954.364881
2026-04-21 21:20:00,1.4229,1.4248,1.4229,1.424,28868.622936
2026-04-21 21:25:00,1.4239,1.4246,1.4222,1.4225,22186.830167
2026-04-21 21:30:00,1.4225,1.4236,1.4221,1.4236,24561.454966
2026-04-21 21:35:00,1.4236,1.4243,1.4227,1.4235,25554.584562
2026-04-21 21:40:00,1.4236,1.4243,1.4209,1.4209,17391.068995
2026-04-21 21:45:00,1.4208,1.4228,1.4207,1.4224,43234.99693
2026-04-21 21:50:00,1.4224,1.4226,1.4216,1.4225,39855.69107
2026-04-21 21:55:00,1.4224,1.4234,1.4218,1.4227,37885.605332
2026-04-21 22:00:00,1.4226,1.4237,1.4208,1.4213,50112.232734
2026-04-21 22:05:00,1.4212,1.4222,1.4204,1.4217,10596.590023
2026-04-21 22:10:00,1.4215,1.4235,1.4215,1.423,14837.596401
2026-04-21 22:15:00,1.4229,1.4231,1.4178,1.4178,34783.576505
2026-04-21 22:20:00,1.4178,1.4192,1.4173,1.418,21535.699272
2026-04-21 22:25:00,1.4182,1.4187,1.4179,1.4183,6031.062811
2026-04-21 22:30:00,1.4185,1.4187,1.4168,1.4182,39130.024633
2026-04-21 22:35:00,1.4183,1.4199,1.4183,1.4188,17831.132386
2026-04-21 22:40:00,1.4186,1.4213,1.4185,1.4213,12063.455043
2026-04-21 22:45:00,1.4213,1.4219,1.4202,1.4202,23148.598579
2026-04-21 22:50:00,1.4201,1.4216,1.4201,1.4215,14646.089622
2026-04-21 22:55:00,1.4214,1.4223,1.4213,1.4222,19021.648826
2026-04-21 23:00:00,1.422,1.4264,1.422,1.4245,33710.936946
2026-04-21 23:05:00,1.4245,1.4258,1.4245,1.4254,4758.214763
2026-04-21 23:10:00,1.4252,1.4252,1.4236,1.4239,25615.041068
2026-04-21 23:15:00,1.4241,1.4247,1.4239,1.4244,16146.444593
2026-04-21 23:20:00,1.4243,1.425,1.4241,1.4245,27845.588732
2026-04-21 23:25:00,1.4246,1.4246,1.4232,1.4235,9247.710599
2026-04-21 23:30:00,1.4235,1.4251,1.4235,1.4248,5532.375146
2026-04-21 23:35:00,1.425,1.4264,1.4243,1.4264,16648.504135
2026-04-21 23:40:00,1.4265,1.4289,1.4256,1.4289,61029.943189
2026-04-21 23:45:00,1.4287,1.4335,1.4284,1.4321,85870.964086
2026-04-21 23:50:00,1.4319,1.4322,1.4305,1.4308,26533.661535
2026-04-21 23:55:00,1.431,1.4343,1.4307,1.4334,78766.561167
2026-04-22 00:00:00,1.4335,1.4344,1.4316,1.4317,71426.155973
2026-04-22 00:05:00,1.4315,1.4339,1.4315,1.4331,27961.043611
2026-04-22 00:10:00,1.4331,1.4338,1.4321,1.4322,15223.365477
2026-04-22 00:15:00,1.4321,1.4337,1.4308,1.4335,17696.297661
2026-04-22 00:20:00,1.4332,1.4344,1.4318,1.4318,58822.645758
2026-04-22 00:25:00,1.4318,1.4328,1.4315,1.4322,40561.406103
2026-04-22 00:30:00,1.4323,1.4327,1.4313,1.4313,11195.18554
2026-04-22 00:35:00,1.4311,1.4314,1.4303,1.4314,46199.721628
2026-04-22 00:40:00,1.4316,1.4326,1.4305,1.4305,11763.530583
2026-04-22 00:45:00,1.4306,1.4322,1.4306,1.4309,8517.190629
2026-04-22 00:50:00,1.4308,1.4315,1.4302,1.4309,4678.966577
2026-04-22 00:55:00,1.4309,1.4321,1.4307,1.4321,30794.131643
2026-04-22 01:00:00,1.432,1.4321,1.4312,1.4312,12631.28115
2026-04-22 01:05:00,1.4311,1.4321,1.4306,1.4306,28894.453302
2026-04-22 01:10:00,1.4304,1.4318,1.4292,1.4313,18805.92853
2026-04-22 01:15:00,1.4311,1.4311,1.4273,1.4274,38996.116464
2026-04-22 01:20:00,1.4275,1.4297,1.4274,1.4283,24635.071841
2026-04-22 01:25:00,1.4281,1.4287,1.4273,1.4273,40851.69007
2026-04-22 01:30:00,1.4273,1.4287,1.4271,1.4271,13753.372114
2026-04-22 01:35:00,1.427,1.4291,1.4269,1.4291,9211.348995
2026-04-22 01:40:00,1.4291,1.4291,1.4275,1.4279,9172.473222
2026-04-22 01:45:00,1.4279,1.4292,1.4274,1.429,13455.351352
2026-04-22 01:50:00,1.4291,1.4305,1.4286,1.4286,28494.844502
2026-04-22 01:55:00,1.4286,1.4297,1.4286,1.4291,4312.064385
2026-04-22 02:00:00,1.4293,1.4299,1.4272,1.4282,48657.826442
2026-04-22 02:05:00,1.428,1.428,1.4269,1.4275,22620.726466
2026-04-22 02:10:00,1.4277,1.4359,1.4277,1.4343,55550.483443
2026-04-22 02:15:00,1.4341,1.4409,1.4341,1.4395,112770.739056
2026-04-22 02:20:00,1.4394,1.4401,1.4362,1.4385,72179.447513
2026-04-22 02:25:00,1.4386,1.4443,1.4386,1.4437,81474.445494
2026-04-22 02:30:00,1.4444,1.4471,1.4422,1.4428,92420.02132
2026-04-22 02:35:00,1.443,1.4463,1.443,1.4449,68866.386175
2026-04-22 02:40:00,1.4445,1.4478,1.4444,1.4472,43625.691914
2026-04-22 02:45:00,1.4474,1.4474,1.4442,1.445,42093.17128
2026-04-22 02:50:00,1.445,1.4487,1.4448,1.4486,86102.114078
2026-04-22 02:55:00,1.4485,1.4492,1.4472,1.449,78417.667098
2026-04-22 03:00:00,1.4487,1.4493,1.4467,1.448,57301.059282
2026-04-22 03:05:00,1.4481,1.4505,1.4473,1.4487,182885.862787
2026-04-22 03:10:00,1.4487,1.4494,1.4467,1.4479,20012.802741
2026-04-22 03:15:00,1.4479,1.4479,1.4446,1.4454,63887.053694
2026-04-22 03:20:00,1.4453,1.4456,1.444,1.4446,28076.029715
2026-04-22 03:25:00,1.4446,1.4463,1.4446,1.4463,10869.543941
2026-04-22 03:30:00,1.4466,1.4469,1.4432,1.4434,46768.274697
2026-04-22 03:35:00,1.4434,1.4446,1.4434,1.4441,13626.081703
2026-04-22 03:40:00,1.4441,1.4448,1.4437,1.4444,23930.354207
2026-04-22 03:45:00,1.4444,1.4447,1.441,1.4417,92772.591102
2026-04-22 03:50:00,1.4419,1.4449,1.4417,1.4425,102503.682801
2026-04-22 03:55:00,1.4426,1.4444,1.4424,1.4432,23249.003568
2026-04-22 04:00:00,1.4433,1.4446,1.4433,1.4444,20923.91671
2026-04-22 04:05:00,1.4444,1.4454,1.4434,1.4454,30212.651944
2026-04-22 04:10:00,1.4454,1.4456,1.4433,1.4434,54254.334069
2026-04-22 04:15:00,1.4436,1.4441,1.4431,1.4433,26506.9523
2026-04-22 04:20:00,1.4428,1.4431,1.4417,1.4422,63115.932708
2026-04-22 04:25:00,1.4421,1.4448,1.4417,1.4448,48870.885265
2026-04-22 04:30:00,1.4445,1.4449,1.4435,1.4445,22526.849327
2026-04-22 04:35:00,1.4445,1.4467,1.4444,1.4459,26089.920348
2026-04-22 04:40:00,1.4457,1.4473,1.445,1.4451,41915.500441
2026-04-22 04:45:00,1.4453,1.4453,1.4444,1.4444,5351.092907
2026-04-22 04:50:00,1.4445,1.4449,1.4436,1.4445,10352.041709
2026-04-22 04:55:00,1.4445,1.4447,1.4435,1.4446,23839.256064
2026-04-22 05:00:00,1.4448,1.4452,1.443,1.4448,33272.684714
2026-04-22 05:05:00,1.445,1.4472,1.445,1.4463,79655.259181
2026-04-22 05:10:00,1.4463,1.4468,1.4457,1.4465,16778.728184
2026-04-22 05:15:00,1.4465,1.4544,1.446,1.4526,283533.493456
2026-04-22 05:20:00,1.4525,1.4572,1.4524,1.4551,232621.494999
2026-04-22 05:25:00,1.4554,1.4595,1.4554,1.4593,233765.314598
2026-04-22 05:30:00,1.4593,1.4605,1.4578,1.4592,195127.563665
2026-04-22 05:35:00,1.4592,1.4606,1.4559,1.4559,87365.119738
2026-04-22 05:40:00,1.456,1.4594,1.4553,1.4571,98408.657737
2026-04-22 05:45:00,1.457,1.4591,1.4567,1.4573,103692.874729
2026-04-22 05:50:00,1.4573,1.4597,1.4556,1.4568,117146.434041
2026-04-22 05:55:00,1.4571,1.4577,1.4537,1.4543,104743.385567
2026-04-22 06:00:00,1.4542,1.4545,1.4516,1.4545,151676.995925
2026-04-22 06:05:00,1.4545,1.4548,1.4532,1.4532,38955.115541
2026-04-22 06:10:00,1.4532,1.4545,1.4526,1.4533,63826.480428
2026-04-22 06:15:00,1.4534,1.4544,1.453,1.4533,39478.068758
2026-04-22 06:20:00,1.4533,1.4538,1.4516,1.4531,110516.341092
2026-04-22 06:25:00,1.4532,1.4544,1.4532,1.4542,42100.042282
2026-04-22 06:30:00,1.4545,1.4552,1.4535,1.4537,34418.031341
2026-04-22 06:35:00,1.4535,1.4547,1.4535,1.4547,25547.807677
2026-04-22 06:40:00,1.4547,1.4553,1.4543,1.4546,29419.624476
2026-04-22 06:45:00,1.4545,1.456,1.4542,1.4557,32115.603971
2026-04-22 06:50:00,1.4558,1.4575,1.4548,1.4566,186027.104701
2026-04-22 06:55:00,1.4564,1.4568,1.456,1.4567,33053.806772
2026-04-22 07:00:00,1.4567,1.4577,1.4562,1.4563,25730.293266
2026-04-22 07:05:00,1.4563,1.4574,1.4563,1.4573,64727.781642
2026-04-22 07:10:00,1.457,1.4585,1.4566,1.4576,41465.818384
2026-04-22 07:15:00,1.4575,1.4575,1.4544,1.4546,737856.861526
2026-04-22 07:20:00,1.4546,1.4546,1.453,1.4536,64643.020965
2026-04-22 07:25:00,1.4537,1.4537,1.452,1.4523,67636.026583
2026-04-22 07:30:00,1.4523,1.4525,1.4517,1.4521,24414.611536
2026-04-22 07:35:00,1.4522,1.4538,1.4522,1.4524,66780.701051
2026-04-22 07:40:00,1.4524,1.455,1.4522,1.4542,63820.115519
2026-04-22 07:45:00,1.4543,1.4554,1.4536,1.4542,67128.237472
2026-04-22 07:50:00,1.4543,1.4553,1.454,1.454,55916.384381
2026-04-22 07:55:00,1.454,1.4564,1.454,1.4546,65777.412765
2026-04-22 08:00:00,1.4546,1.4552,1.4531,1.4536,30562.446067
2026-04-22 08:05:00,1.4535,1.455,1.4535,1.4545,40401.868731
2026-04-22 08:10:00,1.4545,1.4556,1.4544,1.4544,39827.587068
2026-04-22 08:15:00,1.4544,1.4548,1.4534,1.4543,76740.857594
2026-04-22 08:20:00,1.4542,1.4545,1.4517,1.4518,51887.323642
2026-04-22 08:25:00,1.4518,1.4538,1.4518,1.452,46836.309415
2026-04-22 08:30:00,1.4521,1.4526,1.4511,1.4512,42317.502122
2026-04-22 08:35:00,1.4512,1.4526,1.4503,1.4504,133151.91783
2026-04-22 08:40:00,1.4504,1.4518,1.4501,1.4513,30972.964586
2026-04-22 08:45:00,1.4515,1.4521,1.4508,1.4511,7271.382645
2026-04-22 08:50:00,1.451,1.4529,1.451,1.4527,28778.843681
2026-04-22 08:55:00,1.4528,1.4542,1.4526,1.4528,53113.14894
2026-04-22 09:00:00,1.4524,1.4541,1.4511,1.4514,68638.934127
2026-04-22 09:05:00,1.4514,1.4549,1.4513,1.4545,36964.658961
2026-04-22 09:10:00,1.4543,1.4546,1.4526,1.4531,40621.188867
2026-04-22 09:15:00,1.453,1.4536,1.4515,1.4519,25972.455049
2026-04-22 09:20:00,1.452,1.4532,1.4519,1.4525,23643.926455
2026-04-22 09:25:00,1.4525,1.454,1.4525,1.4539,20074.958183
2026-04-22 09:30:00,1.4539,1.454,1.452,1.4525,14950.149897
2026-04-22 09:35:00,1.4525,1.4525,1.4512,1.4523,20814.775031
2026-04-22 09:40:00,1.4524,1.4535,1.4524,1.4526,12811.502846
2026-04-22 09:45:00,1.4525,1.4527,1.4522,1.4523,3949.573667
2026-04-22 09:50:00,1.4525,1.4534,1.451,1.451,53927.207011
2026-04-22 09:55:00,1.4511,1.452,1.45,1.4517,50242.445714
2026-04-22 10:00:00,1.4517,1.4526,1.45,1.4501,39258.378316
2026-04-22 10:05:00,1.4502,1.4513,1.449,1.4491,31845.542725
2026-04-22 10:10:00,1.4492,1.4501,1.449,1.4498,21434.827813
2026-04-22 10:15:00,1.4498,1.45,1.4488,1.4494,38993.432938
2026-04-22 10:20:00,1.4495,1.4502,1.4487,1.4488,21543.308885
2026-04-22 10:25:00,1.4489,1.4503,1.4489,1.4501,17956.959355
2026-04-22 10:30:00,1.4499,1.4525,1.4499,1.4524,131821.036907
2026-04-22 10:35:00,1.4526,1.4528,1.4518,1.4519,15669.00679
2026-04-22 10:40:00,1.4519,1.4522,1.4507,1.4511,15204.121525
2026-04-22 10:45:00,1.4511,1.4516,1.451,1.4514,12893.294115
2026-04-22 10:50:00,1.4513,1.4515,1.4511,1.4513,10875.88639
2026-04-22 10:55:00,1.4512,1.4513,1.4501,1.4509,21681.34415
2026-04-22 11:00:00,1.4508,1.4535,1.4508,1.4513,61695.284992
2026-04-22 11:05:00,1.4513,1.4521,1.4492,1.45,72545.800159
2026-04-22 11:10:00,1.4501,1.4513,1.45,1.4505,22208.290788
2026-04-22 11:15:00,1.4505,1.4518,1.4504,1.4512,20755.053072
2026-04-22 11:20:00,1.4514,1.4515,1.45,1.4506,20068.785532
2026-04-22 11:25:00,1.4507,1.4513,1.4503,1.451,22700.340412
2026-04-22 11:30:00,1.4509,1.4525,1.4509,1.4525,38370.93611
2026-04-22 11:35:00,1.4526,1.4539,1.4513,1.4524,44634.058663
2026-04-22 11:40:00,1.4524,1.4529,1.4516,1.4521,25621.097224
2026-04-22 11:45:00,1.4521,1.4535,1.4513,1.4532,33824.696577
2026-04-22 11:50:00,1.4529,1.4548,1.4522,1.4547,22000.721169
2026-04-22 11:55:00,1.4546,1.4546,1.4533,1.4543,19779.936952
2026-04-22 12:00:00,1.4545,1.4554,1.4529,1.4542,118416.605817
2026-04-22 12:05:00,1.4542,1.4543,1.4532,1.4538,21692.626716
2026-04-22 12:10:00,1.4539,1.4555,1.4538,1.455,32353.860419
2026-04-22 12:15:00,1.4548,1.4554,1.4536,1.4541,68560.999063
2026-04-22 12:20:00,1.454,1.4545,1.4526,1.4526,57599.093622
2026-04-22 12:25:00,1.4525,1.4533,1.4509,1.4509,39731.483121
2026-04-22 12:30:00,1.4509,1.4515,1.45,1.4515,124090.744059
2026-04-22 12:35:00,1.4513,1.4513,1.4488,1.4488,57465.507667
2026-04-22 12:40:00,1.4487,1.4499,1.4474,1.4482,158679.518584
2026-04-22 12:45:00,1.4483,1.4523,1.4483,1.4497,96015.833807
2026-04-22 12:50:00,1.4498,1.4512,1.4498,1.4507,48345.079589
2026-04-22 12:55:00,1.4506,1.4514,1.4504,1.4508,31018.774335
2026-04-22 13:00:00,1.4507,1.4507,1.4479,1.4503,123536.412716
2026-04-22 13:05:00,1.4504,1.4553,1.45,1.451,197330.021856
2026-04-22 13:10:00,1.4509,1.4536,1.4508,1.4533,60035.594595
2026-04-22 13:15:00,1.4534,1.456,1.4532,1.4546,114182.350427
2026-04-22 13:20:00,1.4547,1.4556,1.4539,1.4544,124714.769673
2026-04-22 13:25:00,1.4541,1.4544,1.4533,1.4534,35924.46152
2026-04-22 13:30:00,1.4535,1.4566,1.4519,1.4542,92975.190964
2026-04-22 13:35:00,1.454,1.4552,1.4512,1.4546,575288.243608
2026-04-22 13:40:00,1.4546,1.4578,1.4542,1.4578,110762.835902
2026-04-22 13:45:00,1.4578,1.4612,1.4561,1.4586,148248.742722
2026-04-22 13:50:00,1.4585,1.4605,1.4581,1.4596,65003.966157
2026-04-22 13:55:00,1.4598,1.4598,1.4578,1.459,68703.867731
2026-04-22 14:00:00,1.4591,1.4595,1.4572,1.458,136649.504141
2026-04-22 14:05:00,1.4582,1.4583,1.4551,1.4564,62843.969377
2026-04-22 14:10:00,1.4566,1.4627,1.4564,1.4616,220904.367638
2026-04-22 14:15:00,1.4613,1.4618,1.457,1.457,67347.335213
2026-04-22 14:20:00,1.4569,1.4606,1.4569,1.4588,47544.788245
2026-04-22 14:25:00,1.4588,1.4598,1.458,1.4584,31787.086779
2026-04-22 14:30:00,1.4586,1.4589,1.4517,1.4557,64485.433912
2026-04-22 14:35:00,1.4554,1.4559,1.4541,1.4552,43758.466242
2026-04-22 14:40:00,1.4551,1.4565,1.4522,1.4523,45301.045814
2026-04-22 14:45:00,1.4522,1.4559,1.452,1.4559,27931.388269
2026-04-22 14:50:00,1.456,1.4572,1.4547,1.4567,117369.872121
2026-04-22 14:55:00,1.4565,1.4581,1.4549,1.4578,31894.83521
2026-04-22 15:00:00,1.4578,1.4585,1.4539,1.454,43043.410894
2026-04-22 15:05:00,1.4541,1.4553,1.453,1.4547,49637.412536
2026-04-22 15:10:00,1.4545,1.456,1.4541,1.4543,21721.693242
2026-04-22 15:15:00,1.4543,1.4557,1.454,1.4549,32325.292462
2026-04-22 15:20:00,1.4548,1.457,1.4541,1.4561,26793.846887
2026-04-22 15:25:00,1.456,1.4562,1.4528,1.4543,58151.540254
2026-04-22 15:30:00,1.4542,1.4575,1.4527,1.4537,47595.150916
2026-04-22 15:35:00,1.4536,1.4575,1.4515,1.457,257614.635857
2026-04-22 15:40:00,1.457,1.4572,1.4559,1.4565,18514.196489
2026-04-22 15:45:00,1.4562,1.4606,1.4561,1.4596,37191.316172
2026-04-22 15:50:00,1.4594,1.4602,1.4589,1.4598,21658.274079
2026-04-22 15:55:00,1.46,1.4602,1.4565,1.4565,15251.100787
2026-04-22 16:00:00,1.4566,1.4589,1.4562,1.4586,38386.074248
2026-04-22 16:05:00,1.459,1.459,1.4564,1.4564,26051.457337
2026-04-22 16:10:00,1.4564,1.4565,1.4533,1.4542,41292.135337
2026-04-22 16:15:00,1.4544,1.4547,1.4518,1.4519,34535.547016
2026-04-22 16:20:00,1.452,1.4525,1.4478,1.4483,135694.430667
2026-04-22 16:25:00,1.4485,1.449,1.4469,1.4481,135254.468284
2026-04-22 16:30:00,1.4474,1.4485,1.4463,1.4477,52636.479239
2026-04-22 16:35:00,1.4477,1.4495,1.4474,1.4493,39374.273095
2026-04-22 16:40:00,1.4491,1.4497,1.4473,1.4477,195596.503213
2026-04-22 16:45:00,1.4476,1.4488,1.4465,1.4487,351538.755232
2026-04-22 16:50:00,1.4486,1.4493,1.4462,1.4465,60344.421897
2026-04-22 16:55:00,1.4465,1.4475,1.4459,1.4468,45877.22671
2026-04-22 17:00:00,1.4469,1.4504,1.4469,1.45,37336.632345
2026-04-22 17:05:00,1.4499,1.4502,1.4482,1.4502,43531.787652
2026-04-22 17:10:00,1.4503,1.4521,1.4503,1.4505,49386.032189
2026-04-22 17:15:00,1.4505,1.4511,1.4467,1.4477,64883.268319
2026-04-22 17:20:00,1.4477,1.4489,1.4461,1.4469,27097.035161
2026-04-22 17:25:00,1.4468,1.4482,1.4462,1.4475,125126.987361
2026-04-22 17:30:00,1.4474,1.4484,1.4465,1.4465,27201.471233
2026-04-22 17:35:00,1.4466,1.4483,1.4463,1.448,14821.491466
2026-04-22 17:40:00,1.4484,1.4493,1.4467,1.4473,137966.264908
2026-04-22 17:45:00,1.4472,1.4494,1.446,1.4483,34680.580205
2026-04-22 17:50:00,1.4484,1.4508,1.4484,1.4504,15123.224313
2026-04-22 17:55:00,1.4506,1.4511,1.4491,1.4492,24625.025951
2026-04-22 18:00:00,1.4493,1.452,1.4492,1.4512,25297.200297
2026-04-22 18:05:00,1.4512,1.4519,1.45,1.4508,11005.300714
2026-04-22 18:10:00,1.4507,1.453,1.4506,1.4528,30246.215111
2026-04-22 18:15:00,1.4526,1.4529,1.4518,1.4526,7147.191678
2026-04-22 18:20:00,1.4523,1.4523,1.4509,1.4516,11137.266979
2026-04-22 18:25:00,1.4517,1.4518,1.4507,1.4508,81153.459162
2026-04-22 18:30:00,1.4505,1.4511,1.4497,1.4506,16524.861136
2026-04-22 18:35:00,1.4507,1.4509,1.4497,1.4503,9046.48839
2026-04-22 18:40:00,1.4507,1.4507,1.4485,1.4487,22992.306323
2026-04-22 18:45:00,1.4488,1.4509,1.4488,1.4508,14676.120633
2026-04-22 18:50:00,1.4508,1.4515,1.4498,1.4498,31873.949271
2026-04-22 18:55:00,1.4497,1.4497,1.4478,1.4478,12048.916211
2026-04-22 19:00:00,1.4479,1.4481,1.4437,1.4441,42859.677661
2026-04-22 19:05:00,1.444,1.4447,1.4426,1.4432,53398.036666
2026-04-22 19:10:00,1.4432,1.4453,1.4432,1.4445,23445.659498
2026-04-22 19:15:00,1.4444,1.4462,1.444,1.4461,27401.040409
2026-04-22 19:20:00,1.4459,1.4473,1.4459,1.4463,53112.471487
2026-04-22 19:25:00,1.4463,1.4472,1.4458,1.446,18599.592731
2026-04-22 19:30:00,1.4459,1.4461,1.4413,1.4414,31278.645029
2026-04-22 19:35:00,1.4412,1.4412,1.4373,1.4406,145851.538528
2026-04-22 19:40:00,1.4403,1.4414,1.4399,1.441,28587.525765
2026-04-22 19:45:00,1.441,1.4419,1.4402,1.4419,23937.263921
2026-04-22 19:50:00,1.4419,1.4424,1.44,1.4411,23981.46397
2026-04-22 19:55:00,1.441,1.4428,1.4408,1.4412,98748.029594
2026-04-22 20:00:00,1.4411,1.4428,1.44,1.4428,36903.88889
2026-04-22 20:05:00,1.4427,1.4428,1.4407,1.4409,23907.148616
2026-04-22 20:10:00,1.441,1.4411,1.4387,1.4387,76227.964775
2026-04-22 20:15:00,1.4387,1.4387,1.4355,1.4359,36521.683077
2026-04-22 20:20:00,1.4359,1.4375,1.4343,1.4367,153196.768359
2026-04-22 20:25:00,1.4368,1.438,1.4367,1.438,19948.270037
2026-04-22 20:30:00,1.4379,1.4388,1.4376,1.4377,27586.083123
2026-04-22 20:35:00,1.4378,1.4384,1.4366,1.4381,19149.713345
2026-04-22 20:40:00,1.438,1.4383,1.4375,1.4377,17618.324981
2026-04-22 20:45:00,1.4376,1.4376,1.4359,1.4371,36399.752609
2026-04-22 20:50:00,1.437,1.4375,1.4364,1.4373,2441.13619
2026-04-22 20:55:00,1.4374,1.4382,1.4366,1.437,18683.392711
2026-04-22 21:00:00,1.437,1.4385,1.437,1.4375,11418.523096
2026-04-22 21:05:00,1.4375,1.4381,1.4375,1.4379,16016.572591
2026-04-22 21:10:00,1.4379,1.4397,1.4378,1.4387,79191.775405
2026-04-22 21:15:00,1.4386,1.4393,1.4384,1.4393,4746.937282
2026-04-22 21:20:00,1.4393,1.4399,1.4393,1.4399,11206.424942
2026-04-22 21:25:00,1.4399,1.4399,1.4395,1.4398,11759.436456
2026-04-22 21:30:00,1.4398,1.441,1.4398,1.4408,31114.067938
2026-04-22 21:35:00,1.4408,1.4411,1.4399,1.4408,21308.506457
2026-04-22 21:40:00,1.4409,1.4412,1.4405,1.441,20565.354446
2026-04-22 21:45:00,1.441,1.441,1.4405,1.4409,10776.393197
2026-04-22 21:50:00,1.4408,1.4409,1.4403,1.4406,20031.26341
2026-04-22 21:55:00,1.4406,1.4418,1.4406,1.4416,14350.807262
2026-04-22 22:00:00,1.4416,1.4418,1.4397,1.4405,57152.799933
2026-04-22 22:05:00,1.4406,1.4418,1.4395,1.4412,59282.121481
2026-04-22 22:10:00,1.441,1.4412,1.4397,1.4397,33197.55887
2026-04-22 22:15:00,1.4398,1.44,1.4373,1.4373,15675.97684
2026-04-22 22:20:00,1.4372,1.4382,1.4371,1.4379,19302.750832
2026-04-22 22:25:00,1.4378,1.4381,1.4369,1.437,23446.106415
2026-04-22 22:30:00,1.4368,1.4382,1.4365,1.4369,42060.280304
2026-04-22 22:35:00,1.4368,1.4375,1.4361,1.4369,13292.017468
2026-04-22 22:40:00,1.437,1.4377,1.4367,1.4369,12202.744733
2026-04-22 22:45:00,1.4365,1.4374,1.4355,1.4363,11716.644349
2026-04-22 22:50:00,1.4364,1.4373,1.4363,1.4369,11162.578092
2026-04-22 22:55:00,1.437,1.438,1.4364,1.438,8231.881482
2026-04-22 23:00:00,1.4381,1.4382,1.4353,1.4358,21840.869603
2026-04-22 23:05:00,1.4357,1.4364,1.4352,1.436,26920.144898
2026-04-22 23:10:00,1.4361,1.4372,1.4359,1.4359,10309.364223
2026-04-22 23:15:00,1.4359,1.4367,1.4353,1.4355,42865.062461
2026-04-22 23:20:00,1.4354,1.4354,1.4315,1.4322,124999.249696
2026-04-22 23:25:00,1.432,1.4331,1.4296,1.4328,150754.429573
2026-04-22 23:30:00,1.4328,1.4328,1.429,1.4303,42390.632287
2026-04-22 23:35:00,1.4302,1.4315,1.4295,1.4304,39077.64026
2026-04-22 23:40:00,1.4305,1.431,1.429,1.43,25869.022237
2026-04-22 23:45:00,1.43,1.4312,1.4291,1.4299,49817.501382
2026-04-22 23:50:00,1.4297,1.4302,1.4289,1.4292,51693.454871
2026-04-22 23:55:00,1.429,1.4304,1.4286,1.4294,48560.255389
2026-04-23 00:00:00,1.4297,1.4305,1.4286,1.429,66535.529656
2026-04-23 00:05:00,1.4288,1.4292,1.4266,1.4266,43389.951881
2026-04-23 00:10:00,1.4265,1.4265,1.4224,1.4229,207757.682416
2026-04-23 00:15:00,1.4225,1.4314,1.4169,1.4308,428955.968505
2026-04-23 00:20:00,1.4304,1.4305,1.4261,1.4268,63287.891575
2026-04-23 00:25:00,1.4267,1.4289,1.4255,1.4287,48789.273391
2026-04-23 00:30:00,1.4286,1.43,1.4269,1.4288,40462.959091
2026-04-23 00:35:00,1.429,1.4312,1.4281,1.429,125232.198647
2026-04-23 00:40:00,1.4289,1.4294,1.4278,1.4286,23700.421193
2026-04-23 00:45:00,1.4287,1.4293,1.4264,1.4284,35954.718334
2026-04-23 00:50:00,1.4283,1.43,1.4279,1.4279,92393.301566
2026-04-23 00:55:00,1.4279,1.4291,1.4278,1.4291,11991.723866
2026-04-23 01:00:00,1.4291,1.4292,1.4278,1.4278,16207.624384
2026-04-23 01:05:00,1.4277,1.4298,1.4275,1.4276,24987.302763
2026-04-23 01:10:00,1.4275,1.4276,1.4258,1.4261,26102.347086
2026-04-23 01:15:00,1.4262,1.4265,1.4242,1.4248,16018.520766
2026-04-23 01:20:00,1.4247,1.4251,1.4232,1.4232,8930.208819
2026-04-23 01:25:00,1.4233,1.4251,1.4217,1.4217,33038.219444
2026-04-23 01:30:00,1.4216,1.4236,1.421,1.423,62459.086876
2026-04-23 01:35:00,1.4232,1.4247,1.423,1.4246,13070.661416
2026-04-23 01:40:00,1.4249,1.4272,1.4249,1.4257,16127.730916
2026-04-23 01:45:00,1.4257,1.4269,1.425,1.4269,36238.95282
2026-04-23 01:50:00,1.4267,1.4274,1.4257,1.4257,11424.922932
2026-04-23 01:55:00,1.4258,1.4265,1.4256,1.426,14164.873223
2026-04-23 02:00:00,1.4258,1.426,1.4233,1.4239,72582.038084
2026-04-23 02:05:00,1.424,1.425,1.4237,1.4239,41038.584369
2026-04-23 02:10:00,1.424,1.425,1.4229,1.4229,21640.393326
2026-04-23 02:15:00,1.4229,1.4247,1.4221,1.4229,48161.890362
2026-04-23 02:20:00,1.4229,1.4248,1.4222,1.4224,42345.468773
2026-04-23 02:25:00,1.4225,1.4227,1.4187,1.4195,102779.282601
2026-04-23 02:30:00,1.4198,1.42,1.4168,1.4178,104427.232793
2026-04-23 02:35:00,1.4179,1.4196,1.4153,1.4168,76773.173047
2026-04-23 02:40:00,1.417,1.4177,1.4154,1.4172,20526.241959
2026-04-23 02:45:00,1.4174,1.4181,1.4166,1.4176,11801.636258
2026-04-23 02:50:00,1.4177,1.42,1.4177,1.4193,49642.47949
2026-04-23 02:55:00,1.4193,1.4197,1.4184,1.4188,26570.522918
2026-04-23 03:00:00,1.4189,1.4218,1.4187,1.4209,114765.313671
2026-04-23 03:05:00,1.4209,1.4209,1.4182,1.4183,19135.612568
2026-04-23 03:10:00,1.4183,1.4189,1.4157,1.4157,42355.089979
2026-04-23 03:15:00,1.4156,1.4165,1.4145,1.4146,37526.328255
2026-04-23 03:20:00,1.4148,1.4165,1.4144,1.4151,31864.710329
2026-04-23 03:25:00,1.4151,1.4156,1.4147,1.4152,6453.918449
2026-04-23 03:30:00,1.4151,1.4151,1.4132,1.4134,97676.820376
2026-04-23 03:35:00,1.4133,1.4143,1.4116,1.4134,42783.726962
2026-04-23 03:40:00,1.4134,1.4145,1.4113,1.4144,47158.634375
2026-04-23 03:45:00,1.4145,1.4154,1.413,1.4136,64383.527403
2026-04-23 03:50:00,1.4136,1.4156,1.4133,1.4155,27034.178576
2026-04-23 03:55:00,1.4156,1.4162,1.4146,1.4162,29171.541149
2026-04-23 04:00:00,1.4162,1.4172,1.4153,1.4169,18966.785871
2026-04-23 04:05:00,1.4167,1.4174,1.4161,1.4174,22537.389686
2026-04-23 04:10:00,1.4175,1.419,1.4175,1.4184,64118.405977
2026-04-23 04:15:00,1.4185,1.4185,1.417,1.4171,26396.51987
2026-04-23 04:20:00,1.4171,1.4182,1.4165,1.4166,19026.120476
2026-04-23 04:25:00,1.4163,1.4172,1.4163,1.4166,16516.454568
2026-04-23 04:30:00,1.4168,1.4192,1.4168,1.4184,65559.479451
2026-04-23 04:35:00,1.4184,1.4187,1.4174,1.4177,8715.066807
2026-04-23 04:40:00,1.4174,1.4178,1.4171,1.4176,14129.141103
2026-04-23 04:45:00,1.4176,1.4185,1.417,1.4177,14623.733299
2026-04-23 04:50:00,1.4176,1.4176,1.4162,1.4174,24735.386283
2026-04-23 04:55:00,1.4174,1.4181,1.4167,1.4179,10547.84961
2026-04-23 05:00:00,1.4179,1.4196,1.4177,1.419,15622.677608
2026-04-23 05:05:00,1.419,1.4192,1.4182,1.4192,27367.12063
2026-04-23 05:10:00,1.4194,1.4203,1.4186,1.419,66777.51598
2026-04-23 05:15:00,1.419,1.4191,1.4171,1.4181,35715.266175
2026-04-23 05:20:00,1.4182,1.419,1.4181,1.4183,12804.039247
2026-04-23 05:25:00,1.4185,1.4185,1.4172,1.4175,9319.571169
2026-04-23 05:30:00,1.4175,1.4175,1.4153,1.4163,66169.214341
2026-04-23 05:35:00,1.4162,1.4165,1.415,1.4158,15639.297286
2026-04-23 05:40:00,1.4158,1.4177,1.4157,1.4177,24359.338184
2026-04-23 05:45:00,1.4174,1.4191,1.4174,1.4191,18122.960464
2026-04-23 05:50:00,1.4191,1.4207,1.419,1.419,27161.093825
2026-04-23 05:55:00,1.4192,1.4202,1.419,1.4195,11270.365825
2026-04-23 06:00:00,1.4202,1.4219,1.42,1.4218,27200.775692
2026-04-23 06:05:00,1.4219,1.4236,1.4215,1.4234,34867.50972
2026-04-23 06:10:00,1.4234,1.4237,1.4227,1.4228,14134.744535
2026-04-23 06:15:00,1.4229,1.4238,1.4222,1.4223,35509.811177
2026-04-23 06:20:00,1.4222,1.4248,1.4222,1.4239,62368.43204
2026-04-23 06:25:00,1.424,1.4243,1.4235,1.4242,6531.048875
2026-04-23 06:30:00,1.4242,1.425,1.424,1.4247,11144.903126
2026-04-23 06:35:00,1.4246,1.4246,1.4233,1.4237,12808.023258
2026-04-23 06:40:00,1.4235,1.4237,1.4226,1.4229,19799.489065
2026-04-23 06:45:00,1.4227,1.4228,1.4213,1.4214,15609.355973
2026-04-23 06:50:00,1.4214,1.4239,1.4214,1.4235,21868.294104
2026-04-23 06:55:00,1.4234,1.424,1.4228,1.4237,17775.047298
2026-04-23 07:00:00,1.4238,1.424,1.4226,1.423,106940.408643
2026-04-23 07:05:00,1.4229,1.4241,1.4229,1.4232,27138.45455
2026-04-23 07:10:00,1.423,1.4237,1.4216,1.4216,18293.355462
2026-04-23 07:15:00,1.4217,1.4221,1.4211,1.422,24141.110764
2026-04-23 07:20:00,1.4219,1.4232,1.4217,1.4229,8571.394301
2026-04-23 07:25:00,1.4227,1.4229,1.4222,1.4222,7063.42967
2026-04-23 07:30:00,1.4221,1.4229,1.4218,1.4228,24371.094855
2026-04-23 07:35:00,1.4227,1.423,1.4209,1.4226,15375.667771
2026-04-23 07:40:00,1.4226,1.4229,1.4217,1.4228,6133.127578
2026-04-23 07:45:00,1.4228,1.4231,1.4212,1.4224,29820.491827
2026-04-23 07:50:00,1.4225,1.4227,1.42,1.4202,52637.433527
2026-04-23 07:55:00,1.4204,1.421,1.4195,1.421,32629.846822
2026-04-23 08:00:00,1.4211,1.4213,1.4197,1.4198,10365.920354
2026-04-23 08:05:00,1.4197,1.4201,1.418,1.4194,32218.320225
2026-04-23 08:10:00,1.4195,1.4201,1.4189,1.4198,17562.340416
2026-04-23 08:15:00,1.4198,1.4198,1.4183,1.419,11448.040086
2026-04-23 08:20:00,1.4191,1.4202,1.4185,1.4185,41327.483133
2026-04-23 08:25:00,1.4184,1.419,1.4168,1.4175,40921.774505
2026-04-23 08:30:00,1.4176,1.4176,1.4159,1.4165,14578.415145
2026-04-23 08:35:00,1.4164,1.4168,1.4159,1.4161,7391.300444
2026-04-23 08:40:00,1.416,1.4163,1.4152,1.4153,25942.248744
2026-04-23 08:45:00,1.4153,1.4167,1.4153,1.4164,19157.365775
2026-04-23 08:50:00,1.4167,1.4179,1.4167,1.4178,12886.535371
2026-04-23 08:55:00,1.4179,1.4188,1.4179,1.4182,10694.051232
2026-04-23 09:00:00,1.4182,1.4188,1.4161,1.4161,82503.246254
2026-04-23 09:05:00,1.416,1.416,1.4121,1.4147,114477.422677
2026-04-23 09:10:00,1.4145,1.4145,1.4121,1.4136,31362.946808
2026-04-23 09:15:00,1.4135,1.4167,1.4135,1.416,24885.415833
2026-04-23 09:20:00,1.4158,1.4161,1.4145,1.4146,32916.829152
2026-04-23 09:25:00,1.4146,1.4154,1.4145,1.4154,18445.265716
2026-04-23 09:30:00,1.4155,1.4162,1.4146,1.4153,38795.138118
2026-04-23 09:35:00,1.4153,1.4157,1.415,1.4154,23710.347966
2026-04-23 09:40:00,1.4155,1.4163,1.4155,1.416,19910.083315
2026-04-23 09:45:00,1.4159,1.416,1.4124,1.4137,48136.234594
2026-04-23 09:50:00,1.4137,1.415,1.4137,1.4142,18554.661271
2026-04-23 09:55:00,1.4142,1.4152,1.4141,1.4151,25348.815492
2026-04-23 10:00:00,1.415,1.4161,1.4145,1.4148,34167.792126
2026-04-23 10:05:00,1.4149,1.4149,1.4115,1.4121,209520.191821
2026-04-23 10:10:00,1.412,1.4128,1.4085,1.4092,260768.467602
2026-04-23 10:15:00,1.4092,1.4113,1.4092,1.4109,58669.412563
2026-04-23 10:20:00,1.411,1.4112,1.4099,1.4108,35592.199945
2026-04-23 10:25:00,1.4108,1.4112,1.4105,1.411,13255.908255
2026-04-23 10:30:00,1.4109,1.4117,1.4107,1.4117,14907.864156
2026-04-23 10:35:00,1.4115,1.4117,1.4101,1.4107,12497.246112
2026-04-23 10:40:00,1.4107,1.411,1.4102,1.4104,14032.52594
2026-04-23 10:45:00,1.4105,1.4115,1.4098,1.41,34051.366929
2026-04-23 10:50:00,1.4099,1.4103,1.4096,1.4097,17980.516105
2026-04-23 10:55:00,1.4096,1.4111,1.4094,1.4107,23412.098855
2026-04-23 11:00:00,1.4107,1.4124,1.4107,1.412,16196.410819
2026-04-23 11:05:00,1.4119,1.4126,1.4111,1.4121,25133.415529
2026-04-23 11:10:00,1.412,1.4128,1.4114,1.4122,33156.932948
2026-04-23 11:15:00,1.4121,1.4127,1.4117,1.4127,12954.271334
2026-04-23 11:20:00,1.4126,1.4131,1.4117,1.4127,36072.060658
2026-04-23 11:25:00,1.4126,1.4138,1.4126,1.4132,35945.304993
2026-04-23 11:30:00,1.413,1.4131,1.4122,1.4122,21008.821391
2026-04-23 11:35:00,1.4124,1.4147,1.4124,1.4139,29252.672953
2026-04-23 11:40:00,1.4138,1.4152,1.4137,1.4148,32129.638203
2026-04-23 11:45:00,1.4149,1.4169,1.4149,1.416,88728.663577
2026-04-23 11:50:00,1.4157,1.4176,1.4154,1.4172,20631.746558
2026-04-23 11:55:00,1.4173,1.4176,1.4162,1.4163,32749.349697
2026-04-23 12:00:00,1.4164,1.4174,1.4158,1.4172,87854.298341
2026-04-23 12:05:00,1.4171,1.4189,1.4166,1.4176,57732.310466
2026-04-23 12:10:00,1.4175,1.4188,1.4173,1.418,29044.017856
2026-04-23 12:15:00,1.4178,1.4179,1.4165,1.4168,23586.233929
2026-04-23 12:20:00,1.4168,1.4173,1.4153,1.4171,40959.294681
2026-04-23 12:25:00,1.4173,1.4179,1.4166,1.4179,46159.019166
2026-04-23 12:30:00,1.4176,1.4197,1.4175,1.4191,44191.656944
2026-04-23 12:35:00,1.4193,1.4202,1.4193,1.4198,22890.499559
2026-04-23 12:40:00,1.4198,1.4209,1.4192,1.4197,58936.709757
2026-04-23 12:45:00,1.4198,1.4205,1.4152,1.4174,145578.059211
2026-04-23 12:50:00,1.4174,1.4182,1.4164,1.4169,40299.67927
2026-04-23 12:55:00,1.4168,1.4185,1.4168,1.4185,51197.757914
2026-04-23 13:00:00,1.4187,1.4199,1.418,1.4191,21554.739147
2026-04-23 13:05:00,1.419,1.4195,1.4184,1.4193,10574.781642
2026-04-23 13:10:00,1.4193,1.4197,1.4159,1.4167,48690.499596
2026-04-23 13:15:00,1.4168,1.4176,1.4157,1.4163,11500.270035
2026-04-23 13:20:00,1.4167,1.417,1.4162,1.4162,26038.827976
2026-04-23 13:25:00,1.4162,1.4163,1.4147,1.4155,25211.774996
2026-04-23 13:30:00,1.4154,1.4176,1.4151,1.4164,36643.975314
2026-04-23 13:35:00,1.4163,1.4174,1.4152,1.4165,33813.247372
2026-04-23 13:40:00,1.4163,1.4173,1.4156,1.4161,18987.833589
2026-04-23 13:45:00,1.416,1.4192,1.4148,1.4185,176681.902791
2026-04-23 13:50:00,1.4184,1.4184,1.4142,1.4149,42012.805841
2026-04-23 13:55:00,1.4147,1.4167,1.4145,1.4162,26767.73744
2026-04-23 14:00:00,1.4162,1.4177,1.4141,1.4174,39361.401969
2026-04-23 14:05:00,1.4173,1.4177,1.4152,1.4173,30008.717832
2026-04-23 14:10:00,1.4173,1.4173,1.4156,1.4164,15708.31493
2026-04-23 14:15:00,1.4166,1.418,1.4157,1.4157,15942.084482
2026-04-23 14:20:00,1.4159,1.4194,1.4159,1.4189,30403.247741
2026-04-23 14:25:00,1.4188,1.4209,1.418,1.4185,38883.508063
2026-04-23 14:30:00,1.419,1.4209,1.419,1.4206,28736.466616
2026-04-23 14:35:00,1.4203,1.4263,1.4199,1.4262,111452.295341
2026-04-23 14:40:00,1.4264,1.4264,1.4227,1.4249,72121.426915
2026-04-23 14:45:00,1.4251,1.427,1.4251,1.4261,43015.134686
2026-04-23 14:50:00,1.426,1.429,1.4257,1.4279,30131.376166
2026-04-23 14:55:00,1.4279,1.4305,1.4279,1.4301,94682.78767
2026-04-23 15:00:00,1.4303,1.4314,1.4274,1.4276,139853.205982
2026-04-23 15:05:00,1.4275,1.4283,1.4272,1.4274,24090.544412
2026-04-23 15:10:00,1.4274,1.4282,1.4263,1.4264,27403.613354
2026-04-23 15:15:00,1.4264,1.4338,1.4257,1.4326,131690.895141
2026-04-23 15:20:00,1.4324,1.4369,1.4324,1.4358,63469.783853
2026-04-23 15:25:00,1.4357,1.4357,1.4326,1.4326,39509.857721
2026-04-23 15:30:00,1.4325,1.434,1.4311,1.433,25463.465411
2026-04-23 15:35:00,1.4325,1.4337,1.4317,1.4337,42468.038349
2026-04-23 15:40:00,1.4338,1.4342,1.4322,1.4322,50137.683777
2026-04-23 15:45:00,1.4321,1.4325,1.4298,1.4325,44201.679924
2026-04-23 15:50:00,1.4322,1.4327,1.4303,1.4303,32627.578072
2026-04-23 15:55:00,1.4301,1.4326,1.4296,1.4316,157624.030506
2026-04-23 16:00:00,1.4317,1.4328,1.43,1.43,45101.007448
2026-04-23 16:05:00,1.4299,1.4313,1.4296,1.4306,38742.248456
2026-04-23 16:10:00,1.4305,1.4314,1.4285,1.429,99359.213891
2026-04-23 16:15:00,1.4291,1.4306,1.4286,1.4306,30174.954436
2026-04-23 16:20:00,1.4307,1.4329,1.4296,1.4324,272243.903152
2026-04-23 16:25:00,1.4323,1.4327,1.4304,1.4304,17005.177123
2026-04-23 16:30:00,1.4302,1.4326,1.4302,1.4323,32838.657065
2026-04-23 16:35:00,1.4325,1.4328,1.431,1.4314,35789.696661
2026-04-23 16:40:00,1.4314,1.4331,1.43,1.4312,204295.085337
2026-04-23 16:45:00,1.4311,1.4326,1.431,1.4317,83279.517024
2026-04-23 16:50:00,1.4316,1.433,1.4285,1.4285,72923.692363
2026-04-23 16:55:00,1.4285,1.4316,1.4278,1.43,191304.340826
2026-04-23 17:00:00,1.4301,1.4321,1.4263,1.4291,214528.302339
2026-04-23 17:05:00,1.4292,1.4298,1.4266,1.4286,462402.680681
2026-04-23 17:10:00,1.4285,1.4331,1.4269,1.4331,236616.148176
2026-04-23 17:15:00,1.4331,1.4355,1.4298,1.4317,205621.006716
2026-04-23 17:20:00,1.4316,1.4356,1.4305,1.4335,169363.133278
2026-04-23 17:25:00,1.4335,1.4367,1.4302,1.4302,92146.605008
2026-04-23 17:30:00,1.4301,1.436,1.4288,1.4359,329902.699336
2026-04-23 17:35:00,1.4359,1.4369,1.4259,1.4269,242338.908292
2026-04-23 17:40:00,1.427,1.427,1.4224,1.4243,259774.966844
2026-04-23 17:45:00,1.4242,1.4284,1.4212,1.4268,182469.683774
2026-04-23 17:50:00,1.4268,1.4345,1.425,1.4311,296122.476196
2026-04-23 17:55:00,1.4309,1.4367,1.4302,1.4353,174041.921758
2026-04-23 18:00:00,1.4353,1.4388,1.433,1.4335,238168.653683
2026-04-23 18:05:00,1.4335,1.4405,1.4326,1.4379,88370.162526
2026-04-23 18:10:00,1.438,1.4409,1.4378,1.4378,151872.943239
2026-04-23 18:15:00,1.4379,1.441,1.4379,1.4386,133138.963998
2026-04-23 18:20:00,1.4383,1.4391,1.4352,1.4357,97631.795943
2026-04-23 18:25:00,1.4357,1.4357,1.4309,1.434,197888.158165
2026-04-23 18:30:00,1.4341,1.4371,1.4341,1.436,72439.989933
2026-04-23 18:35:00,1.4359,1.4402,1.4357,1.4394,84080.158118
2026-04-23 18:40:00,1.4394,1.44,1.4385,1.4388,53976.972733
2026-04-23 18:45:00,1.4388,1.4392,1.4368,1.437,58766.244745
2026-04-23 18:50:00,1.4367,1.4383,1.4355,1.4371,73115.201622
2026-04-23 18:55:00,1.4371,1.4371,1.4311,1.4312,97914.118652
2026-04-23 19:00:00,1.4313,1.4328,1.4278,1.4278,71482.902284
2026-04-23 19:05:00,1.428,1.4304,1.428,1.4297,58761.776876
2026-04-23 19:10:00,1.4294,1.4311,1.429,1.4304,66671.872985
2026-04-23 19:15:00,1.4307,1.4339,1.4307,1.4325,46231.961375
2026-04-23 19:20:00,1.4324,1.4325,1.4314,1.4316,19845.801826
2026-04-23 19:25:00,1.4316,1.4337,1.4316,1.4318,39847.93719
2026-04-23 19:30:00,1.4318,1.433,1.429,1.4292,41747.349906
2026-04-23 19:35:00,1.4291,1.4299,1.4269,1.4285,26609.685888
2026-04-23 19:40:00,1.4288,1.4297,1.4288,1.4288,11957.804939
2026-04-23 19:45:00,1.4289,1.4325,1.4289,1.432,35289.030496
2026-04-23 19:50:00,1.4318,1.4328,1.4278,1.4318,92936.953432
2026-04-23 19:55:00,1.4319,1.433,1.4294,1.4294,27922.291803
2026-04-23 20:00:00,1.4297,1.433,1.4292,1.433,57626.765107
2026-04-23 20:05:00,1.4331,1.4349,1.4324,1.4331,32371.809377
2026-04-23 20:10:00,1.433,1.4331,1.4301,1.4301,20334.110321
2026-04-23 20:15:00,1.4301,1.4306,1.4279,1.4293,58943.656074
2026-04-23 20:20:00,1.4294,1.4306,1.4287,1.4305,27825.66505
2026-04-23 20:25:00,1.4303,1.4333,1.4299,1.4317,64019.933293
2026-04-23 20:30:00,1.4319,1.4339,1.431,1.4331,18779.735712
2026-04-23 20:35:00,1.4328,1.4359,1.4313,1.4357,332964.191591
2026-04-23 20:40:00,1.4358,1.4369,1.435,1.4369,44167.240951
2026-04-23 20:45:00,1.4368,1.4373,1.4354,1.4354,37798.799192
2026-04-23 20:50:00,1.4358,1.436,1.4338,1.4338,31241.68934
2026-04-23 20:55:00,1.4337,1.4339,1.4319,1.4329,36020.286316
2026-04-23 21:00:00,1.433,1.4346,1.433,1.4339,23095.967535
2026-04-23 21:05:00,1.4338,1.4343,1.4327,1.4329,27653.732098
2026-04-23 21:10:00,1.433,1.4331,1.4305,1.4314,324442.424228
2026-04-23 21:15:00,1.4315,1.4321,1.4307,1.4321,18881.312131
2026-04-23 21:20:00,1.4321,1.4326,1.4309,1.4319,16723.93307
2026-04-23 21:25:00,1.432,1.4337,1.432,1.4337,23572.292277
2026-04-23 21:30:00,1.4339,1.436,1.4339,1.4359,32305.416723
2026-04-23 21:35:00,1.4358,1.436,1.4351,1.4351,32565.895316
2026-04-23 21:40:00,1.435,1.4379,1.435,1.4375,34789.034562
2026-04-23 21:45:00,1.4373,1.4379,1.4369,1.4377,21742.1493
2026-04-23 21:50:00,1.4378,1.438,1.4366,1.4371,37061.921818
2026-04-23 21:55:00,1.4371,1.4373,1.4333,1.4334,49453.887064
2026-04-23 22:00:00,1.4333,1.4359,1.4333,1.4348,68083.29178
2026-04-23 22:05:00,1.4345,1.4373,1.4336,1.4355,39739.22439
2026-04-23 22:10:00,1.4354,1.4368,1.4354,1.4359,22351.219667
2026-04-23 22:15:00,1.4359,1.4389,1.4355,1.4381,57675.320949
2026-04-23 22:20:00,1.4381,1.439,1.4373,1.4383,42107.479304
2026-04-23 22:25:00,1.4383,1.4386,1.4373,1.4373,20807.437124
2026-04-23 22:30:00,1.4373,1.4381,1.4369,1.4375,32736.468063
2026-04-23 22:35:00,1.4375,1.4387,1.4375,1.4379,16930.854044
2026-04-23 22:40:00,1.4379,1.4387,1.4378,1.4383,29047.389647
2026-04-23 22:45:00,1.4384,1.4392,1.4383,1.4391,33453.005663
2026-04-23 22:50:00,1.4389,1.4391,1.438,1.4388,40705.214548
2026-04-23 22:55:00,1.4387,1.4387,1.4358,1.436,76718.448229
2026-04-23 23:00:00,1.436,1.4374,1.4356,1.4359,39343.268932
2026-04-23 23:05:00,1.4359,1.4365,1.435,1.435,14794.341784
2026-04-23 23:10:00,1.4348,1.4348,1.4331,1.4337,12859.369971
2026-04-23 23:15:00,1.4337,1.4346,1.4325,1.4345,25957.382473
2026-04-23 23:20:00,1.4344,1.4356,1.434,1.4356,31899.862548
2026-04-23 23:25:00,1.4356,1.4356,1.4347,1.4347,24456.711434
2026-04-23 23:30:00,1.4348,1.4355,1.4348,1.435,18224.279884
2026-04-23 23:35:00,1.4352,1.4368,1.4352,1.4362,25314.095323
2026-04-23 23:40:00,1.4361,1.4378,1.4361,1.4377,35475.025745
2026-04-23 23:45:00,1.4379,1.4405,1.4378,1.4393,69500.999251
2026-04-23 23:50:00,1.4393,1.4398,1.4386,1.4392,43223.294887
2026-04-23 23:55:00,1.439,1.439,1.4382,1.4387,28155.287908
2026-04-24 00:00:00,1.4389,1.4405,1.4378,1.4381,77045.472345
2026-04-24 00:05:00,1.4381,1.4398,1.4376,1.439,54969.543906
2026-04-24 00:10:00,1.4388,1.4391,1.4379,1.4381,41531.20509
2026-04-24 00:15:00,1.438,1.4402,1.438,1.4399,33303.141025
2026-04-24 00:20:00,1.4399,1.4407,1.4384,1.4384,67591.38365
2026-04-24 00:25:00,1.4384,1.4398,1.4384,1.4389,93341.896751
2026-04-24 00:30:00,1.4393,1.4403,1.4389,1.4396,25051.606858
2026-04-24 00:35:00,1.4398,1.4404,1.4392,1.4399,37257.879999
2026-04-24 00:40:00,1.4398,1.4398,1.439,1.439,44721.343391
2026-04-24 00:45:00,1.4389,1.4405,1.4389,1.4401,19949.742951
2026-04-24 00:50:00,1.44,1.4405,1.4395,1.4401,26369.83999
2026-04-24 00:55:00,1.4401,1.4404,1.4392,1.4403,97736.558774
2026-04-24 01:00:00,1.4404,1.4405,1.4375,1.4376,60806.828052
2026-04-24 01:05:00,1.4371,1.4375,1.4352,1.4359,55699.790079
2026-04-24 01:10:00,1.4359,1.4364,1.4356,1.4362,31336.540755
2026-04-24 01:15:00,1.4364,1.4365,1.4353,1.4353,9538.102356
2026-04-24 01:20:00,1.4352,1.436,1.4339,1.4349,109535.216235
2026-04-24 01:25:00,1.4349,1.4349,1.4336,1.4336,44312.183015
2026-04-24 01:30:00,1.4338,1.4348,1.4322,1.4348,23903.479754
2026-04-24 01:35:00,1.4348,1.4376,1.4343,1.4367,32077.92015
2026-04-24 01:40:00,1.4368,1.4374,1.4361,1.4362,16629.05691
2026-04-24 01:45:00,1.4361,1.4426,1.4361,1.4425,44824.793384
2026-04-24 01:50:00,1.4426,1.4452,1.4426,1.4435,68944.96857
2026-04-24 01:55:00,1.4436,1.4445,1.4429,1.4443,50041.115844
2026-04-24 02:00:00,1.4441,1.4455,1.4434,1.4434,59484.783516
2026-04-24 02:05:00,1.4432,1.4433,1.441,1.4413,20989.414687
2026-04-24 02:10:00,1.4413,1.4416,1.4404,1.4414,38830.11739
2026-04-24 02:15:00,1.4415,1.4418,1.4412,1.4414,18900.292624
2026-04-24 02:20:00,1.4414,1.4424,1.4391,1.4391,50014.433117
2026-04-24 02:25:00,1.4391,1.4391,1.4379,1.438,14137.90296
2026-04-24 02:30:00,1.4382,1.4392,1.4377,1.439,29594.093344
2026-04-24 02:35:00,1.4391,1.4405,1.4391,1.4395,24495.906824
2026-04-24 02:40:00,1.4395,1.4401,1.4391,1.4394,19703.062567
2026-04-24 02:45:00,1.4395,1.4402,1.4388,1.4397,7976.278098
2026-04-24 02:50:00,1.4394,1.4414,1.4369,1.4375,76472.013106
2026-04-24 02:55:00,1.4376,1.4378,1.4368,1.4374,6789.909102
2026-04-24 03:00:00,1.4374,1.4384,1.436,1.4369,34667.314055
2026-04-24 03:05:00,1.4368,1.4381,1.436,1.438,38965.95133
2026-04-24 03:10:00,1.4382,1.4389,1.4371,1.4374,9935.327022
2026-04-24 03:15:00,1.4373,1.4374,1.4363,1.4366,4729.100627
2026-04-24 03:20:00,1.4366,1.4366,1.4306,1.4306,81985.869356
2026-04-24 03:25:00,1.4308,1.4338,1.4308,1.4313,38140.783016
2026-04-24 03:30:00,1.4314,1.4319,1.4285,1.4287,109284.569369
2026-04-24 03:35:00,1.4287,1.4308,1.4287,1.4301,30802.152427
2026-04-24 03:40:00,1.43,1.4305,1.429,1.4292,18948.914641
2026-04-24 03:45:00,1.4292,1.4311,1.4292,1.4302,19214.527709
2026-04-24 03:50:00,1.4299,1.4315,1.4297,1.4301,21079.103951
2026-04-24 03:55:00,1.4301,1.4307,1.4298,1.4306,17691.369133
2026-04-24 04:00:00,1.4307,1.4308,1.4298,1.4298,9907.899222
2026-04-24 04:05:00,1.4301,1.4307,1.4298,1.4298,17935.052753
2026-04-24 04:10:00,1.43,1.4307,1.4289,1.4294,54910.381268
2026-04-24 04:15:00,1.4293,1.4293,1.4259,1.4286,162534.686098
2026-04-24 04:20:00,1.4293,1.4308,1.4293,1.4303,27063.62204
2026-04-24 04:25:00,1.4302,1.4302,1.4273,1.4273,25220.631844
2026-04-24 04:30:00,1.4273,1.4288,1.4273,1.4284,27659.835126
2026-04-24 04:35:00,1.4284,1.4296,1.4263,1.4274,50675.460989
2026-04-24 04:40:00,1.4274,1.4287,1.4273,1.4287,21017.642363
2026-04-24 04:45:00,1.4289,1.431,1.4287,1.4306,91512.260788
2026-04-24 04:50:00,1.4307,1.4307,1.4296,1.4296,20274.615529
2026-04-24 04:55:00,1.4293,1.4297,1.4293,1.4294,51796.315302
2026-04-24 05:00:00,1.4294,1.4295,1.428,1.428,94618.55486
2026-04-24 05:05:00,1.4279,1.4284,1.427,1.4279,24984.26673
2026-04-24 05:10:00,1.4279,1.4281,1.4268,1.4268,30470.302979
2026-04-24 05:15:00,1.4268,1.4277,1.4259,1.427,18690.224524
2026-04-24 05:20:00,1.427,1.4276,1.4263,1.4275,36823.407193
2026-04-24 05:25:00,1.4277,1.4289,1.4273,1.4284,13982.792666
2026-04-24 05:30:00,1.4286,1.4304,1.4283,1.4291,12600.908316
2026-04-24 05:35:00,1.429,1.4299,1.4284,1.4299,14099.883907
2026-04-24 05:40:00,1.4299,1.4303,1.4294,1.4297,15703.069347
2026-04-24 05:45:00,1.4299,1.4309,1.4297,1.4309,8515.816315
2026-04-24 05:50:00,1.4309,1.4319,1.4309,1.431,28764.956032
2026-04-24 05:55:00,1.4312,1.434,1.4312,1.433,72831.646697
2026-04-24 06:00:00,1.433,1.4336,1.4311,1.4316,13362.12535
2026-04-24 06:05:00,1.4313,1.4318,1.4299,1.4317,26445.894185
2026-04-24 06:10:00,1.4316,1.4323,1.431,1.4321,53420.15728
2026-04-24 06:15:00,1.4324,1.4327,1.4312,1.4321,14851.303597
2026-04-24 06:20:00,1.4321,1.4326,1.4311,1.4323,25298.547297
2026-04-24 06:25:00,1.4322,1.4326,1.431,1.4323,22480.178597
2026-04-24 06:30:00,1.4324,1.4331,1.4308,1.4315,50912.771347
2026-04-24 06:35:00,1.4312,1.4318,1.4303,1.4315,15287.249516
2026-04-24 06:40:00,1.4314,1.4317,1.4304,1.4304,11138.377641
2026-04-24 06:45:00,1.4302,1.4316,1.4301,1.4314,12207.786581
2026-04-24 06:50:00,1.4315,1.4323,1.4315,1.4318,7829.664122
2026-04-24 06:55:00,1.4319,1.4319,1.4301,1.4301,9597.915319
2026-04-24 07:00:00,1.43,1.4313,1.4298,1.4311,9303.147872
2026-04-24 07:05:00,1.4312,1.4329,1.4312,1.4319,13175.3035
2026-04-24 07:10:00,1.4324,1.4329,1.4309,1.4311,13283.389025
2026-04-24 07:15:00,1.4311,1.4311,1.4298,1.4299,7185.480484
2026-04-24 07:20:00,1.4298,1.4299,1.4286,1.4288,6759.273025
2026-04-24 07:25:00,1.4289,1.4296,1.4285,1.4294,28452.183101
2026-04-24 07:30:00,1.4293,1.4295,1.4288,1.4295,13676.022143
2026-04-24 07:35:00,1.4297,1.4306,1.4297,1.4305,17064.306505
2026-04-24 07:40:00,1.4304,1.4304,1.4294,1.4297,34741.505737
2026-04-24 07:45:00,1.4299,1.4317,1.4296,1.431,19755.800623
2026-04-24 07:50:00,1.4311,1.432,1.4308,1.4311,12195.24212
2026-04-24 07:55:00,1.4311,1.4325,1.4297,1.4325,57794.516079
2026-04-24 08:00:00,1.4326,1.4329,1.4314,1.4317,33837.437851
2026-04-24 08:05:00,1.4317,1.4325,1.4313,1.432,30569.490889
2026-04-24 08:10:00,1.4317,1.4321,1.4308,1.4309,16823.745593
2026-04-24 08:15:00,1.431,1.4337,1.431,1.4332,41327.351344
2026-04-24 08:20:00,1.4332,1.4363,1.4328,1.4357,55486.409823
2026-04-24 08:25:00,1.4357,1.4357,1.4343,1.4349,72136.779478
2026-04-24 08:30:00,1.4349,1.4349,1.4326,1.4326,29373.733151
2026-04-24 08:35:00,1.4325,1.4326,1.4313,1.432,21716.582978
2026-04-24 08:40:00,1.4318,1.4322,1.4299,1.4301,30879.336422
2026-04-24 08:45:00,1.4299,1.4321,1.4298,1.4321,12934.128343
2026-04-24 08:50:00,1.4322,1.4329,1.4316,1.4321,93659.557868
2026-04-24 08:55:00,1.432,1.4323,1.4314,1.4322,109036.986005
2026-04-24 09:00:00,1.4317,1.4319,1.4296,1.4297,29746.877995
2026-04-24 09:05:00,1.4297,1.4298,1.4253,1.4258,88647.62646
2026-04-24 09:10:00,1.426,1.427,1.4255,1.4262,50924.04216
2026-04-24 09:15:00,1.4264,1.4279,1.426,1.4272,32731.169215
2026-04-24 09:20:00,1.4275,1.4279,1.4257,1.426,37278.803881
2026-04-24 09:25:00,1.4257,1.4261,1.4254,1.4258,7496.869124
2026-04-24 09:30:00,1.4258,1.4269,1.4256,1.4264,20524.362644
2026-04-24 09:35:00,1.4265,1.4271,1.4261,1.4268,20224.910865
2026-04-24 09:40:00,1.4269,1.4281,1.4269,1.4281,13827.996251
2026-04-24 09:45:00,1.4281,1.4281,1.4262,1.4262,40668.954396
2026-04-24 09:50:00,1.4262,1.4266,1.4247,1.4264,145580.550759
2026-04-24 09:55:00,1.426,1.426,1.4252,1.4259,17040.251551
2026-04-24 10:00:00,1.4259,1.4259,1.4245,1.425,43065.531663
2026-04-24 10:05:00,1.4246,1.4246,1.4238,1.4246,14033.513639
2026-04-24 10:10:00,1.4245,1.4258,1.4245,1.4249,44608.755917
2026-04-24 10:15:00,1.425,1.4258,1.4249,1.4257,13870.193099
2026-04-24 10:20:00,1.4258,1.4288,1.4258,1.4287,30033.240228
2026-04-24 10:25:00,1.4284,1.4299,1.4284,1.4292,16656.48427
2026-04-24 10:30:00,1.4292,1.4292,1.4274,1.428,25810.587123
2026-04-24 10:35:00,1.4282,1.4297,1.4282,1.4286,19511.001652
2026-04-24 10:40:00,1.4287,1.4288,1.4284,1.4287,5804.354045
2026-04-24 10:45:00,1.4285,1.4311,1.4276,1.4304,65861.191827
2026-04-24 10:50:00,1.4308,1.4318,1.43,1.4315,15087.280026
2026-04-24 10:55:00,1.4318,1.4326,1.4315,1.4317,47269.985091
2026-04-24 11:00:00,1.4316,1.4359,1.4316,1.4344,116994.040036
2026-04-24 11:05:00,1.4343,1.4395,1.434,1.4368,88565.797446
2026-04-24 11:10:00,1.4365,1.4387,1.4365,1.4367,18088.821469
2026-04-24 11:15:00,1.4369,1.4379,1.4356,1.4358,46348.115885
2026-04-24 11:20:00,1.4357,1.4399,1.4357,1.4388,67648.270557
2026-04-24 11:25:00,1.4389,1.4397,1.4375,1.4397,35175.752667
2026-04-24 11:30:00,1.4398,1.4408,1.4387,1.4394,51275.00303
2026-04-24 11:35:00,1.4393,1.4396,1.4382,1.4387,24790.437366
2026-04-24 11:40:00,1.4386,1.4397,1.4385,1.4387,21229.022553
2026-04-24 11:45:00,1.4387,1.4387,1.4368,1.4376,70717.038832
2026-04-24 11:50:00,1.4375,1.4377,1.4367,1.437,23856.526429
2026-04-24 11:55:00,1.4371,1.4387,1.4364,1.4384,41290.730509
2026-04-24 12:00:00,1.4385,1.4388,1.4371,1.4374,50245.6159
2026-04-24 12:05:00,1.4378,1.4396,1.4371,1.4386,50663.097408
2026-04-24 12:10:00,1.439,1.4414,1.4388,1.4403,89607.082849
2026-04-24 12:15:00,1.4405,1.4406,1.4367,1.4378,35883.125075
2026-04-24 12:20:00,1.4377,1.4379,1.4361,1.4375,30168.31479
2026-04-24 12:25:00,1.4374,1.4374,1.4358,1.4366,43865.233927
2026-04-24 12:30:00,1.4364,1.4364,1.4352,1.4352,47973.195751
2026-04-24 12:35:00,1.4353,1.4364,1.4344,1.4352,35366.143134
2026-04-24 12:40:00,1.4355,1.4369,1.435,1.4352,21536.035626
2026-04-24 12:45:00,1.4351,1.4364,1.4335,1.4335,41799.461164
2026-04-24 12:50:00,1.4335,1.4344,1.4329,1.4332,28505.630061
2026-04-24 12:55:00,1.4331,1.4349,1.4331,1.4348,13455.917103
2026-04-24 13:00:00,1.4348,1.4377,1.4348,1.4377,57917.691672
2026-04-24 13:05:00,1.4378,1.441,1.4377,1.4409,124923.687933
2026-04-24 13:10:00,1.441,1.4447,1.441,1.4415,81315.358407
2026-04-24 13:15:00,1.4415,1.4426,1.4409,1.4425,69959.126546
2026-04-24 13:20:00,1.4425,1.4426,1.4394,1.4394,27188.252595
2026-04-24 13:25:00,1.4394,1.4402,1.4374,1.439,122138.259814
2026-04-24 13:30:00,1.439,1.4396,1.4348,1.4389,153164.954822
2026-04-24 13:35:00,1.4386,1.4395,1.4367,1.4389,39204.424049
2026-04-24 13:40:00,1.4389,1.4395,1.4376,1.4379,55937.297614
2026-04-24 13:45:00,1.4378,1.4383,1.4355,1.4365,36040.92327
2026-04-24 13:50:00,1.4369,1.4369,1.4345,1.4347,130814.88495
2026-04-24 13:55:00,1.4347,1.4367,1.4338,1.4358,39764.311604
2026-04-24 14:00:00,1.4357,1.4366,1.4334,1.4348,69270.548089
2026-04-24 14:05:00,1.4348,1.4358,1.433,1.433,142322.613087
2026-04-24 14:10:00,1.4332,1.4347,1.4317,1.4324,89512.396661
2026-04-24 14:15:00,1.4325,1.4356,1.4322,1.4342,53531.610059
2026-04-24 14:20:00,1.4342,1.4351,1.4315,1.4315,40712.196216
2026-04-24 14:25:00,1.4314,1.4314,1.4285,1.4295,84966.978618
2026-04-24 14:30:00,1.4295,1.4341,1.4295,1.4338,146791.507364
2026-04-24 14:35:00,1.434,1.4391,1.4339,1.4383,185033.554947
2026-04-24 14:40:00,1.4382,1.4384,1.4332,1.4366,159207.973662
2026-04-24 14:45:00,1.4368,1.4386,1.4346,1.4357,80603.786458
2026-04-24 14:50:00,1.4357,1.4369,1.4335,1.4346,122509.578201
2026-04-24 14:55:00,1.4346,1.4361,1.4332,1.4339,88810.997368
2026-04-24 15:00:00,1.4338,1.4345,1.4315,1.432,45695.176531
2026-04-24 15:05:00,1.4316,1.4316,1.4292,1.4311,92912.624235
2026-04-24 15:10:00,1.4312,1.4335,1.4312,1.4323,62663.36663
2026-04-24 15:15:00,1.4323,1.4325,1.4307,1.4317,41576.622227
2026-04-24 15:20:00,1.4317,1.4364,1.4317,1.4355,27970.790864
2026-04-24 15:25:00,1.4355,1.4379,1.4353,1.4378,34186.040838
2026-04-24 15:30:00,1.4379,1.439,1.4375,1.4376,20344.496148
2026-04-24 15:35:00,1.4375,1.4393,1.4374,1.4376,60181.890274
2026-04-24 15:40:00,1.4378,1.4448,1.4378,1.4434,122823.897543
2026-04-24 15:45:00,1.4435,1.4468,1.4432,1.4446,192219.946955
2026-04-24 15:50:00,1.4446,1.4467,1.4445,1.4456,92871.085333
2026-04-24 15:55:00,1.4457,1.4483,1.4457,1.448,97652.101481
2026-04-24 16:00:00,1.4482,1.4509,1.4465,1.4465,161862.786039
2026-04-24 16:05:00,1.4465,1.4471,1.4433,1.4444,50726.748861
2026-04-24 16:10:00,1.4445,1.4455,1.4433,1.4433,39404.676274
2026-04-24 16:15:00,1.4434,1.4434,1.4412,1.4415,43272.491433
2026-04-24 16:20:00,1.4416,1.4435,1.4407,1.4433,40728.536247
2026-04-24 16:25:00,1.4435,1.4438,1.4423,1.4426,38725.632917
2026-04-24 16:30:00,1.4428,1.4439,1.4428,1.4434,46253.266949
2026-04-24 16:35:00,1.4438,1.444,1.4413,1.4417,19592.713902
2026-04-24 16:40:00,1.4417,1.4421,1.438,1.4399,68082.494442
2026-04-24 16:45:00,1.44,1.4418,1.4389,1.4389,48697.085118
2026-04-24 16:50:00,1.4392,1.4404,1.4381,1.4397,43467.777531
2026-04-24 16:55:00,1.4397,1.4407,1.4391,1.4405,53976.382155
2026-04-24 17:00:00,1.4403,1.4424,1.4402,1.4421,44794.336469
2026-04-24 17:05:00,1.4419,1.4421,1.4404,1.441,72589.742659
2026-04-24 17:10:00,1.4405,1.4429,1.4405,1.4417,32755.03086
2026-04-24 17:15:00,1.4415,1.4418,1.4387,1.4397,31906.537957
2026-04-24 17:20:00,1.4396,1.4397,1.4383,1.4386,27233.784409
2026-04-24 17:25:00,1.4386,1.4409,1.4385,1.4401,55882.427716
2026-04-24 17:30:00,1.44,1.4402,1.4361,1.4364,47894.447902
2026-04-24 17:35:00,1.4364,1.4386,1.4364,1.437,31916.190223
2026-04-24 17:40:00,1.4371,1.4383,1.4368,1.4381,37817.818241
2026-04-24 17:45:00,1.4381,1.4394,1.4372,1.4382,52676.901366
2026-04-24 17:50:00,1.4384,1.4429,1.4383,1.4405,81939.787397
2026-04-24 17:55:00,1.4403,1.4416,1.4399,1.4412,55741.856697
2026-04-24 18:00:00,1.4412,1.4418,1.4397,1.4404,23339.992118
2026-04-24 18:05:00,1.4403,1.4403,1.4386,1.4386,26012.028189
2026-04-24 18:10:00,1.4392,1.4398,1.4376,1.4376,34723.619951
2026-04-24 18:15:00,1.4375,1.4375,1.4339,1.4353,33235.232276
2026-04-24 18:20:00,1.4353,1.4371,1.435,1.4369,22756.987311
2026-04-24 18:25:00,1.4367,1.4378,1.4364,1.4371,26515.482405
2026-04-24 18:30:00,1.4371,1.4386,1.4367,1.4386,29717.766763
2026-04-24 18:35:00,1.4385,1.4396,1.4383,1.4386,30223.01978
2026-04-24 18:40:00,1.4387,1.4388,1.4376,1.4388,13681.551105
2026-04-24 18:45:00,1.4391,1.4394,1.4379,1.4379,15702.67452
2026-04-24 18:50:00,1.4378,1.4386,1.4376,1.4385,24154.03995
2026-04-24 18:55:00,1.4386,1.4395,1.4379,1.4388,33246.097294
2026-04-24 19:00:00,1.4388,1.4426,1.4388,1.4403,38265.365122
2026-04-24 19:05:00,1.4404,1.4407,1.439,1.4397,26457.433402
2026-04-24 19:10:00,1.4395,1.4395,1.4381,1.4384,15011.104064
2026-04-24 19:15:00,1.4383,1.4395,1.4383,1.4388,30296.157379
2026-04-24 19:20:00,1.4389,1.4393,1.4373,1.4373,11596.662889
2026-04-24 19:25:00,1.4372,1.4379,1.437,1.4378,7573.629701
2026-04-24 19:30:00,1.4372,1.4387,1.4365,1.4383,24302.32106
2026-04-24 19:35:00,1.4382,1.4397,1.4373,1.4397,24842.456506
2026-04-24 19:40:00,1.4397,1.4407,1.4394,1.4399,22795.155577
2026-04-24 19:45:00,1.4397,1.4401,1.4392,1.4397,14760.998348
2026-04-24 19:50:00,1.4397,1.4412,1.4394,1.4407,22663.242269
2026-04-24 19:55:00,1.4409,1.441,1.4389,1.439,35527.291776
2026-04-24 20:00:00,1.4393,1.4393,1.4373,1.4383,44800.339162
2026-04-24 20:05:00,1.4388,1.4395,1.4376,1.4376,65228.237052
2026-04-24 20:10:00,1.438,1.4382,1.4374,1.4375,25670.543177
2026-04-24 20:15:00,1.4376,1.4379,1.4368,1.4372,17339.226287
2026-04-24 20:20:00,1.4371,1.4376,1.4358,1.4361,18743.443231
2026-04-24 20:25:00,1.4361,1.4367,1.4351,1.4365,28570.783721
2026-04-24 20:30:00,1.4364,1.4376,1.4362,1.4375,29150.057368
2026-04-24 20:35:00,1.4377,1.441,1.4377,1.4405,36631.702743
2026-04-24 20:40:00,1.4406,1.4406,1.4395,1.4395,13645.161791
2026-04-24 20:45:00,1.4396,1.4408,1.4396,1.4404,24156.724218
2026-04-24 20:50:00,1.4403,1.4408,1.4397,1.4406,18728.738964
2026-04-24 20:55:00,1.4406,1.4419,1.4402,1.4405,56960.818533
2026-04-24 21:00:00,1.4404,1.4417,1.4401,1.4417,33854.898571
2026-04-24 21:05:00,1.4417,1.4427,1.4413,1.4414,21166.229605
2026-04-24 21:10:00,1.4414,1.4433,1.438,1.438,98467.628527
2026-04-24 21:15:00,1.4381,1.439,1.4375,1.4389,41696.86585
2026-04-24 21:20:00,1.4391,1.4391,1.4377,1.4387,24994.001797
2026-04-24 21:25:00,1.4388,1.4393,1.4377,1.4377,27311.597074
2026-04-24 21:30:00,1.4378,1.4389,1.4376,1.4388,36346.100131
2026-04-24 21:35:00,1.4387,1.4388,1.4367,1.4385,49740.899302
2026-04-24 21:40:00,1.4381,1.4389,1.4369,1.4385,38372.782138
2026-04-24 21:45:00,1.4382,1.4386,1.4372,1.4385,50307.838456
2026-04-24 21:50:00,1.4386,1.4389,1.4382,1.4387,20086.817966
2026-04-24 21:55:00,1.4386,1.439,1.4378,1.4378,33474.134235
2026-04-24 22:00:00,1.4375,1.4386,1.4368,1.4371,27950.916988
2026-04-24 22:05:00,1.4372,1.4378,1.4366,1.4366,20199.511105
2026-04-24 22:10:00,1.4368,1.4377,1.4368,1.4375,17877.15925
2026-04-24 22:15:00,1.4375,1.4375,1.4367,1.4374,29191.829274
2026-04-24 22:20:00,1.4374,1.4375,1.4364,1.4366,12106.354773
2026-04-24 22:25:00,1.4365,1.4365,1.4358,1.4359,6919.066438
2026-04-24 22:30:00,1.4359,1.436,1.4333,1.4334,18886.345225
2026-04-24 22:35:00,1.4333,1.434,1.4298,1.4307,71267.38441
2026-04-24 22:40:00,1.4308,1.4318,1.4305,1.4318,28711.56682
2026-04-24 22:45:00,1.432,1.4331,1.4317,1.4323,17419.543673
2026-04-24 22:50:00,1.4321,1.4326,1.4307,1.4317,54945.699775
2026-04-24 22:55:00,1.4318,1.4321,1.4314,1.4314,13820.043908
2026-04-24 23:00:00,1.4316,1.4325,1.4313,1.4324,22459.453962
2026-04-24 23:05:00,1.4322,1.4332,1.4322,1.4328,9989.644991
2026-04-24 23:10:00,1.4328,1.4335,1.4326,1.4331,36760.463591
2026-04-24 23:15:00,1.4332,1.4336,1.4331,1.4336,22914.239412
2026-04-24 23:20:00,1.4336,1.4337,1.4324,1.4328,22680.582849
2026-04-24 23:25:00,1.4327,1.4335,1.4325,1.4328,20017.752867
2026-04-24 23:30:00,1.4328,1.4336,1.4324,1.4333,16362.007762
2026-04-24 23:35:00,1.4333,1.4333,1.4326,1.4326,5119.726417
2026-04-24 23:40:00,1.4326,1.4326,1.4317,1.432,10131.544584
2026-04-24 23:45:00,1.432,1.4333,1.4317,1.4332,12422.69366
2026-04-24 23:50:00,1.433,1.4338,1.433,1.4337,9723.70994
2026-04-24 23:55:00,1.4339,1.4339,1.4329,1.4334,29460.154955
2026-04-25 00:00:00,1.4333,1.4346,1.4329,1.4333,19813.832944
2026-04-25 00:05:00,1.4334,1.4337,1.4328,1.4332,15983.72025
2026-04-25 00:10:00,1.4332,1.4333,1.4325,1.4329,7763.690304
2026-04-25 00:15:00,1.433,1.4339,1.4329,1.4337,14991.445236
2026-04-25 00:20:00,1.4338,1.4339,1.4335,1.4335,6839.740524
2026-04-25 00:25:00,1.4335,1.4335,1.4324,1.4324,6071.822437
2026-04-25 00:30:00,1.4323,1.4328,1.432,1.4325,12869.593598
2026-04-25 00:35:00,1.4324,1.4327,1.4322,1.4327,15198.845126
2026-04-25 00:40:00,1.4327,1.434,1.4319,1.4319,31465.961574
2026-04-25 00:45:00,1.4318,1.4328,1.4318,1.4325,13085.448312
2026-04-25 00:50:00,1.4325,1.4334,1.4322,1.433,14011.931544
2026-04-25 00:55:00,1.4331,1.4336,1.4331,1.4334,6963.457532
2026-04-25 01:00:00,1.4334,1.4345,1.4334,1.4338,17717.393962
2026-04-25 01:05:00,1.4338,1.4343,1.4333,1.4338,13645.70672
2026-04-25 01:10:00,1.4339,1.4346,1.4337,1.4344,5446.301785
2026-04-25 01:15:00,1.4344,1.436,1.4344,1.435,18918.263064
2026-04-25 01:20:00,1.4348,1.4348,1.4337,1.4338,2723.847231
2026-04-25 01:25:00,1.4338,1.4355,1.4337,1.4353,12887.289367
2026-04-25 01:30:00,1.4352,1.4365,1.4345,1.4363,13271.630883
2026-04-25 01:35:00,1.4363,1.4367,1.4355,1.4363,20294.070258
2026-04-25 01:40:00,1.4364,1.4364,1.4356,1.4358,7516.582555
2026-04-25 01:45:00,1.4357,1.4371,1.4357,1.4368,14035.908438
2026-04-25 01:50:00,1.4368,1.4372,1.4362,1.4363,19248.825197
2026-04-25 01:55:00,1.4362,1.4362,1.436,1.4361,3622.032719
2026-04-25 02:00:00,1.4361,1.4366,1.4349,1.4349,26180.831842
2026-04-25 02:05:00,1.4349,1.4362,1.4348,1.4355,19093.830531
2026-04-25 02:10:00,1.4355,1.4373,1.4351,1.4354,44559.590612
2026-04-25 02:15:00,1.4353,1.4357,1.4351,1.4355,2377.143058
2026-04-25 02:20:00,1.4354,1.436,1.4347,1.4359,13617.5984
2026-04-25 02:25:00,1.4362,1.4374,1.4362,1.437,10613.228686
2026-04-25 02:30:00,1.437,1.4376,1.4367,1.4371,7451.242424
2026-04-25 02:35:00,1.437,1.437,1.4365,1.4366,1535.215434
2026-04-25 02:40:00,1.4365,1.4365,1.4338,1.434,74379.189814
2026-04-25 02:45:00,1.434,1.434,1.4335,1.4336,8205.372343
2026-04-25 02:50:00,1.4336,1.4345,1.4336,1.4341,62356.134379
2026-04-25 02:55:00,1.434,1.4341,1.4334,1.4336,10164.319972
2026-04-25 03:00:00,1.4338,1.4343,1.4335,1.4342,13444.162276
2026-04-25 03:05:00,1.4342,1.4355,1.4339,1.4339,35881.46145
2026-04-25 03:10:00,1.4335,1.4343,1.4329,1.4341,27675.051366
2026-04-25 03:15:00,1.434,1.4342,1.4331,1.4342,10842.42914
2026-04-25 03:20:00,1.4343,1.4345,1.4337,1.4337,5578.215628
2026-04-25 03:25:00,1.4337,1.4337,1.4328,1.4332,17502.898475
2026-04-25 03:30:00,1.4333,1.434,1.4331,1.434,2986.277603
2026-04-25 03:35:00,1.434,1.4348,1.4336,1.4348,12940.50344
2026-04-25 03:40:00,1.4349,1.4356,1.4348,1.4353,9670.689421
2026-04-25 03:45:00,1.4355,1.4365,1.4355,1.4363,7696.3361
2026-04-25 03:50:00,1.4363,1.437,1.436,1.4365,8949.711602
2026-04-25 03:55:00,1.4365,1.4367,1.4357,1.4367,18681.245928
2026-04-25 04:00:00,1.4366,1.4369,1.4362,1.4362,5291.525088
2026-04-25 04:05:00,1.4363,1.4369,1.4356,1.4369,12067.455717
2026-04-25 04:10:00,1.4371,1.4375,1.4362,1.4363,18810.512928
2026-04-25 04:15:00,1.4362,1.4365,1.4356,1.4356,5109.883514
2026-04-25 04:20:00,1.4355,1.4357,1.4351,1.4353,6744.647481
2026-04-25 04:25:00,1.4355,1.4361,1.4352,1.4352,12174.513326
2026-04-25 04:30:00,1.4351,1.4351,1.4346,1.4346,6389.404763
2026-04-25 04:35:00,1.4346,1.4346,1.4335,1.4344,5174.272484
2026-04-25 04:40:00,1.4345,1.4345,1.4337,1.4337,12765.408253
2026-04-25 04:45:00,1.4337,1.4346,1.4337,1.4338,9103.943094
2026-04-25 04:50:00,1.4339,1.4343,1.4337,1.4343,18945.197379
2026-04-25 04:55:00,1.4343,1.4343,1.4337,1.4342,1683.516566
2026-04-25 05:00:00,1.434,1.434,1.4315,1.4315,36727.369542
2026-04-25 05:05:00,1.4316,1.4327,1.4316,1.4327,10712.808799
2026-04-25 05:10:00,1.4326,1.4326,1.4318,1.432,6646.154525
2026-04-25 05:15:00,1.4322,1.4329,1.4315,1.4329,26972.245365
2026-04-25 05:20:00,1.433,1.4331,1.4328,1.4329,1319.012535
2026-04-25 05:25:00,1.4329,1.4329,1.4327,1.4327,1384.534674
2026-04-25 05:30:00,1.4323,1.433,1.4321,1.4328,4189.637138
2026-04-25 05:35:00,1.4329,1.4331,1.4326,1.4327,7676.653459
2026-04-25 05:40:00,1.4328,1.4337,1.4328,1.4328,4041.463955
2026-04-25 05:45:00,1.4327,1.4341,1.4323,1.4323,12780.207453
2026-04-25 05:50:00,1.4323,1.4327,1.4321,1.4322,11461.70845
2026-04-25 05:55:00,1.4323,1.4323,1.432,1.4323,4150.430326
2026-04-25 06:00:00,1.4324,1.4329,1.4324,1.4328,7310.660455
2026-04-25 06:05:00,1.4328,1.4337,1.4328,1.4334,5740.094303
2026-04-25 06:10:00,1.4334,1.4334,1.4333,1.4334,1306.48775
2026-04-25 06:15:00,1.4335,1.4336,1.4321,1.4321,6003.013001
2026-04-25 06:20:00,1.432,1.4324,1.4315,1.4315,8468.811376
2026-04-25 06:25:00,1.4316,1.432,1.4311,1.4317,4206.668971
2026-04-25 06:30:00,1.4317,1.433,1.4317,1.4328,7473.590337
2026-04-25 06:35:00,1.4328,1.4338,1.4325,1.4335,14431.205815
2026-04-25 06:40:00,1.4335,1.4335,1.4332,1.4332,3354.227896
2026-04-25 06:45:00,1.4332,1.434,1.4332,1.434,8969.108508
2026-04-25 06:50:00,1.4341,1.435,1.4331,1.4331,25790.815993
2026-04-25 06:55:00,1.4329,1.4337,1.4327,1.4327,7520.965364
2026-04-25 07:00:00,1.4326,1.4326,1.4313,1.4316,32061.192014
2026-04-25 07:05:00,1.4315,1.4322,1.4312,1.4317,12906.309364
2026-04-25 07:10:00,1.4318,1.4326,1.4318,1.4322,8344.309623
2026-04-25 07:15:00,1.4323,1.4328,1.4322,1.4327,11934.255148
2026-04-25 07:20:00,1.4327,1.433,1.4322,1.4329,7666.491457
2026-04-25 07:25:00,1.4331,1.4336,1.4323,1.4336,10341.111663
2026-04-25 07:30:00,1.4335,1.434,1.4332,1.434,7436.590179
2026-04-25 07:35:00,1.434,1.4347,1.4331,1.4341,29561.342784
2026-04-25 07:40:00,1.4341,1.4341,1.4337,1.4338,15322.571115
2026-04-25 07:45:00,1.4335,1.4338,1.4332,1.4338,4226.687066
2026-04-25 07:50:00,1.4337,1.434,1.4335,1.4337,4067.440738
2026-04-25 07:55:00,1.4337,1.4347,1.4335,1.4335,19735.301648
2026-04-25 08:00:00,1.4335,1.4337,1.4324,1.4326,6842.162679
2026-04-25 08:05:00,1.433,1.4336,1.4328,1.4329,5554.475479
2026-04-25 08:10:00,1.4331,1.4333,1.4326,1.4328,12390.995344
2026-04-25 08:15:00,1.4327,1.4329,1.4321,1.4322,5588.721009
2026-04-25 08:20:00,1.4322,1.4339,1.4322,1.4333,17515.408757
2026-04-25 08:25:00,1.4334,1.434,1.4334,1.4339,6649.84089
2026-04-25 08:30:00,1.434,1.4351,1.4338,1.434,19263.907391
2026-04-25 08:35:00,1.4341,1.435,1.4341,1.4346,19138.337538
2026-04-25 08:40:00,1.4346,1.4348,1.4343,1.4348,14540.739452
2026-04-25 08:45:00,1.4349,1.435,1.4348,1.4349,3494.599584
2026-04-25 08:50:00,1.435,1.435,1.4346,1.4347,9003.72318
2026-04-25 08:55:00,1.4347,1.4351,1.4347,1.4348,3044.268296
2026-04-25 09:00:00,1.4348,1.4349,1.4339,1.434,28862.952605
2026-04-25 09:05:00,1.434,1.4347,1.434,1.4344,6911.500326
2026-04-25 09:10:00,1.4343,1.4343,1.4336,1.4341,5788.8044
2026-04-25 09:15:00,1.4339,1.4345,1.4338,1.4344,2843.588913
2026-04-25 09:20:00,1.4344,1.4344,1.4334,1.4338,9535.212849
2026-04-25 09:25:00,1.4338,1.4338,1.4331,1.4331,2808.076191
2026-04-25 09:30:00,1.433,1.4337,1.433,1.4337,1938.963061
2026-04-25 09:35:00,1.4338,1.4368,1.4336,1.4358,21345.854322
2026-04-25 09:40:00,1.4359,1.436,1.4355,1.4358,8527.281131
2026-04-25 09:45:00,1.4359,1.4367,1.4356,1.4367,10299.596093
2026-04-25 09:50:00,1.4366,1.4366,1.4362,1.4364,6788.190675
2026-04-25 09:55:00,1.4365,1.4367,1.4353,1.4354,8689.337915
2026-04-25 10:00:00,1.4354,1.436,1.4351,1.4355,10688.73956
2026-04-25 10:05:00,1.4354,1.4357,1.435,1.435,17255.70214
2026-04-25 10:10:00,1.435,1.435,1.4349,1.4349,5976.230382
2026-04-25 10:15:00,1.4349,1.4349,1.4348,1.4348,6571.440033
2026-04-25 10:20:00,1.4348,1.4358,1.4348,1.4357,18913.704736
2026-04-25 10:25:00,1.4357,1.4365,1.4356,1.4356,5822.249927
2026-04-25 10:30:00,1.4355,1.4366,1.4355,1.4361,15879.547088
2026-04-25 10:35:00,1.4361,1.4365,1.4356,1.4356,6557.489642
2026-04-25 10:40:00,1.4355,1.4355,1.4348,1.435,8689.230461
2026-04-25 10:45:00,1.435,1.4356,1.435,1.4352,7582.384903
2026-04-25 10:50:00,1.4351,1.4355,1.4349,1.4354,14356.509621
2026-04-25 10:55:00,1.4354,1.4355,1.435,1.4354,5421.389349
2026-04-25 11:00:00,1.4354,1.4355,1.4338,1.4339,5356.181324
2026-04-25 11:05:00,1.4338,1.434,1.4332,1.4334,12254.176288
2026-04-25 11:10:00,1.4334,1.4334,1.4331,1.4331,18873.796485
2026-04-25 11:15:00,1.433,1.433,1.4327,1.4327,12614.901149
2026-04-25 11:20:00,1.4327,1.4327,1.4305,1.4312,26302.588722
2026-04-25 11:25:00,1.4313,1.4314,1.4309,1.4314,19284.209662
2026-04-25 11:30:00,1.4313,1.4314,1.431,1.4312,7309.494645
2026-04-25 11:35:00,1.4313,1.4314,1.4309,1.4313,6359.5336
2026-04-25 11:40:00,1.4311,1.4313,1.4299,1.4305,89466.63855
2026-04-25 11:45:00,1.4306,1.4309,1.4293,1.4308,43277.030865
2026-04-25 11:50:00,1.4307,1.4312,1.4302,1.4302,12044.417322
2026-04-25 11:55:00,1.4301,1.4309,1.4301,1.4309,10730.153391
2026-04-25 12:00:00,1.4308,1.4309,1.4289,1.4293,27298.522831
2026-04-25 12:05:00,1.4299,1.4308,1.4298,1.4301,11498.937891
2026-04-25 12:10:00,1.43,1.4309,1.4299,1.4306,30137.507968
2026-04-25 12:15:00,1.4307,1.4313,1.4306,1.4312,9508.019162
2026-04-25 12:20:00,1.4311,1.4315,1.4311,1.4314,8682.289323
2026-04-25 12:25:00,1.4313,1.4313,1.4298,1.4298,29801.554634
2026-04-25 12:30:00,1.4297,1.4307,1.4286,1.4298,27038.207818
2026-04-25 12:35:00,1.4298,1.4298,1.4286,1.4288,26548.223492
2026-04-25 12:40:00,1.4288,1.429,1.4281,1.4289,27314.358237
2026-04-25 12:45:00,1.4289,1.4298,1.4287,1.4296,11978.245602
2026-04-25 12:50:00,1.4297,1.4307,1.4296,1.4307,12011.728064
2026-04-25 12:55:00,1.4306,1.4306,1.4292,1.4293,29081.041762
2026-04-25 13:00:00,1.4293,1.4297,1.4287,1.4288,16597.546971
2026-04-25 13:05:00,1.4288,1.4297,1.4287,1.4297,18349.159402
2026-04-25 13:10:00,1.4297,1.4301,1.4295,1.4301,18431.021773
2026-04-25 13:15:00,1.4301,1.4301,1.4292,1.4298,9164.827564
2026-04-25 13:20:00,1.4299,1.4312,1.4299,1.4312,13235.162243
2026-04-25 13:25:00,1.4312,1.4314,1.4308,1.4308,17317.686573
2026-04-25 13:30:00,1.4307,1.431,1.4304,1.4306,12923.62984
2026-04-25 13:35:00,1.4308,1.4318,1.4306,1.4318,17236.867171
2026-04-25 13:40:00,1.4319,1.4322,1.4315,1.432,12592.733395
2026-04-25 13:45:00,1.4321,1.4321,1.4312,1.4312,3737.965797
2026-04-25 13:50:00,1.4311,1.4316,1.4308,1.4312,13337.977031
2026-04-25 13:55:00,1.4312,1.4317,1.431,1.4311,53069.561968
2026-04-25 14:00:00,1.4312,1.4313,1.4298,1.4298,15072.421512
2026-04-25 14:05:00,1.4299,1.4306,1.4294,1.4301,17258.014781
2026-04-25 14:10:00,1.4301,1.4301,1.4292,1.43,24754.557322
2026-04-25 14:15:00,1.4301,1.4303,1.4292,1.4292,21408.186826
2026-04-25 14:20:00,1.4292,1.4299,1.4292,1.4298,8104.224695
2026-04-25 14:25:00,1.4296,1.4309,1.4296,1.4309,4274.87373
2026-04-25 14:30:00,1.4309,1.4316,1.4308,1.431,24487.879367
2026-04-25 14:35:00,1.4308,1.432,1.4304,1.4312,32926.949636
2026-04-25 14:40:00,1.4312,1.4314,1.4305,1.4305,19182.439479
2026-04-25 14:45:00,1.4305,1.431,1.4305,1.4307,11140.193245
2026-04-25 14:50:00,1.4307,1.4307,1.4296,1.4297,24906.924811
2026-04-25 14:55:00,1.4297,1.4298,1.4291,1.4293,22670.761051
2026-04-25 15:00:00,1.4292,1.4292,1.4282,1.4289,48601.856655
2026-04-25 15:05:00,1.429,1.4301,1.429,1.4297,29662.273623
2026-04-25 15:10:00,1.4296,1.4307,1.4295,1.4303,26705.47165
2026-04-25 15:15:00,1.4302,1.4303,1.43,1.4301,10100.003809
2026-04-25 15:20:00,1.4302,1.4308,1.4302,1.4306,19057.123159
2026-04-25 15:25:00,1.4305,1.431,1.4305,1.4309,35081.275823
2026-04-25 15:30:00,1.4309,1.4312,1.4303,1.4306,11566.560514
2026-04-25 15:35:00,1.4306,1.4306,1.4298,1.4303,27876.874899
2026-04-25 15:40:00,1.4303,1.4308,1.4302,1.4304,8974.285709
2026-04-25 15:45:00,1.4304,1.4304,1.428,1.428,14484.583156
2026-04-25 15:50:00,1.4279,1.4279,1.4249,1.4259,69403.104239
2026-04-25 15:55:00,1.426,1.427,1.4245,1.4255,118712.5066
2026-04-25 16:00:00,1.4254,1.4279,1.4251,1.4266,71032.491673
2026-04-25 16:05:00,1.4263,1.4278,1.4256,1.4269,30483.794713
2026-04-25 16:10:00,1.4267,1.4275,1.4262,1.4275,36266.444706
2026-04-25 16:15:00,1.4276,1.428,1.4266,1.4268,18175.91881
2026-04-25 16:20:00,1.4268,1.4269,1.4265,1.4269,9747.774269
2026-04-25 16:25:00,1.4268,1.4268,1.4247,1.4258,47239.559338
2026-04-25 16:30:00,1.426,1.4262,1.4243,1.4247,41880.325284
2026-04-25 16:35:00,1.4248,1.4256,1.4202,1.4225,96516.445015
2026-04-25 16:40:00,1.4227,1.4236,1.4224,1.4232,31584.081576
2026-04-25 16:45:00,1.4236,1.424,1.4229,1.4237,23102.925506
2026-04-25 16:50:00,1.4236,1.4245,1.4236,1.4237,11898.809381
2026-04-25 16:55:00,1.4236,1.4248,1.4233,1.4243,12914.776425
2026-04-25 17:00:00,1.4243,1.4249,1.4235,1.424,23948.177279
2026-04-25 17:05:00,1.4239,1.4242,1.4233,1.4235,15879.250078
2026-04-25 17:10:00,1.4237,1.4237,1.4231,1.4231,7891.434405
2026-04-25 17:15:00,1.4231,1.4235,1.4224,1.4228,9595.566382
2026-04-25 17:20:00,1.4227,1.4244,1.4227,1.423,38368.644027
2026-04-25 17:25:00,1.4234,1.4238,1.4203,1.4205,34083.485926
2026-04-25 17:30:00,1.4205,1.4209,1.4191,1.4197,50314.409525
2026-04-25 17:35:00,1.4198,1.421,1.4198,1.4207,12299.20884
2026-04-25 17:40:00,1.4206,1.4208,1.4205,1.4206,10513.271458
2026-04-25 17:45:00,1.4204,1.4211,1.4203,1.4203,20745.664383
2026-04-25 17:50:00,1.4201,1.4201,1.4196,1.4201,19327.123636
2026-04-25 17:55:00,1.4201,1.4207,1.4198,1.4203,22362.097136
2026-04-25 18:00:00,1.4201,1.4214,1.4196,1.4206,19898.860189
2026-04-25 18:05:00,1.4206,1.4206,1.42,1.4205,10486.598594
2026-04-25 18:10:00,1.4204,1.4207,1.4204,1.4205,8527.892953
2026-04-25 18:15:00,1.4205,1.4209,1.4204,1.4209,16749.353942
2026-04-25 18:20:00,1.4209,1.4216,1.4205,1.421,32534.045711
2026-04-25 18:25:00,1.421,1.4219,1.421,1.4219,24383.353872
2026-04-25 18:30:00,1.4219,1.4227,1.4217,1.4221,33375.459754
2026-04-25 18:35:00,1.4223,1.4228,1.4218,1.4223,24764.925678
2026-04-25 18:40:00,1.4223,1.4228,1.4217,1.4218,16964.851308
2026-04-25 18:45:00,1.4219,1.4227,1.4219,1.4227,12234.406739
2026-04-25 18:50:00,1.4223,1.4224,1.4215,1.4222,19295.25943
2026-04-25 18:55:00,1.4219,1.4219,1.4211,1.4212,10513.946691
2026-04-25 19:00:00,1.4209,1.4214,1.4208,1.4213,4175.145771
2026-04-25 19:05:00,1.4213,1.4213,1.4198,1.4199,36802.766731
2026-04-25 19:10:00,1.4198,1.4209,1.4195,1.4205,30329.841649
2026-04-25 19:15:00,1.4208,1.4214,1.4204,1.4214,14810.681413
2026-04-25 19:20:00,1.4211,1.4213,1.4207,1.421,3326.95038
2026-04-25 19:25:00,1.4211,1.4213,1.4193,1.4194,19364.485323
2026-04-25 19:30:00,1.4193,1.4197,1.4193,1.4194,432.216492
2026-04-25 19:35:00,1.4197,1.4198,1.4193,1.4196,8876.823242
2026-04-25 19:40:00,1.4197,1.4199,1.4191,1.4193,12715.523872
2026-04-25 19:45:00,1.4193,1.4196,1.4192,1.4196,6055.644529
2026-04-25 19:50:00,1.4196,1.4205,1.4195,1.4204,10840.166707
2026-04-25 19:55:00,1.4208,1.4211,1.4203,1.4204,46352.049125
2026-04-25 20:00:00,1.4206,1.421,1.4194,1.4197,37730.525232
2026-04-25 20:05:00,1.4196,1.4205,1.4186,1.4204,25293.57864
2026-04-25 20:10:00,1.4204,1.4204,1.4196,1.4201,10457.968695
2026-04-25 20:15:00,1.4201,1.4205,1.42,1.4201,7609.065551
2026-04-25 20:20:00,1.4201,1.4212,1.4201,1.4208,17813.8362
2026-04-25 20:25:00,1.4208,1.4211,1.4204,1.4211,6182.469085
2026-04-25 20:30:00,1.421,1.421,1.4207,1.4207,3693.217129
2026-04-25 20:35:00,1.4207,1.4209,1.4207,1.4207,4529.863318
2026-04-25 20:40:00,1.4208,1.421,1.4205,1.4205,7870.459094
2026-04-25 20:45:00,1.4205,1.4214,1.4205,1.4207,12122.870801
2026-04-25 20:50:00,1.4206,1.4216,1.4206,1.4216,3806.078278
2026-04-25 20:55:00,1.4216,1.4222,1.4215,1.4222,4920.544228
2026-04-25 21:00:00,1.4222,1.4236,1.4222,1.4226,9728.480396
2026-04-25 21:05:00,1.4226,1.4233,1.4223,1.4226,22102.377334
2026-04-25 21:10:00,1.4226,1.4234,1.4224,1.4229,83426.086492
2026-04-25 21:15:00,1.423,1.423,1.4228,1.4228,2439.326369
2026-04-25 21:20:00,1.4228,1.4231,1.4226,1.4228,6490.255705
2026-04-25 21:25:00,1.4227,1.4227,1.4219,1.4223,31195.056199
2026-04-25 21:30:00,1.4225,1.4225,1.4221,1.4222,9512.303771
2026-04-25 21:35:00,1.4222,1.4226,1.4222,1.4225,4392.013798
2026-04-25 21:40:00,1.4225,1.4229,1.4219,1.422,25545.881359
2026-04-25 21:45:00,1.4224,1.4232,1.4224,1.4232,9650.547477
2026-04-25 21:50:00,1.4231,1.4231,1.4219,1.4227,15817.231937
2026-04-25 21:55:00,1.4227,1.4234,1.4225,1.4228,24547.653416
2026-04-25 22:00:00,1.4229,1.4233,1.4222,1.4231,29428.01612
2026-04-25 22:05:00,1.423,1.4235,1.4224,1.4226,17496.887072
2026-04-25 22:10:00,1.4227,1.4229,1.4224,1.4228,8356.433602
2026-04-25 22:15:00,1.4228,1.423,1.4226,1.423,8079.718629
2026-04-25 22:20:00,1.423,1.4235,1.4229,1.4235,17637.69403
2026-04-25 22:25:00,1.4234,1.4239,1.4232,1.4235,15470.239843
2026-04-25 22:30:00,1.4236,1.4256,1.4236,1.4256,40105.945472
2026-04-25 22:35:00,1.4256,1.4256,1.425,1.4251,6417.018815
2026-04-25 22:40:00,1.4251,1.4258,1.4248,1.4257,24823.976263
2026-04-25 22:45:00,1.4253,1.4253,1.4247,1.4247,9127.848375
2026-04-25 22:50:00,1.4247,1.4251,1.4247,1.4249,20493.1947
2026-04-25 22:55:00,1.425,1.4251,1.4233,1.4233,48450.414926
2026-04-25 23:00:00,1.4234,1.4237,1.4226,1.4234,7381.132715
2026-04-25 23:05:00,1.4234,1.4239,1.4233,1.4234,18045.448178
2026-04-25 23:10:00,1.4235,1.4236,1.4232,1.4235,12132.761917
2026-04-25 23:15:00,1.4235,1.4237,1.4227,1.4237,11177.409106
2026-04-25 23:20:00,1.4237,1.4238,1.4232,1.4236,11079.590191
2026-04-25 23:25:00,1.4235,1.4235,1.4232,1.4234,5714.22495
2026-04-25 23:30:00,1.4233,1.4235,1.4224,1.4234,20819.96443
2026-04-25 23:35:00,1.4235,1.4267,1.4234,1.4241,161683.170659
2026-04-25 23:40:00,1.4242,1.4247,1.4242,1.4244,7572.031239
2026-04-25 23:45:00,1.4244,1.4247,1.4242,1.4246,8066.618156
2026-04-25 23:50:00,1.4245,1.4246,1.4237,1.4239,26221.179424
2026-04-25 23:55:00,1.4238,1.4239,1.4235,1.4239,5220.521846
2026-04-26 00:00:00,1.4241,1.4241,1.4234,1.4235,21383.769711
2026-04-26 00:05:00,1.4235,1.4235,1.4224,1.4224,39951.495367
2026-04-26 00:10:00,1.4225,1.4227,1.4223,1.4225,13277.954629
2026-04-26 00:15:00,1.4223,1.4224,1.4218,1.4218,17695.809404
2026-04-26 00:20:00,1.4217,1.4223,1.4217,1.4218,7368.995207
2026-04-26 00:25:00,1.4218,1.4218,1.4215,1.4216,3316.29494
2026-04-26 00:30:00,1.4216,1.4224,1.4211,1.4224,25885.394733
2026-04-26 00:35:00,1.422,1.4228,1.422,1.4227,7188.916846
2026-04-26 00:40:00,1.4225,1.4229,1.4223,1.4227,14224.877712
2026-04-26 00:45:00,1.4227,1.4227,1.4219,1.4219,14593.995953
2026-04-26 00:50:00,1.4218,1.4224,1.4212,1.4212,13230.181497
2026-04-26 00:55:00,1.4212,1.4215,1.42,1.421,38598.008291
2026-04-26 01:00:00,1.421,1.4211,1.4205,1.4207,16044.024611
2026-04-26 01:05:00,1.4208,1.4224,1.4208,1.4209,74163.023491
2026-04-26 01:10:00,1.421,1.4214,1.4209,1.4211,9512.615569
2026-04-26 01:15:00,1.4211,1.4215,1.421,1.421,11775.887925
2026-04-26 01:20:00,1.421,1.4218,1.421,1.4213,14208.917352
2026-04-26 01:25:00,1.4212,1.4215,1.4205,1.4206,63042.826491
2026-04-26 01:30:00,1.4206,1.4212,1.4205,1.4212,9872.533017
2026-04-26 01:35:00,1.4212,1.4215,1.4212,1.4214,8813.718257
2026-04-26 01:40:00,1.4214,1.4215,1.4203,1.4207,10820.78951
2026-04-26 01:45:00,1.4207,1.4207,1.4194,1.4195,9426.598129
2026-04-26 01:50:00,1.4196,1.4207,1.4196,1.4205,17530.446594
2026-04-26 01:55:00,1.4205,1.4205,1.4189,1.4193,29858.451109
2026-04-26 02:00:00,1.4193,1.4199,1.4192,1.4199,11803.345675
2026-04-26 02:05:00,1.42,1.4207,1.4199,1.4207,9361.808104
2026-04-26 02:10:00,1.4207,1.4217,1.4205,1.4217,8654.218631
2026-04-26 02:15:00,1.4219,1.4219,1.4215,1.4215,5143.363115
2026-04-26 02:20:00,1.4215,1.4222,1.4214,1.4222,15072.403033
2026-04-26 02:25:00,1.4217,1.4219,1.4217,1.4218,2233.844147
2026-04-26 02:30:00,1.4219,1.4226,1.4218,1.4226,4104.393095
2026-04-26 02:35:00,1.4225,1.4225,1.4212,1.4215,20045.376533
2026-04-26 02:40:00,1.4215,1.4216,1.4211,1.4214,11839.584009
2026-04-26 02:45:00,1.4214,1.4214,1.4206,1.421,2434.660206
2026-04-26 02:50:00,1.4211,1.422,1.4211,1.4215,15384.832717
2026-04-26 02:55:00,1.4211,1.4217,1.4208,1.4217,15075.904825
2026-04-26 03:00:00,1.4222,1.4222,1.4212,1.4214,14283.067916
2026-04-26 03:05:00,1.4214,1.4218,1.4213,1.4218,3907.841126
2026-04-26 03:10:00,1.4218,1.4231,1.4218,1.4231,9756.26092
2026-04-26 03:15:00,1.4231,1.4236,1.4231,1.4236,9373.115899
2026-04-26 03:20:00,1.4237,1.424,1.4234,1.4238,10961.446301
2026-04-26 03:25:00,1.4238,1.4238,1.4223,1.4223,24680.161454
2026-04-26 03:30:00,1.422,1.422,1.4206,1.4206,32820.225419
2026-04-26 03:35:00,1.4206,1.4207,1.4181,1.4185,45354.8374
2026-04-26 03:40:00,1.4185,1.4187,1.4184,1.4186,12844.412789
2026-04-26 03:45:00,1.4186,1.4186,1.4183,1.4184,10471.349324
2026-04-26 03:50:00,1.4184,1.4187,1.4182,1.4185,9161.099614
2026-04-26 03:55:00,1.4185,1.4189,1.4183,1.4187,15500.784416
2026-04-26 04:00:00,1.4187,1.4196,1.4185,1.4189,20721.799174
2026-04-26 04:05:00,1.419,1.4203,1.419,1.4196,10789.492881
2026-04-26 04:10:00,1.4197,1.4208,1.4196,1.4197,5493.12871
2026-04-26 04:15:00,1.4199,1.4206,1.4198,1.4205,20507.086122
2026-04-26 04:20:00,1.4206,1.4206,1.4198,1.4199,3430.362527
2026-04-26 04:25:00,1.4199,1.4199,1.419,1.4191,14336.498327
2026-04-26 04:30:00,1.419,1.4191,1.4185,1.4188,4300.723189
2026-04-26 04:35:00,1.4188,1.4193,1.4187,1.4189,7067.38421
2026-04-26 04:40:00,1.4188,1.4206,1.4188,1.4203,12244.928692
2026-04-26 04:45:00,1.4203,1.4238,1.4199,1.4227,29874.551887
2026-04-26 04:50:00,1.4225,1.4238,1.4219,1.4227,37774.600203
2026-04-26 04:55:00,1.4226,1.4229,1.4222,1.4222,1681.917331
2026-04-26 05:00:00,1.4221,1.4224,1.4215,1.4216,26248.489374
2026-04-26 05:05:00,1.4217,1.4231,1.4213,1.423,18862.937723
2026-04-26 05:10:00,1.423,1.4274,1.4228,1.4271,66619.250909
2026-04-26 05:15:00,1.4271,1.429,1.4271,1.4285,78647.954568
2026-04-26 05:20:00,1.4282,1.429,1.4278,1.428,56272.040716
2026-04-26 05:25:00,1.4281,1.4296,1.4274,1.4275,30792.356777
2026-04-26 05:30:00,1.4275,1.4285,1.4265,1.4268,13622.535972
2026-04-26 05:35:00,1.4267,1.4269,1.4257,1.4268,22084.498696
2026-04-26 05:40:00,1.4268,1.4268,1.426,1.4262,8111.087438
2026-04-26 05:45:00,1.4261,1.4267,1.425,1.4267,15119.254719
2026-04-26 05:50:00,1.4268,1.4268,1.4259,1.426,7029.418751
2026-04-26 05:55:00,1.426,1.426,1.424,1.4257,58283.052784
2026-04-26 06:00:00,1.4261,1.4276,1.4258,1.4276,29501.331119
2026-04-26 06:05:00,1.4275,1.4279,1.4268,1.4268,9323.220078
2026-04-26 06:10:00,1.4271,1.4275,1.4267,1.4274,9798.507672
2026-04-26 06:15:00,1.4274,1.4274,1.4261,1.4262,7535.461544
2026-04-26 06:20:00,1.426,1.4265,1.4255,1.426,25831.724389
2026-04-26 06:25:00,1.426,1.4268,1.4259,1.4263,14388.865443
2026-04-26 06:30:00,1.4266,1.4267,1.4262,1.4263,3020.739536
2026-04-26 06:35:00,1.4263,1.4276,1.4263,1.4273,13876.684641
2026-04-26 06:40:00,1.4274,1.4284,1.4274,1.4279,10730.362449
2026-04-26 06:45:00,1.4279,1.4282,1.4267,1.4267,23729.264262
2026-04-26 06:50:00,1.4266,1.4273,1.4256,1.4271,24069.535877
2026-04-26 06:55:00,1.4271,1.4275,1.427,1.4275,14033.702513
2026-04-26 07:00:00,1.4276,1.4279,1.4267,1.4271,26763.34909
2026-04-26 07:05:00,1.4274,1.4279,1.4274,1.4276,3090.570941
2026-04-26 07:10:00,1.4278,1.4284,1.4277,1.4283,1209.632341
2026-04-26 07:15:00,1.4282,1.4284,1.4279,1.4284,5057.964901
2026-04-26 07:20:00,1.4283,1.4288,1.4283,1.4283,7905.506237
2026-04-26 07:25:00,1.4281,1.4282,1.4279,1.428,7203.910801
2026-04-26 07:30:00,1.428,1.428,1.4262,1.4266,26242.827297
2026-04-26 07:35:00,1.4267,1.427,1.4264,1.4265,2727.267285
2026-04-26 07:40:00,1.4264,1.4269,1.4264,1.4266,2360.181751
2026-04-26 07:45:00,1.4266,1.427,1.4265,1.427,5791.039035
2026-04-26 07:50:00,1.4269,1.4281,1.4269,1.4278,20808.34338
2026-04-26 07:55:00,1.4278,1.4295,1.4277,1.4291,27869.424915
2026-04-26 08:00:00,1.4292,1.4293,1.4287,1.4287,21375.536059
2026-04-26 08:05:00,1.4289,1.429,1.4277,1.4278,13552.508529
2026-04-26 08:10:00,1.4278,1.4279,1.4273,1.4277,39608.778086
2026-04-26 08:15:00,1.4277,1.4277,1.4267,1.4267,28051.931745
2026-04-26 08:20:00,1.4267,1.427,1.4259,1.4266,16800.793445
2026-04-26 08:25:00,1.4267,1.4269,1.4266,1.4267,7012.118873
2026-04-26 08:30:00,1.4269,1.4281,1.4269,1.428,203588.761125
2026-04-26 08:35:00,1.4282,1.4296,1.428,1.4285,59338.978798
2026-04-26 08:40:00,1.4285,1.4286,1.427,1.4275,23974.434128
2026-04-26 08:45:00,1.4275,1.4276,1.4268,1.4269,17344.367074
2026-04-26 08:50:00,1.427,1.428,1.4269,1.428,12531.213516
2026-04-26 08:55:00,1.4281,1.4281,1.425,1.4265,129644.707965
2026-04-26 09:00:00,1.4264,1.4268,1.4258,1.4266,6587.64992
2026-04-26 09:05:00,1.4268,1.4269,1.4255,1.4258,20296.993562
2026-04-26 09:10:00,1.4259,1.4267,1.4258,1.4267,14150.773951
2026-04-26 09:15:00,1.4267,1.4267,1.4257,1.426,16742.327873
2026-04-26 09:20:00,1.4261,1.427,1.4261,1.4269,3225.081261
2026-04-26 09:25:00,1.427,1.4278,1.427,1.4278,10243.246051
2026-04-26 09:30:00,1.4277,1.428,1.4273,1.4274,15666.432161
2026-04-26 09:35:00,1.4274,1.4277,1.4271,1.4271,6522.689366
2026-04-26 09:40:00,1.4272,1.428,1.4271,1.4278,11117.387163
2026-04-26 09:45:00,1.4277,1.4279,1.4275,1.4279,1892.064577
2026-04-26 09:50:00,1.4278,1.4283,1.4271,1.4282,24303.792716
2026-04-26 09:55:00,1.4282,1.4283,1.428,1.4282,7167.070406
2026-04-26 10:00:00,1.4282,1.4282,1.4266,1.4274,18098.439093
2026-04-26 10:05:00,1.4273,1.4287,1.4272,1.4282,4685.149848
2026-04-26 10:10:00,1.428,1.4284,1.4279,1.4283,9635.507372
2026-04-26 10:15:00,1.4283,1.4287,1.4283,1.4286,5667.407338
2026-04-26 10:20:00,1.4286,1.4287,1.4279,1.4279,2424.659488
2026-04-26 10:25:00,1.428,1.4284,1.4279,1.428,5052.199551
2026-04-26 10:30:00,1.4279,1.4279,1.4273,1.4276,3571.040268
2026-04-26 10:35:00,1.4277,1.4277,1.4275,1.4275,10575.146649
2026-04-26 10:40:00,1.4273,1.4278,1.4269,1.4273,38357.777654
2026-04-26 10:45:00,1.4274,1.4276,1.4274,1.4275,8546.27252
2026-04-26 10:50:00,1.4275,1.4275,1.4267,1.4267,18558.636717
2026-04-26 10:55:00,1.4268,1.4275,1.4268,1.4275,2905.619501
2026-04-26 11:00:00,1.4275,1.4284,1.4275,1.4278,24665.920358
2026-04-26 11:05:00,1.4279,1.4285,1.4278,1.4281,9810.073749
2026-04-26 11:10:00,1.4284,1.4286,1.4283,1.4284,14595.474287
2026-04-26 11:15:00,1.4284,1.4289,1.4282,1.4285,8320.609837
2026-04-26 11:20:00,1.4286,1.4309,1.4284,1.4306,27352.874383
2026-04-26 11:25:00,1.4307,1.4315,1.4307,1.4311,31995.659359
2026-04-26 11:30:00,1.4314,1.4316,1.4297,1.4305,22106.568067
2026-04-26 11:35:00,1.4305,1.4306,1.4301,1.4305,11029.883339
2026-04-26 11:40:00,1.4305,1.4309,1.4303,1.4305,17156.279808
2026-04-26 11:45:00,1.4305,1.4308,1.4298,1.4308,9630.291382
2026-04-26 11:50:00,1.4309,1.4315,1.4308,1.4311,7695.794022
2026-04-26 11:55:00,1.4313,1.4316,1.4306,1.4306,26423.925475
2026-04-26 12:00:00,1.4304,1.4314,1.4304,1.4307,10476.297177
2026-04-26 12:05:00,1.4307,1.4311,1.4299,1.4311,7858.60384
2026-04-26 12:10:00,1.4306,1.4306,1.4284,1.4291,176501.678036
2026-04-26 12:15:00,1.4294,1.4297,1.4289,1.4297,4397.70545
2026-04-26 12:20:00,1.4297,1.4301,1.4292,1.4294,18154.4011
2026-04-26 12:25:00,1.4294,1.4294,1.4264,1.427,202379.997948
2026-04-26 12:30:00,1.4269,1.427,1.4261,1.4264,26915.425933
2026-04-26 12:35:00,1.4262,1.427,1.4262,1.4264,13664.182677
2026-04-26 12:40:00,1.4265,1.4272,1.4265,1.4268,21905.320968
2026-04-26 12:45:00,1.4267,1.4267,1.4238,1.4247,68072.438218
2026-04-26 12:50:00,1.4248,1.4253,1.4245,1.4247,38505.087536
2026-04-26 12:55:00,1.4247,1.4252,1.4243,1.4249,24716.928215
2026-04-26 13:00:00,1.4249,1.425,1.4235,1.4241,47654.150485
2026-04-26 13:05:00,1.4241,1.4254,1.4239,1.4253,15961.511967
2026-04-26 13:10:00,1.4253,1.4257,1.425,1.4252,26121.862215
2026-04-26 13:15:00,1.4253,1.4256,1.4234,1.4244,24233.570262
2026-04-26 13:20:00,1.4244,1.4246,1.424,1.4241,9783.283919
2026-04-26 13:25:00,1.4241,1.4246,1.4234,1.4246,32643.927579
2026-04-26 13:30:00,1.4246,1.4254,1.424,1.4253,45677.778429
2026-04-26 13:35:00,1.4252,1.4252,1.4241,1.4248,34417.921309
2026-04-26 13:40:00,1.4248,1.4248,1.4242,1.4246,14545.375791
2026-04-26 13:45:00,1.4245,1.4245,1.4242,1.4242,18625.499352
2026-04-26 13:50:00,1.4241,1.4243,1.4234,1.4241,51503.169416
2026-04-26 13:55:00,1.4241,1.4244,1.4231,1.4244,36102.044123
2026-04-26 14:00:00,1.4243,1.4243,1.4235,1.4237,7497.414907
2026-04-26 14:05:00,1.4237,1.4256,1.4237,1.4255,47766.595404
2026-04-26 14:10:00,1.4254,1.4256,1.4249,1.4256,11387.836625
2026-04-26 14:15:00,1.4257,1.4273,1.425,1.4268,34100.823279
2026-04-26 14:20:00,1.427,1.4298,1.427,1.4284,41445.367924
2026-04-26 14:25:00,1.4285,1.4295,1.428,1.4283,50448.822586
2026-04-26 14:30:00,1.4284,1.4284,1.4275,1.4282,15464.089652
2026-04-26 14:35:00,1.4283,1.4288,1.4277,1.4285,20246.923111
2026-04-26 14:40:00,1.4285,1.4297,1.4284,1.4286,17412.061952
2026-04-26 14:45:00,1.4286,1.4286,1.4271,1.4275,25067.405027
2026-04-26 14:50:00,1.4275,1.4293,1.4275,1.4284,30162.522749
2026-04-26 14:55:00,1.4282,1.4283,1.4279,1.4283,4221.342246
